symbol,fiscal_year,company_name,announcement_id,predictive_value_score,confirmatory_value_score,faithful_representation_score,neutrality_score,completeness_score,understandability_score,comparability_score,timeliness_score,conservatism_score
آباد,1392,توریستی ورفاهی آبادگران ایران,2a9d70ddceb550283148763d,0.7816443473363932,,,,0.6666666666666666,1.0,,0.97669256381798,
آباد,1393,توریستی ورفاهی آبادگران ایران,604422a4ad273565c2d63fe5,0.707548045216801,9.583444851202715e-10,,,0.625,1.0,,0.9458128078817734,
آباد,1394,توریستی ورفاهی آبادگران ایران,03af73aaebfef632e564105d,,0.34656728733905634,1.0,1.0,0.8181818181818182,0.878252120166735,,0.922920892494929,0.1644427147373745
آباد,1395,توریستی ورفاهی آبادگران ایران,e5ca499ee05d406e8901d489,,,,,0.5555555555555556,1.0,0.570040839024973,0.9692603266090298,
آباد,1396,توریستی ورفاهی آبادگران ایران,2fd77f2062a96d2b66608e07,,,1.0,1.0,1.0,0.8329925017041594,0.5718468663493208,0.9329710144927537,1.0
آباد,1397,توریستی ورفاهی آبادگران ایران,f9a52c095e10bb6681d9eab7,0.9335512947671128,,,,1.0,1.0,0.9999999146141678,0.9593432369038312,
آباد,1398,توریستی ورفاهی آبادگران ایران,7860b9645d8eaf8dda8035af,0.9999998020888365,1.7038560924505534e-15,0.9844148599739262,0.9844148599739262,0.7857142857142857,0.30981120396162537,0.9975278818855307,0.908817635270541,0.8466585051528378
آباد,1399,توریستی ورفاهی آبادگران ایران,00f388426bcbb665c901ba16,0.9999995502352539,2.7607902206280225e-10,0.9999999941288815,0.9999999941288815,0.75,0.39984882842025377,0.9898829811430456,0.986013986013986,0.8008913153891329
آباد,1400,توریستی ورفاهی آبادگران ایران,ad496a5398161a5f003e4641,0.9999991716973801,0.4435467089712011,0.8649491657913332,0.8649491657913332,0.7272727272727273,0.0,1.0,0.9547079856972587,0.597882140101419
آباد,1401,توریستی ورفاهی آبادگران ایران,ee4d20b9f76287f62b34f0fc,,5.332491227650462e-10,0.7821774095345428,0.7821774095345428,0.9259259259259259,0.7657384987893442,0.999953732693018,0.9212765957446809,0.7873671014137712
آبادا,1393,تولید نیروی برق آبادان,cbdf918caaca0cf95638c908,0.8841808956016625,,,,0.625,1.0,,0.0,
آبادا,1394,تولید نیروی برق آبادان,c2ca671f83e13fd964c1caa4,0.8997547143243034,,,,0.7272727272727273,1.0,,0.0,
آبادا,1395,تولید نیروی برق آبادان,e3b38079afb784ea3f39a854,1.0,,,,0.8888888888888888,1.0,,0.0,
آبادا,1396,تولید نیروی برق آبادان,46a752b20f0b14d00cb2b9bc,1.0,,,,0.8888888888888888,1.0,,0.2617753623188406,
آبادا,1397,تولید نیروی برق آبادان,57a010019e8aebf251743215,0.9999999754448013,,,,1.0,1.0,,0.6520719311962471,
آبادا,1398,تولید نیروی برق آبادان,e8c46264dbfa7d85e33ca7c5,0.999999802097969,,0.9647655169021053,0.9647655169021053,0.6428571428571429,0.5286908077994453,,0.9118236472945892,0.8180649147473645
آبادا,1399,تولید نیروی برق آبادان,1216caa64f48a7d2d7e1831d,0.3029257608180327,7.456591162626614e-11,0.9999999713828146,0.9999999713828146,0.75,0.504157218442935,,0.9428904428904429,0.8008913005954161
آبادا,1400,تولید نیروی برق آبادان,61c7455054bc3e365138adf1,0.9999995303139267,2.3067580380836437e-16,0.8196910328911097,0.8196910328911097,0.8181818181818182,0.060003598416694746,,0.9427890345649583,0.5686958662863362
آبادا,1401,تولید نیروی برق آبادان,06761ab52d39fb8e56378e7d,,9.377169705863305e-10,0.9882135825858849,0.9882135825858849,0.8518518518518519,0.7796610169491517,0.5263848898584925,0.8680851063829788,0.6389162741168487
آلومینا,1396,آلومینای ایران,610365f32bddc83b100a7de4,,,,,0.8888888888888888,1.0,,0.0,
آلومینا,1397,آلومینای ایران,ef7d2a4317d8b383579862fa,,,,,,,,0.0,
آلومینا,1398,آلومینای ایران,fa6ea0a9c2a166a68679c278,0.9999996029664769,,0.9946382117458631,0.9946382117458631,0.8571428571428571,0.4448865897333848,,0.0,0.8348725990507407
آلومینا,1399,آلومینای ایران,798d282e8568775c371ce77b,0.3643920139838176,,0.7854098360264434,0.7854098360264434,0.8333333333333334,0.43586005830903374,,0.005827505827505797,0.6613249436295173
آلومینا,1400,آلومینای ایران,623bd717896dee7cdacf508b,0.9999998625448011,2.3067580380836437e-16,0.697803546909533,0.697803546909533,0.8181818181818182,0.060003598416694746,,0.433849821215733,0.4900925012661054
آلومینا,1401,آلومینای ایران,d60e46d087835d7a186db6fc,,3.5361307363702784e-09,0.9376268034508535,0.9376268034508535,0.8888888888888888,0.7507846829880711,,0.6340425531914894,0.6868633749674695
آپ,1392,آسان پرداخت پرشین,afbf934144a76e41792c4965,,,1.0,1.0,0.7777777777777778,0.7713529856386949,,0.0,0.6926854157910984
آپ,1393,آسان پرداخت پرشین,bc581a78364232f2c5ef564f,,,1.0,1.0,0.75,0.878252120166735,,0.4768472906403941,0.3433003559912075
آپ,1394,آسان پرداخت پرشین,f76d931eab82640619b1a9c5,,,1.0,1.0,0.8181818181818182,0.878252120166735,,0.8286004056795132,0.1644427147373745
آپ,1395,آسان پرداخت پرشین,bbef1fe8a159d5c2f7ec6c19,,,1.0,1.0,1.0,0.896518836432998,,0.9654178674351584,1.0
آپ,1396,آسان پرداخت پرشین,17c0851e5ea33bc4660bc730,,,1.0,1.0,1.0,0.8329925017041594,,0.9746376811594203,1.0
آپ,1397,آسان پرداخت پرشین,7e5a337d180509877569b772,0.99999999020753,,,,1.0,1.0,,0.9437060203283816,
آپ,1398,آسان پرداخت پرشین,608ce7fc20be0d6ad8b6952e,0.9999999689206723,,0.9828405519146767,0.9828405519146767,0.7857142857142857,0.4975755699989719,,0.8527054108216433,0.8282347197767642
آپ,1399,آسان پرداخت پرشین,3eb9a1523da7cb6192bbdcb6,0.9999997944636491,,0.8892549036071511,0.8892549036071511,0.75,0.504157218442935,,0.9044289044289044,0.8729186045934546
آپ,1400,آسان پرداخت پرشین,0ec807b375ce4916b3dddc0c,0.9999999423250855,,0.995694112505033,0.995694112505033,0.7272727272727273,0.17380352644837097,,0.902264600715137,0.687751206892019
آپ,1401,آسان پرداخت پرشین,40e75df38be7484d6c40b963,,,0.8255473679267529,0.8255473679267529,0.8888888888888888,0.794099183929693,,0.8340425531914893,0.7593268349037271
اتکام,1392,بیمه اتکایی امین,c2510e3a8dacf847e8802cc4,1.0,,0.6941235905914995,0.6941235905914995,0.1111111111111111,0.0,,0.2230854605993341,0.5237029448323183
اتکام,1393,بیمه اتکایی امین,64330ec5005374c806efd9b8,0.8990433543360236,,0.6787042852889784,0.6787042852889784,0.0,0.0,,0.6758620689655173,0.1300918076615776
اتکام,1394,بیمه اتکایی امین,f2f068036bd89d4527be7c50,1.0,,0.876185791990021,0.876185791990021,0.2727272727272727,0.36998706338938914,,0.9107505070993915,0.2678965782591346
اتکام,1395,بیمه اتکایی امین,7243c2cd94e47e4c29a60673,0.5847017362104172,,0.0,0.0,0.3333333333333333,0.0,,0.9173871277617676,0.0
اتکام,1396,بیمه اتکایی امین,51e5d4b1defc0c622ee89624,0.9325210092122774,,0.0,0.0,0.3333333333333333,0.0,,0.9284420289855072,0.0
اتکام,1397,بیمه اتکایی امین,7a2f21ce9c23482123d2b0ca,0.9999999068435477,,0.0,0.0,0.5,0.0,,0.9429241594996091,0.0
اتکام,1398,بیمه اتکایی امین,82cc82046d6061b06fff09a1,0.9999997666658021,,,,0.21428571428571427,0.20392904266236675,,0.9128256513026052,
اتکام,1399,بیمه اتکایی امین,73820f334a41ab679e2a9535,0.99999964207948,,,,0.08333333333333333,0.12352309344790542,,0.9125874125874126,
اتکام,1400,بیمه اتکایی امین,6eb6f95c81182cb5997190cc,0.9999998554744471,0.42132670978662906,0.6491408398402847,0.6491408398402847,0.2727272727272727,0.5424776734600514,,0.9058402860548271,0.45871066993343823
اتکام,1401,بیمه اتکایی امین,be2692d0a585b262331a677a,,0.798837741278786,0.539311154699121,0.539311154699121,0.7037037037037037,0.8859784283513115,,0.8574468085106383,0.34868441359443775
اردستان,1398,سیمان اردستان,d8cc9bb9f84ed2958af821ae,0.5462297294759592,,0.9465108485228131,0.9465108485228131,0.7857142857142857,0.4975755699989719,,0.4288577154308617,0.8077940401313743
اردستان,1399,سیمان اردستان,b8a40b1800894684ec924066,,,0.7572052768495902,0.7572052768495902,0.75,0.504157218442935,,0.7657342657342657,0.9588017944924366
اردستان,1400,سیمان اردستان,06c48a9d899d315f29d54a23,,,,,,,,0.936829558998808,
اردستان,1401,سیمان اردستان,acd48114660239109f57f282,,,0.6865289451852998,0.6865289451852998,0.8518518518518519,0.7796610169491517,,0.8936170212765957,0.44386610694357725
اسیاتک,1394,انتقال داده های آسیاتک,3c6963c3428335a9d7ffd3af,,,1.0,1.0,0.8181818181818182,0.878252120166735,,0.4401622718052738,0.1644427147373745
اسیاتک,1395,انتقال داده های آسیاتک,db2cf4fea904aea6c9862dc3,,,1.0,1.0,1.0,0.896518836432998,,0.8155619596541787,1.0
اسیاتک,1396,انتقال داده های آسیاتک,69febc44f7a1a262e5341be4,,,1.0,1.0,1.0,0.8329925017041594,,0.8523550724637681,1.0
اسیاتک,1397,انتقال داده های آسیاتک,4d015d9b023d37704fbf8ae6,0.9999999562651596,,,,1.0,1.0,,0.3017982799061767,
اسیاتک,1398,انتقال داده های آسیاتک,3f22727db455d69265a630d7,1.0,,0.9171925994665691,0.9171925994665691,0.6428571428571429,0.5286908077994453,,0.44889779559118237,0.7912983112712082
اسیاتک,1399,انتقال داده های آسیاتک,adc72ed284acd59c37fe9736,0.9999996835800312,,0.8145299242821089,0.8145299242821089,0.5833333333333334,0.544489795918368,,0.7074592074592074,0.9215186631256356
اسیاتک,1400,انتقال داده های آسیاتک,ac61967992fbc4802189d3e1,0.9999996710810645,,0.8901263536198067,0.8901263536198067,0.7272727272727273,0.17380352644837097,,0.8915375446960667,0.7558302309132165
اسیاتک,1401,انتقال داده های آسیاتک,2483c406c0cfac5505e4f3a1,,,0.9074744658699269,0.9074744658699269,0.8888888888888888,0.794099183929693,,0.8340425531914893,0.706357965532303
افق,1396,فروشگاههای زنجیره ای افق کوروش,a6a6875af6f538e792e24307,,,1.0,1.0,1.0,0.8329925017041594,,0.7690217391304348,1.0
افق,1397,فروشگاههای زنجیره ای افق کوروش,34c62d7151b2612538121496,0.9999999376124369,,,,1.0,1.0,,0.9648162627052385,
افق,1398,فروشگاههای زنجیره ای افق کوروش,85560ed5e7b4aab10959bcf7,0.9999995733400544,0.46011185369462765,0.8411818116729572,0.8411818116729572,0.7857142857142857,0.4975755699989719,,0.8637274549098196,0.9272476809953379
افق,1399,فروشگاههای زنجیره ای افق کوروش,ffd0780cb49559fc3f16e002,0.9999998799755032,4.678211298868099e-10,0.9024714111395424,0.9024714111395424,0.75,0.504157218442935,0.8928277793864025,0.9102564102564102,0.7374601189584893
افق,1400,فروشگاههای زنجیره ای افق کوروش,0d82a94d62770d64a8a3cbfe,0.999999714646037,0.8160151904826012,0.8172886437671605,0.8172886437671605,0.7272727272727273,0.17380352644837097,0.8512511735975408,0.9129916567342073,0.8028021497175029
افق,1401,فروشگاههای زنجیره ای افق کوروش,3104ef8000a296c6243b7f59,,8.706465321623197e-10,0.5706340897313624,0.5706340897313624,0.8518518518518519,0.7796610169491517,0.7485505422987042,0.8574468085106383,0.9241376053662509
البرز,1393,بیمه البرز,4fcd4a10869e90af22bc82b0,0.9901173482627729,,0.9432331185528041,0.9432331185528041,0.0,0.0,,0.9596059113300492,0.3056304343819429
البرز,1394,بیمه البرز,91d73b823002f54245c8bd79,0.9544912711661581,,0.9398033539662883,0.9398033539662883,0.2727272727272727,0.0,,0.9137931034482758,0.11414496859553123
البرز,1395,بیمه البرز,60596ddc06db467258743de2,0.9868069992851383,,0.09081852998385054,0.09081852998385054,0.3333333333333333,0.0,,0.9327569644572526,0.20180509773934657
البرز,1396,بیمه البرز,09a30248b527d58d9afe8a12,0.8826104165086891,,0.02723230508714436,0.02723230508714436,0.3333333333333333,0.0,,0.9501811594202898,0.42074223923370513
البرز,1397,بیمه البرز,96a6757d315d25acd82c093d,0.8483048727286456,,,,0.3,0.0,,0.944487881157154,
البرز,1398,بیمه البرز,6353e208f394757e8ade4936,0.9999968811567533,,,,0.21428571428571427,0.20392904266236675,,0.9038076152304609,
البرز,1399,بیمه البرز,ee1b25da72f2de7073e2b364,0.9999998454358935,,,,0.08333333333333333,0.12352309344790542,,0.9265734265734266,
البرز,1400,بیمه البرز,ec1f9876762fa77f1f35d0a1,0.9999999886643026,,0.8630758338096215,0.8630758338096215,0.2727272727272727,0.5424776734600514,,0.9249106078665077,0.7732746950885492
البرز,1401,بیمه البرز,9be4e86f576a68d9df22b948,,,0.9560570330439276,0.9560570330439276,0.7037037037037037,0.8859784283513115,,0.8531914893617021,0.6181258871156504
امید,1392,تامین سرمایه امید,47e2662f7f5a1df04c5af91e,,,1.0,1.0,0.7777777777777778,0.7713529856386949,,0.0,0.6926854157910984
امید,1393,تامین سرمایه امید,43925d1f62841275af45c937,,,1.0,1.0,0.75,0.878252120166735,,0.10640394088669947,0.3433003559912075
امید,1394,تامین سرمایه امید,ea2aca0a00159040c6ae9c2e,,,1.0,1.0,0.8181818181818182,0.878252120166735,,0.43306288032454365,0.1644427147373745
امید,1395,تامین سرمایه امید,bfee1992625152e91f676511,,,1.0,1.0,1.0,0.896518836432998,,0.8078770413064361,1.0
امید,1396,تامین سرمایه امید,e6a6cc4c8da9d9f47c5df74b,,,1.0,1.0,1.0,0.8329925017041594,,0.9601449275362319,1.0
امید,1397,تامین سرمایه امید,cfb9b19a1c44e64c9b1652f0,0.9999999598432255,,,,1.0,1.0,0.9999977950118553,0.9796716184519155,
امید,1398,تامین سرمایه امید,7f25c9c637e61a638cfc1beb,0.9999997142233236,0.49449419412494383,,,0.7142857142857143,1.0,0.7801815032799215,0.9569138276553106,
امید,1399,تامین سرمایه امید,d46dd5532f976f373b2efee1,0.6232156479801747,0.9705808101016676,0.6740851215708241,0.6740851215708241,0.75,0.504157218442935,0.6729327656299937,0.9533799533799534,0.5889209404770096
امید,1400,تامین سرمایه امید,bda4bee7eee9d79ceca5d3a0,0.9999999753273252,9.227032152334575e-16,0.25419282496412665,0.25419282496412665,0.7272727272727273,0.17380352644837097,0.5110865589121865,0.9761620977353993,0.20401476963389056
امید,1401,تامین سرمایه امید,895968b3e3030258f0ef42c2,,4.295944673329665e-09,0.6639933273464151,0.6639933273464151,0.8888888888888888,0.794099183929693,0.6140091188738819,0.8425531914893617,0.4292960046516569
امین,1396,تامین سرمایه امین,ae532c6c22c5ee98c54f6129,0.9614859777333638,,,,0.8888888888888888,1.0,,0.08333333333333337,
امین,1397,تامین سرمایه امین,662cf977627d86700afec0ea,0.9999999679220873,,,,1.0,1.0,,0.49804534792806876,
امین,1398,تامین سرمایه امین,af42785e68517834545ae5a7,0.9999998634848585,,,,0.7142857142857143,1.0,,0.7144288577154309,
امین,1399,تامین سرمایه امین,6c1604b0ae83b4ac8b69ac16,0.9999995290989598,0.15008981582073294,0.752176407401714,0.752176407401714,0.75,0.504157218442935,,0.9452214452214452,0.6397103966470248
امین,1400,تامین سرمایه امین,6b97cc7888670acb23769634,0.9999999557073465,0.06504439931420249,0.2566596311025886,0.2566596311025886,0.7272727272727273,0.17380352644837097,,0.9129916567342073,0.20560557497189696
امین,1401,تامین سرمایه امین,87c24bc75fb705991b6e62b9,,0.6490351825826979,0.6220726175847566,0.6220726175847566,0.8518518518518519,0.8246414602346824,0.7895470892437785,0.8574468085106383,0.4021927304594861
انرژی,1392,بورس انرژی ایران,59836a8eb6645e32fade7269,0.2977755225978751,,,,0.5555555555555556,0.8224489795918273,,0.97669256381798,
انرژی,1393,بورس انرژی ایران,97374fa3cb740d70f282919c,0.707548045216801,,,,0.625,0.9184993531694685,,0.9605911330049262,
انرژی,1394,بورس انرژی ایران,dd1a11efef618f1e97235dfd,,,1.0,1.0,0.8181818181818182,0.878252120166735,,0.9634888438133874,0.1644427147373745
انرژی,1395,بورس انرژی ایران,aabd96469c7e759a094b5516,,,1.0,1.0,1.0,0.896518836432998,,0.9500480307396734,1.0
انرژی,1396,بورس انرژی ایران,d84cc21dfaae55fe322ac4c3,,,1.0,1.0,1.0,0.8329925017041594,,0.9601449275362319,1.0
انرژی,1397,بورس انرژی ایران,d78dfe6f917a03fe901bb189,,,1.0,1.0,1.0,0.7732078302980719,,1.0,1.0
انرژی,1398,بورس انرژی ایران,39cf22b9931e581338356289,0.9999998829248145,,1.0,1.0,0.7857142857142857,0.4975755699989719,,0.9438877755511021,0.8378893755668346
انرژی,1399,بورس انرژی ایران,028440820de8d54705a59e32,0.9999999039547584,,0.7891402759592281,0.7891402759592281,0.75,0.504157218442935,,0.9627039627039627,0.6637511684437857
انرژی,1400,بورس انرژی ایران,44b16e89918c3fb50f8b16f4,0.9999999949470996,,0.7047513399755896,0.7047513399755896,0.7272727272727273,0.17380352644837097,,0.9261025029797378,0.494573026153942
انرژی,1401,بورس انرژی ایران,5ed251a913eeded14dc260d4,,,0.531935385259274,0.531935385259274,0.8888888888888888,0.794099183929693,,0.8531914893617021,0.34391570851661374
اپال,1396,فرآوری معدنی اپال کانی پارس,bc4e5ab1ff7448fa20ce535d,0.0,,,,0.8888888888888888,1.0,,0.09329710144927539,
اپال,1397,فرآوری معدنی اپال کانی پارس,cb08ec5256e01ec9b22fcec8,0.6776683530823315,,,,1.0,1.0,,0.506645817044566,
اپال,1398,فرآوری معدنی اپال کانی پارس,b8b4163da43671db0f5048a0,0.9999999468078653,,,,0.7142857142857143,1.0,,0.7254509018036073,
اپال,1399,فرآوری معدنی اپال کانی پارس,ae2c9bd7f0e902024c939d86,0.9999988430441195,0.03598079168384093,,,0.4166666666666667,1.0,,0.9172494172494172,
اپال,1400,فرآوری معدنی اپال کانی پارس,3a624027592044238569ab9c,0.9999996314399116,0.2121575352168508,,,0.36363636363636365,1.0,,0.9392133492252682,
اپال,1401,فرآوری معدنی اپال کانی پارس,3e6dc90e64e37737f3554e11,,0.5649675384636016,,,0.7407407407407407,1.0,0.11477234271397763,0.8702127659574468,
بالبر,1392,کابل  البرز,584063c190b958e892d9494e,0.9129825654850473,,0.6826135118659629,0.6826135118659629,1.0,0.9102744546094192,,0.9034406215316315,0.5173441623824637
بالبر,1393,کابل  البرز,f9cad35d7fb4d18722e24799,0.707548045216801,0.18795947014010633,0.8039300012652715,0.8039300012652715,1.0,0.9522237587545106,,0.9241379310344827,0.47341040068577445
بالبر,1394,کابل  البرز,42aca0d59112b54b58545c04,,0.024060965227990408,0.9569264012752103,0.9569264012752103,1.0,0.9522237587545106,,0.9503042596348884,0.2004331739543515
بالبر,1395,کابل  البرز,57dadc48cc10320c72fcb058,,,1.0,1.0,1.0,0.896518836432998,0.9910591656746516,0.9231508165225745,1.0
بالبر,1396,کابل  البرز,778421545c8d96dfbc39e8e7,,,1.0,1.0,1.0,0.8329925017041594,0.9906007603023538,0.9429347826086957,1.0
بالبر,1397,کابل  البرز,375ff732f2699b834202418c,,,,,1.0,1.0,0.999999958147957,0.9421422986708365,
بالبر,1398,کابل  البرز,e80e1c4785c0e5c67f4de798,,,,,,,0.9999999814866538,0.9258517034068137,
بالبر,1399,کابل  البرز,80acb50c14ce4b36265ba10f,0.0,,0.9709007136215804,0.9709007136215804,0.8333333333333334,0.43586005830903374,,0.9125874125874126,0.8198173366981713
بالبر,1400,کابل  البرز,f37c49c3b9653a64ae0c97dd,0.9999995232389592,0.0,0.9124041863907495,0.9124041863907495,0.8181818181818182,0.060003598416694746,,0.9094159713945172,0.6284851530045017
بالبر,1401,کابل  البرز,85d286ee7628f56c989f60da,,4.961152812771014e-10,0.9999999235828877,0.9999999235828877,0.9259259259259259,0.7657384987893442,,0.8531914893617021,0.6465365752420068
بترانس,1392,ایران  ترانسفو,38d9f361de4b89e8f05c0c6c,0.6511858867184849,,0.9898467501365195,0.9898467501365195,1.0,0.9102744546094192,,0.902330743618202,0.6982946134847378
بترانس,1393,ایران  ترانسفو,b9e9265b8fd062e30c740803,,,0.9989408965945031,0.9989408965945031,1.0,0.9522237587545106,,0.9399014778325123,0.3440031661728498
بترانس,1394,ایران  ترانسفو,b859ea9d8fe6c0b47645cfb8,,,1.0,1.0,0.8181818181818182,0.878252120166735,,0.9148073022312373,0.1644427147373745
بترانس,1395,ایران  ترانسفو,186fb41e00380ed89816743a,,,1.0,1.0,1.0,0.896518836432998,,0.9317963496637849,1.0
بترانس,1396,ایران  ترانسفو,2dd2af3d2b315ce9695936fd,,,1.0,1.0,1.0,0.8329925017041594,,0.9556159420289855,1.0
بترانس,1397,ایران  ترانسفو,e98777ef1b76eccb4ad26f97,0.999999760106768,,,,1.0,1.0,,0.9452697419859265,
بترانس,1398,ایران  ترانسفو,2c3b11cd25647a93b5a3b995,0.9999998181504169,,0.6660587213472959,0.6660587213472959,0.7857142857142857,0.4975755699989719,,0.9238476953907816,0.6499994106066317
بترانس,1399,ایران  ترانسفو,fe69989a9386156a19e70f60,0.9999998688232065,,0.8366423521209124,0.8366423521209124,0.75,0.504157218442935,,0.9300699300699301,0.6946458398469841
بترانس,1400,ایران  ترانسفو,27c2bd1f180f151188d3cf6e,0.9999999760821207,,0.680890622939011,0.680890622939011,0.7272727272727273,0.17380352644837097,,0.9249106078665077,0.4791856167265778
بترانس,1401,ایران  ترانسفو,326337263f92f4247adb80db,,,0.6163213953930087,0.6163213953930087,0.8518518518518519,0.7796610169491517,,0.8808510638297873,0.39847435467603
برکت,1394,گروه دارویی برکت,47619a5b4f65d86cf308e6b3,,,1.0,1.0,0.5454545454545454,0.8324708926261227,,0.7423935091277891,0.1644427147373745
برکت,1395,گروه دارویی برکت,d02ac2d1d203b799e1c69f2f,,,1.0,1.0,0.6666666666666666,0.8497854077253144,,0.9289145052833814,1.0
برکت,1396,گروه دارویی برکت,321eafb7d38799376fd44297,,,1.0,1.0,0.6666666666666666,0.7895705521472348,,0.9347826086956522,1.0
برکت,1397,گروه دارویی برکت,865cd6f25e97740283e48596,,,1.0,1.0,0.8,0.7142418661755624,,0.9468334636434714,1.0
برکت,1398,گروه دارویی برکت,6569a8df88af50290cb9d42e,0.9999999615526372,,,,0.5,0.8801017318638765,,0.9138276553106213,
برکت,1399,گروه دارویی برکت,cdbb1d9d5f6a944fdd173aa2,0.9999976470899008,,,,0.4166666666666667,1.0,,0.9358974358974359,
برکت,1400,گروه دارویی برکت,56cc51251f1f498d72f2ad56,0.9999998103643686,,,,0.36363636363636365,1.0,,0.9201430274135876,
برکت,1401,گروه دارویی برکت,dc1bfdb9e97757f003352063,,,,,0.7407407407407407,1.0,,0.8702127659574468,
بسویچ,1392,پارس سویچ,fc6a8f8d775cab2aa1f4a760,0.6511858867184849,,0.9077035767244827,0.9077035767244827,1.0,0.9102744546094192,,0.9345172031076582,0.641695940349319
بسویچ,1393,پارس سویچ,51e8697a8ff591ee8f51aac5,,,0.7129894995994674,0.7129894995994674,1.0,0.9522237587545106,,0.9310344827586207,0.5337575869592465
بسویچ,1394,پارس سویچ,ab5a1e195ba41f5dd421c134,,,1.0,1.0,0.8181818181818182,0.878252120166735,,0.9594320486815415,0.1644427147373745
بسویچ,1395,پارس سویچ,f935f8f114b56af0f0a62757,,,1.0,1.0,1.0,0.896518836432998,,0.9327569644572526,1.0
بسویچ,1396,پارس سویچ,73282e34d83782592e28dd04,,,1.0,1.0,1.0,0.8329925017041594,,0.9239130434782609,1.0
بسویچ,1397,پارس سویچ,dbce0bdff428b3bd82652b14,0.7624668207152194,,,,1.0,1.0,,0.9397967161845191,
بسویچ,1398,پارس سویچ,6514bb89bb2efe21d91c1b78,0.9999998945881703,,0.67096899255687,0.67096899255687,0.8571428571428571,0.4448865897333848,,0.9188376753507014,0.6527621438908613
بسویچ,1399,پارس سویچ,0d62d128e2bf87d1dd65fab9,0.9999995341480916,,0.6769303261271964,0.6769303261271964,0.8333333333333334,0.43586005830903374,,0.9055944055944056,0.5907714208548528
بسویچ,1400,پارس سویچ,396785f778f8d2f2fd1cedb0,0.9999999331672519,,0.9999989647822826,0.9999989647822826,0.8181818181818182,0.060003598416694746,,0.8605482717520858,0.6849736783385675
بسویچ,1401,پارس سویچ,72620ddda7923e41baeb4788,,,0.7391203608942369,0.7391203608942369,0.8888888888888888,0.7507846829880711,,0.7914893617021277,0.47786838334151793
بشهاب,1392,لامپ   پارس  شهاب,56f124c5d3f63b3eac3acf71,0.6511858867184849,,0.7952411283584427,0.7952411283584427,1.0,0.9102744546094192,,0.9145394006659268,0.5795656752147254
بشهاب,1393,لامپ   پارس  شهاب,5570866845728bc3a792c0d3,,2.2992504967916606e-10,0.8990224031989952,0.8990224031989952,1.0,0.9522237587545106,,0.9408866995073891,0.4103080558826321
بشهاب,1394,لامپ   پارس  شهاب,a9ae2ef3cf53c6550f46cd18,,,1.0,1.0,0.8181818181818182,0.878252120166735,,0.9350912778904665,0.1644427147373745
بشهاب,1395,لامپ   پارس  شهاب,6b5941a64d3459d29e5a4e4a,,,1.0,1.0,1.0,0.896518836432998,1.0,0.9289145052833814,1.0
بشهاب,1396,لامپ   پارس  شهاب,97b2cecf31f6579bd1ee2130,,,1.0,1.0,1.0,0.8329925017041594,1.0,0.9384057971014492,1.0
بشهاب,1397,لامپ   پارس  شهاب,2e45b71470effa40451fae2e,0.9999999875538007,,,,1.0,1.0,0.9999994656498524,0.9515246286161063,
بشهاب,1398,لامپ   پارس  شهاب,a119178316a2ec587bbdbff2,0.9999989393094681,1.911868929417247e-10,0.9513732705636126,0.9513732705636126,0.7857142857142857,0.4975755699989719,0.9773364014647842,0.9258517034068137,0.8105298513810452
بشهاب,1399,لامپ   پارس  شهاب,af6eb609a18a72dc00c21ba6,1.0,0.6385717896387177,0.7171772531999862,0.7171772531999862,0.75,0.504157218442935,0.6055210538780813,0.9289044289044289,0.6169474469862176
بشهاب,1400,لامپ   پارس  شهاب,6126370e2e27b3cd442b7be9,0.9999997294737306,0.07606002210844429,0.690457689113622,0.690457689113622,0.7272727272727273,0.17380352644837097,0.6191180135720238,0.9189511323003575,0.48535527055641653
بشهاب,1401,لامپ   پارس  شهاب,071ef4b916bcd47432cec909,,7.594440705198742e-10,0.3702487863017937,0.3702487863017937,0.8518518518518519,0.7796610169491517,0.8005739632801282,0.8680851063829788,0.23937940057575385
بموتو,1392,موتوژن,64ebb5d6fb1e44d402aca000,0.9659859217790098,,0.7071026677084099,0.7071026677084099,1.0,0.9102744546094192,,0.9822419533851277,0.53087328047939
بموتو,1393,موتوژن,5684f04f39f1d9aebfe3e145,0.707548045216801,,0.8405779515847757,0.8405779515847757,1.0,0.9522237587545106,,0.9842364532019704,0.2375095160949542
بموتو,1394,موتوژن,a1cc350ef9c34ca9352a5faa,,,0.9791003445331493,0.9791003445331493,1.0,0.9522237587545106,,0.9797160243407708,0.18190557412218042
بموتو,1395,موتوژن,9be9f83edf908ce56a35f14c,,,1.0,1.0,1.0,0.896518836432998,,0.9702209414024976,1.0
بموتو,1396,موتوژن,a4010d055b99a923853e9fe3,,,1.0,1.0,1.0,0.8329925017041594,,0.9882246376811594,1.0
بموتو,1397,موتوژن,fb4d1f2c3f0f298e0c53193c,,,,,1.0,1.0,,1.0,
بموتو,1398,موتوژن,43029b8e13c6b2f334071456,,,,,,,,0.9549098196392786,
بموتو,1399,موتوژن,0de5a99ce4b5854f03d1e64c,0.9999995193526363,,0.905793665348867,0.905793665348867,0.8333333333333334,0.43586005830903374,,0.9254079254079254,0.7396208656122906
بموتو,1400,موتوژن,95d3d0d0d06c7cce20ff6004,0.9999998711971017,,0.11164481369576162,0.11164481369576162,0.7272727272727273,0.17380352644837097,,0.9535160905840286,0.11208774962521756
بموتو,1401,موتوژن,3c85230b1ff95c43759ab436,,,0.9280952658121401,0.9280952658121401,0.9259259259259259,0.7657384987893442,,0.9319148936170213,0.693025863140113
بوعلی,1392,پتروشیمی بوعلی سینا,dd7c92687515bbe97762c0ca,0.6511858867184849,,0.9627174748034584,0.9627174748034584,1.0,0.9102744546094192,,0.6803551609322974,0.6720885569372966
بوعلی,1393,پتروشیمی بوعلی سینا,dc05c297548972dc6fd6ac1a,,,0.9584059078967265,0.9584059078967265,1.0,0.9522237587545106,,0.9458128078817734,0.3709017698613056
بوعلی,1394,پتروشیمی بوعلی سینا,bfe2b931428316855d9e8f39,,,1.0,1.0,0.8181818181818182,0.878252120166735,,0.9584178498985801,0.1644427147373745
بوعلی,1395,پتروشیمی بوعلی سینا,f8fcfad7d2db3f751e042da1,,,1.0,1.0,1.0,0.896518836432998,,0.9462055715658021,1.0
بوعلی,1396,پتروشیمی بوعلی سینا,1a4ce1c7eb4742b2a3ed286c,,,1.0,1.0,1.0,0.8329925017041594,,0.9483695652173914,1.0
بوعلی,1397,پتروشیمی بوعلی سینا,a15793af8d2ea2ef858ca824,0.9999997713195435,,,,1.0,1.0,,0.9577795152462861,
بوعلی,1398,پتروشیمی بوعلی سینا,b4891e98764f6f1084176c57,0.9999996511407377,,0.9448147323145879,0.9448147323145879,0.7857142857142857,0.4975755699989719,,0.7755511022044088,0.8689392684904863
بوعلی,1399,پتروشیمی بوعلی سینا,8ebc636ca0510348d872abc9,0.999999681438129,,0.8627659444053613,0.8627659444053613,0.8333333333333334,0.43586005830903374,,0.9335664335664335,0.8901466450598654
بوعلی,1400,پتروشیمی بوعلی سینا,95148ce8c91269e823bf99d6,0.9999994210608953,,0.789674695917437,0.789674695917437,0.7272727272727273,0.17380352644837097,,0.9261025029797378,0.5493387922379925
بوعلی,1401,پتروشیمی بوعلی سینا,0a9bcd0c7f02d2a33ca1f650,,,0.5717440101849794,0.5717440101849794,0.8518518518518519,0.7796610169491517,,0.8787234042553191,0.3696534425079762
بپویا,1400,دانش محور پویا نیرو,2948ff7fc923d59a577f4986,0.0,,0.8975131930472628,0.8975131930472628,0.5454545454545454,0.24100755667506804,,0.0,0.6188821804280649
بپویا,1401,دانش محور پویا نیرو,492f63d2738803a0bd8d3731,,,0.507889441904632,0.507889441904632,0.7777777777777778,0.7959039548022572,,0.0,0.964704318186902
بکاب,1392,صنایع جوشکاب یزد,e50b06fe065ccde4f937a2b6,0.5072380712392794,,0.9227249314352756,0.9227249314352756,1.0,0.9102744546094192,,0.8546059933407325,0.7353762923278929
بکاب,1393,صنایع جوشکاب یزد,a77d607c31f0a6add86d89fc,0.707548045216801,2.7519336993885654e-10,0.676248697816959,0.676248697816959,1.0,0.9522237587545106,,0.9231527093596059,0.12846230494419278
بکاب,1394,صنایع جوشکاب یزد,a6d4052e8eb40f9177bd74e8,,7.108687756900019e-10,0.973835106522988,0.973835106522988,1.0,0.9522237587545106,,0.9188640973630832,0.18630498210021246
بکاب,1395,صنایع جوشکاب یزد,bdf4cfafffd48d3cfd81db34,,,1.0,1.0,1.0,0.896518836432998,0.590928215669456,0.9212295869356388,1.0
بکاب,1396,صنایع جوشکاب یزد,98fc4ba532fa475bc2968416,,,1.0,1.0,1.0,0.8329925017041594,0.6039857080241111,0.9347826086956522,1.0
بکاب,1397,صنایع جوشکاب یزد,3aa82735435ad6d99b9379d1,,,,,1.0,1.0,0.99999980682526,0.9437060203283816,
بکاب,1398,صنایع جوشکاب یزد,785f0a0dfd15127bfff241f5,,,,,,,0.9999999484090639,0.9188376753507014,
بکاب,1399,صنایع جوشکاب یزد,8e73a4a47b41da688d9e763b,0.9999997990825789,,0.6288323022997525,0.6288323022997525,0.75,0.504157218442935,,0.9090909090909091,0.5594891536075385
بکاب,1400,صنایع جوشکاب یزد,735026421818f85a47d79670,0.9999998174048886,8.104442586206074e-10,0.63926839250058,0.63926839250058,0.7272727272727273,0.17380352644837097,,0.9070321811680572,0.45234408048714253
بکاب,1401,صنایع جوشکاب یزد,87ce9d86656635409c7a98da,,1.2975764744016276e-09,0.6213336512302812,0.6213336512302812,0.8888888888888888,0.794099183929693,,0.848936170212766,0.4017149616469348
بکام,1392,کارخانجات تولیدی شهید قندی,94a985ecb70a7357b760a57e,0.6511858867184849,,0.920113643039949,0.920113643039949,1.0,0.9102744546094192,,0.9422863485016648,0.7368189075537012
بکام,1393,کارخانجات تولیدی شهید قندی,d041d5ac5d1eafee47f01d5b,,,0.9836210351700506,0.9836210351700506,1.0,0.9522237587545106,,0.9507389162561576,0.3541692694396064
بکام,1394,کارخانجات تولیدی شهید قندی,e0413cc4c1e2f0219f8fd53d,,,1.0,1.0,0.8181818181818182,0.878252120166735,,0.947261663286004,0.1644427147373745
بکام,1395,کارخانجات تولیدی شهید قندی,06b15efa561ea33d572fdd3b,,,1.0,1.0,1.0,0.896518836432998,,0.9452449567723343,1.0
بکام,1396,کارخانجات تولیدی شهید قندی,6413d14f8e4735fff7bd69bd,,,1.0,1.0,1.0,0.8329925017041594,,0.9719202898550725,1.0
بکام,1397,کارخانجات تولیدی شهید قندی,fd383ea2aca1682cae2f3a15,0.656312265983768,,,,1.0,1.0,,0.9726348709929633,
بکام,1398,کارخانجات تولیدی شهید قندی,2de787825d4e0db89035ae91,0.9999996190889581,,0.9133166693174991,0.9133166693174991,0.7857142857142857,0.4975755699989719,,0.9539078156312625,0.7891175434942054
بکام,1399,کارخانجات تولیدی شهید قندی,8e1b1e824fe5e0f41f07458e,0.9999997386084432,,0.8726598781224526,0.8726598781224526,0.75,0.504157218442935,,0.9358974358974359,0.7180711239711188
بکام,1400,کارخانجات تولیدی شهید قندی,356dfcb14569753144359ae5,0.9999990734911992,,0.9356195385357335,0.9356195385357335,0.7272727272727273,0.17380352644837097,,0.9499404052443385,0.7264923756684217
بکام,1401,کارخانجات تولیدی شهید قندی,86a7d931bc4538a6ed54906a,,,0.8401587789264147,0.8401587789264147,0.8518518518518519,0.7796610169491517,,0.9297872340425531,0.543193421095863
تاصیکو,1392,سرمایه گذاری صدرتامین,9271f83759c5c56843664cf9,,,,,0.2222222222222222,0.9165120593691957,,0.8379578246392897,
تاصیکو,1397,سرمایه گذاری صدرتامین,1310a9d963be6c5e849c126f,,,1.0,1.0,0.8,0.7142418661755624,,0.7693510555121188,1.0
تاصیکو,1398,سرمایه گذاری صدرتامین,ca9dc352e7be3681904e9552,0.9999995949900665,,,,0.5,0.8801017318638765,,0.9428857715430862,
تاصیکو,1399,سرمایه گذاری صدرتامین,99e1fca4aa9726e95fbeb0b0,0.9999995388453725,,,,0.4166666666666667,1.0,,0.9393939393939394,
تاصیکو,1400,سرمایه گذاری صدرتامین,60324451e548d7a6b26af705,0.9999998828989702,,,,0.36363636363636365,1.0,,0.9404052443384983,
تاصیکو,1401,سرمایه گذاری صدرتامین,353dbdd8d0ef65d6c460bc82,,,,,0.7407407407407407,1.0,,0.8829787234042553,
تاپیکو,1392,س. نفت و گاز و پتروشیمی تأمین,b86acb80e1003f7a786365f9,0.5819295201601938,,,,0.2222222222222222,0.9165120593691957,,0.9056603773584906,
تاپیکو,1393,س. نفت و گاز و پتروشیمی تأمین,99e2df8a6be77c850d735cd6,0.9179453670490333,2.2616505660526547e-10,,,0.25,0.8759772765622277,,0.916256157635468,
تاپیکو,1394,س. نفت و گاز و پتروشیمی تأمین,755444a1f349f530aa583fc3,0.0,3.398707247780293e-09,,,0.36363636363636365,0.8592261554745322,,0.9168356997971603,
تاپیکو,1395,س. نفت و گاز و پتروشیمی تأمین,6b09a8710139dbd1f6ebddba,,0.38206541013314127,1.0,1.0,0.6666666666666666,0.8497854077253144,0.06327805474521953,0.909702209414025,1.0
تاپیکو,1396,س. نفت و گاز و پتروشیمی تأمین,ad4e7911ec283212dde01699,,,1.0,1.0,0.6666666666666666,0.7895705521472348,0.010656398359039199,0.9230072463768116,1.0
تاپیکو,1397,س. نفت و گاز و پتروشیمی تأمین,62226c9ab24cbe26fbd40316,,,1.0,1.0,0.8,0.7142418661755624,0.0,0.9577795152462861,1.0
تاپیکو,1398,س. نفت و گاز و پتروشیمی تأمین,93bb4de7666f503a2137be18,0.9999998583242011,,,,0.5,0.8801017318638765,0.6659333703240423,0.9448897795591182,
تاپیکو,1399,س. نفت و گاز و پتروشیمی تأمین,9921b7314843771a7dcc9d80,0.9999992718560509,0.5709698528647958,,,0.4166666666666667,1.0,0.8155644345185543,0.9312354312354312,
تاپیکو,1400,س. نفت و گاز و پتروشیمی تأمین,9ebf7adcc01b144029937a99,0.9999998830943251,0.01435380971236618,,,0.36363636363636365,1.0,0.31044783285291055,0.934445768772348,
تاپیکو,1401,س. نفت و گاز و پتروشیمی تأمین,18d0f6fb91547804aabddc4f,,0.9900087434347571,,,0.7407407407407407,1.0,0.5957582056266519,0.8936170212765957,
تایرا,1392,تراکتورسازی ایران,0cca73b2eae4406ae652e5aa,0.6511858867184849,,0.4889491424206881,0.4889491424206881,1.0,0.9102744546094192,,0.9267480577136515,0.9750172140044845
تایرا,1393,تراکتورسازی ایران,0a11315f82894a90cfc9c197,,,0.9475776322483754,0.9475776322483754,1.0,0.9522237587545106,,0.9379310344827586,0.37808730277130553
تایرا,1394,تراکتورسازی ایران,c2c9e875473cf3885009f842,,,1.0,1.0,0.8181818181818182,0.878252120166735,,0.9482758620689655,0.1644427147373745
تایرا,1395,تراکتورسازی ایران,8c1b839ba957ba9bf4198c93,,,1.0,1.0,1.0,0.896518836432998,,0.9423631123919308,1.0
تایرا,1396,تراکتورسازی ایران,460570ce38a4d1232e7f4b17,,,1.0,1.0,1.0,0.8329925017041594,,0.9501811594202898,1.0
تایرا,1397,تراکتورسازی ایران,f3d5f754455186fb204a7015,0.99999978621047,,,,1.0,1.0,,0.9554339327599687,
تایرا,1398,تراکتورسازی ایران,06cbf240f25270576070aa4c,0.9999998071304543,,0.9387454180719618,0.9387454180719618,0.7857142857142857,0.4975755699989719,,0.9298597194388778,0.8034248694160979
تایرا,1399,تراکتورسازی ایران,113f748fc131963a8fa706d6,0.9999999803261203,,0.40984071191306937,0.40984071191306937,0.75,0.504157218442935,,0.9102564102564102,0.4170601531985489
تایرا,1400,تراکتورسازی ایران,8309992d5a693b573dc3044c,0.9999992087162667,,0.8032591948339521,0.8032591948339521,0.7272727272727273,0.17380352644837097,,0.9117997616209773,0.558099226653
تایرا,1401,تراکتورسازی ایران,8b705353148e0116d9ac1800,,,0.6556868376004733,0.6556868376004733,0.8518518518518519,0.7796610169491517,,0.8574468085106383,0.4239255548086385
تملت,1396,تامین سرمایه بانک ملت,2919769228b43b12aed2bd53,,,,,,,,0.3813405797101449,
تملت,1397,تامین سرمایه بانک ملت,ea517f604bd0b10b8c65cfdb,,,,,,,,0.7552775605942142,
تملت,1398,تامین سرمایه بانک ملت,c01a433eb332b8d199622fc7,,,0.8414091813133247,0.8414091813133247,0.7857142857142857,0.4975755699989719,,0.9779559118236473,0.748659246586468
تملت,1399,تامین سرمایه بانک ملت,76cd70fb867f486632dbdbfa,,,,,,,,0.9755244755244755,
تملت,1400,تامین سرمایه بانک ملت,01474fdda2fdaf7dbd75852f,,,0.5559608156863711,0.5559608156863711,0.7272727272727273,0.17380352644837097,,0.966626936829559,0.398620305511031
تنوین,1392,تامین سرمایه نوین,34a6d95b1d6a94ce00148b65,,,1.0,1.0,0.7777777777777778,0.7713529856386949,,0.0,0.6926854157910984
تنوین,1393,تامین سرمایه نوین,0bbd79c5903c41190abf110a,,,1.0,1.0,0.75,0.878252120166735,,0.0,0.3433003559912075
تنوین,1394,تامین سرمایه نوین,9c2c1327e695798a16a1aec7,,,1.0,1.0,0.8181818181818182,0.878252120166735,,0.0,0.1644427147373745
تنوین,1395,تامین سرمایه نوین,590326c9a762145f368d4b2e,,,1.0,1.0,1.0,0.896518836432998,,0.3948126801152738,1.0
تنوین,1396,تامین سرمایه نوین,43b403888f2dd52081031af1,,,1.0,1.0,1.0,0.8329925017041594,,0.7663043478260869,1.0
تنوین,1397,تامین سرمایه نوین,0b16a510edf6c2a3646b2af7,0.9999999196995231,,,,1.0,1.0,,0.9835809225957779,
تنوین,1398,تامین سرمایه نوین,c5724ef9f5d97e2e9e7a2eaf,0.9999998347199294,,0.9329408233459425,0.9329408233459425,0.7857142857142857,0.4975755699989719,,0.9899799599198397,0.8001589506171999
تنوین,1399,تامین سرمایه نوین,176ea3645cd8db79ce7e072d,,,0.7891983751029676,0.7891983751029676,0.75,0.504157218442935,,0.9871794871794872,0.6637889552964811
تنوین,1400,تامین سرمایه نوین,21be631f34f3a9d26153045d,,,,,,,,1.0,
تنوین,1401,تامین سرمایه نوین,567f87bfa7eec98f47ff6379,,,0.8469037037683589,0.8469037037683589,0.8888888888888888,0.794099183929693,,0.9595744680851064,0.5475542620366813
تپمپی,1392,پمپ  سازی  ایران,fb02d0cbe8c6552f199a1567,0.9446498313950165,,,,0.4444444444444444,0.40901360544217974,,0.9078801331853497,
تپمپی,1393,پمپ  سازی  ایران,6e94b33a677b53de5c292905,0.7648831230416895,,,,0.375,0.6853169469598959,,0.9251231527093596,
تپمپی,1394,پمپ  سازی  ایران,6d2f5cda8f7470c43d037ed6,0.0,,,,0.45454545454545453,0.661004555936777,,0.9127789046653144,
تپمپی,1395,پمپ  سازی  ایران,b1c7b498f83cdf8b143d83de,,,1.0,1.0,0.6666666666666666,0.8497854077253144,,0.9164265129682997,1.0
تپمپی,1396,پمپ  سازی  ایران,28cfff2f2b33528246b56e92,,,1.0,1.0,0.6666666666666666,0.7895705521472348,,0.9483695652173914,1.0
تپمپی,1397,پمپ  سازی  ایران,50b4ce9667bdceada86d3f49,,,1.0,1.0,0.8,0.7142418661755624,,0.9468334636434714,1.0
تپمپی,1398,پمپ  سازی  ایران,d6575d9a5df9496a7a0dc828,0.9999998215149503,,,,0.5,0.8801017318638765,,0.9168336673346693,
تپمپی,1399,پمپ  سازی  ایران,3bc35b2c218691028e91a1db,0.9999993684566914,,,,0.4166666666666667,1.0,,0.9102564102564102,
تپمپی,1400,پمپ  سازی  ایران,051a476bdeef33c47675f961,0.9999993743677642,,,,0.36363636363636365,1.0,,0.9058402860548271,
تپمپی,1401,پمپ  سازی  ایران,4ba9388d69ad35299fdb8b07,,,,,0.7407407407407407,1.0,,0.8425531914893617,
تکاردان,1397,تامین سرمایه کاردان,d549568e50cf81b47a869c2b,0.99999992871932,,,,1.0,1.0,,0.0,
تکاردان,1398,تامین سرمایه کاردان,45300864c6554ad028caa8cb,0.99999956236008,,0.8358491222250874,0.8358491222250874,0.6428571428571429,0.5286908077994453,,0.0,0.7455309142297126
تکاردان,1399,تامین سرمایه کاردان,290069fdb2eb4ff937b536f5,0.9999996391467267,,0.36520463827773897,0.36520463827773897,0.5833333333333334,0.544489795918368,,0.0,0.38802948887561073
تکاردان,1400,تامین سرمایه کاردان,2742962985bb8ff8c364e79a,0.9999999098504174,,0.4187697733099105,0.4187697733099105,0.5454545454545454,0.24100755667506804,,0.4100119189511323,0.31014791234793937
تکاردان,1401,تامین سرمایه کاردان,2328ec55b613b6290472e971,,,0.5490076007752549,0.5490076007752549,0.8148148148148148,0.8108474576271186,,0.7340425531914894,0.35495352111158734
تکشا,1392,گسترش صنایع وخدمات کشاورزی,843752def00a4961cb0ac5a9,0.6511858867184849,,0.8170535379099906,0.8170535379099906,1.0,0.9102744546094192,,0.9389567147613762,0.5916160156470366
تکشا,1393,گسترش صنایع وخدمات کشاورزی,05ceea47a32eb5d23324efdc,,8.736364652412125e-11,0.9942915479257255,0.9942915479257255,1.0,0.9522237587545106,,0.941871921182266,0.34708842637073306
تکشا,1394,گسترش صنایع وخدمات کشاورزی,ea920278831f6027cc370308,,,1.0,1.0,0.8181818181818182,0.878252120166735,,0.9249492900608519,0.1644427147373745
تکشا,1395,گسترش صنایع وخدمات کشاورزی,413ecde22c6115299e5e40d0,,,1.0,1.0,1.0,0.896518836432998,1.0,0.9193083573487032,1.0
تکشا,1396,گسترش صنایع وخدمات کشاورزی,6e24073591c11034c64e5bbb,,,1.0,1.0,1.0,0.8329925017041594,1.0,0.927536231884058,1.0
تکشا,1397,گسترش صنایع وخدمات کشاورزی,6ffae3fb0900f000effe2345,0.7885497586320347,,,,1.0,1.0,0.9999987769712729,0.9499609069585614,
تکشا,1398,گسترش صنایع وخدمات کشاورزی,a6320fbc5e79644eba414c0d,0.999999802098903,6.575586254094877e-06,0.9628446685760128,0.9628446685760128,0.8571428571428571,0.4448865897333848,0.8975873560595478,0.8667334669338678,0.816984161489967
تکشا,1399,گسترش صنایع وخدمات کشاورزی,dba348300abdd14c5aee372c,0.9672225317603078,8.664749159884425e-10,0.9999982903403698,0.9999982903403698,0.8333333333333334,0.43586005830903374,0.9594757553783294,0.9184149184149184,0.8008902072694367
تکشا,1400,گسترش صنایع وخدمات کشاورزی,cb34ffe17853d9a48d113637,0.9999994703404805,1.4647913541831135e-14,0.8807301811577712,0.8807301811577712,0.7272727272727273,0.17380352644837097,0.8912479297715714,0.9034564958283671,0.7618896780162444
تکشا,1401,گسترش صنایع وخدمات کشاورزی,f2df00d4aca30d5c780c56cb,,8.427552659942488e-10,0.7401335000246846,0.7401335000246846,0.8518518518518519,0.7796610169491517,0.8915621219797075,0.8468085106382979,0.47852341489521677
تکمبا,1392,کمباین  سازی  ایران,6b1cf22533530e920f3e2fdb,0.6511858867184849,,0.6938289085994693,0.6938289085994693,1.0,0.9102744546094192,,0.8912319644839067,0.861830684826581
تکمبا,1393,کمباین  سازی  ایران,49d3d18d290247ad1f6165b2,,0.6396925377936392,0.5817582910723202,0.5817582910723202,1.0,0.9522237587545106,,0.8995073891625616,0.06575943798806025
تکمبا,1394,کمباین  سازی  ایران,f285d73ae1b06fd2887e5575,,,1.0,1.0,0.8181818181818182,0.878252120166735,,0.9148073022312373,0.1644427147373745
تکمبا,1395,کمباین  سازی  ایران,b077a0f1b3265345ea7e5cd8,,,1.0,1.0,1.0,0.896518836432998,1.0,0.9125840537944284,1.0
تکمبا,1396,کمباین  سازی  ایران,958e61d49de45052d51b10ee,,,1.0,1.0,1.0,0.8329925017041594,1.0,0.9329710144927537,1.0
تکمبا,1397,کمباین  سازی  ایران,2f85dca381492a58c56a5e28,0.9999996563704183,,,,1.0,1.0,0.9999999113935287,0.9452697419859265,
تکمبا,1398,کمباین  سازی  ایران,c90aa95f9488ea57301c3309,0.6697333744169922,0.9175298064604425,0.8859103238609323,0.8859103238609323,0.7857142857142857,0.4975755699989719,0.9905592968084228,0.8947895791583167,0.9020814642831455
تکمبا,1399,کمباین  سازی  ایران,0e236e76c49ab4e6c59497b0,0.9999995341479705,3.186008611964363e-07,0.9062316447152481,0.9062316447152481,0.75,0.504157218442935,0.8770640210931868,0.8974358974358975,0.8618771748200148
تکمبا,1400,کمباین  سازی  ایران,e2505cc377185f4c3de81f63,0.9999999861710437,0.7648703315724893,0.9999993409646477,0.9999993409646477,0.7272727272727273,0.17380352644837097,0.8912988119852496,0.8915375446960667,0.6849739209327889
تکمبا,1401,کمباین  سازی  ایران,6e36cadc2711726f6a56b17e,,0.07309229613383973,0.2666283413914011,0.2666283413914011,0.8518518518518519,0.7796610169491517,0.8935409739777828,0.8680851063829788,1.0
تیپیکو,1393,سرمایه گذاری دارویی تامین,6f269ccb139855527949ed17,0.9605967655794511,,,,0.125,0.9555451017287978,,0.9192118226600985,
تیپیکو,1394,سرمایه گذاری دارویی تامین,6a847dd6eb4779a4f521fe90,0.0,,,,0.2727272727272727,0.9417852522639033,,0.9158215010141988,
تیپیکو,1395,سرمایه گذاری دارویی تامین,a8d978f6509666c39cf019b8,,,1.0,1.0,0.6666666666666666,0.8497854077253144,,0.9087415946205571,1.0
تیپیکو,1396,سرمایه گذاری دارویی تامین,c94aad872f8cef354dbe6453,,,1.0,1.0,0.6666666666666666,0.7895705521472348,,0.9248188405797102,1.0
تیپیکو,1397,سرمایه گذاری دارویی تامین,1030c5ff6c6087fdadb64d49,,,1.0,1.0,0.8,0.7142418661755624,,0.9437060203283816,1.0
تیپیکو,1398,سرمایه گذاری دارویی تامین,36ad14951b509bea42d7f5db,0.9999996013987694,,,,0.5,0.8801017318638765,,0.9378757515030061,
تیپیکو,1399,سرمایه گذاری دارویی تامین,fe316d6633f288eadc9a9876,0.9999999151329487,,,,0.4166666666666667,1.0,,0.9568764568764568,
تیپیکو,1400,سرمایه گذاری دارویی تامین,be3140fb8784c6302419b5c2,0.9999997035119421,,,,0.36363636363636365,1.0,,0.9463647199046484,
تیپیکو,1401,سرمایه گذاری دارویی تامین,609b84b33a67a10eb9a98122,,,,,0.7407407407407407,1.0,,0.8617021276595744,
ثاخت,1392,بین المللی توسعه ساختمان,3cf3231119053e744136aafe,0.8202739358879558,,,,0.6666666666666666,1.0,,0.9078801331853497,
ثاخت,1393,بین المللی توسعه ساختمان,287a87a07462da3fdb69d36b,0.8603537672364185,0.8123178136022543,,,0.625,1.0,,0.9241379310344827,
ثاخت,1394,بین المللی توسعه ساختمان,686e6ed1a55aa95f84f98387,0.0,0.05535962965554015,,,0.7272727272727273,1.0,,0.9178498985801217,
ثاخت,1395,بین المللی توسعه ساختمان,4e5def4be5a580b63c1c3357,,0.5574022242161157,1.0,1.0,1.0,0.896518836432998,0.9132318084672514,0.9221902017291066,1.0
ثاخت,1396,بین المللی توسعه ساختمان,e9bb32e3febc47dec14055a9,,,1.0,1.0,1.0,0.8329925017041594,0.9113525117576619,0.927536231884058,1.0
ثاخت,1397,بین المللی توسعه ساختمان,e31b461dff45c64527121c7f,,,,,1.0,1.0,0.8947421341343509,0.9390148553557467,
ثاخت,1398,بین المللی توسعه ساختمان,34a22c9dc740d880cd50c810,,,,,,,0.9999999847891159,0.905811623246493,
ثاخت,1399,بین المللی توسعه ساختمان,4185e562828c5f7f0d382426,0.999913798671544,,0.993102651480847,0.993102651480847,0.75,0.39984882842025377,,0.8927738927738927,0.7964053823124189
ثاخت,1400,بین المللی توسعه ساختمان,27c5e46561eb564d96971ac6,0.9999999320771057,0.003813743875091422,0.8142892585625895,0.8142892585625895,0.7272727272727273,0.0,,0.9070321811680572,0.5652123451038109
ثاخت,1401,بین المللی توسعه ساختمان,2acc8e05f79c3d0b3149db1f,,1.1456019974598055e-09,0.5862756574073386,0.5862756574073386,0.8518518518518519,0.7796610169491517,,0.8468085106382979,0.37904868465370256
ثامان,1392,سامان  گستراصفهان,0ed7e2ae244477d2898b8ad2,0.9420286593604477,,,,0.6666666666666666,1.0,,0.9334073251942286,
ثامان,1393,سامان  گستراصفهان,730c048e86f086736bcb7453,0.9692117004869795,2.155224542360302e-09,,,0.625,1.0,,0.9379310344827586,
ثامان,1394,سامان  گستراصفهان,76d67afac66bd5058cd678a4,0.0,3.9357038846948835e-09,,,0.7272727272727273,1.0,,0.936105476673428,
ثامان,1395,سامان  گستراصفهان,503c6941477b98f79259ffbf,,0.43074393902839503,1.0,1.0,1.0,0.896518836432998,0.7392079189184377,0.9250720461095101,1.0
ثامان,1396,سامان  گستراصفهان,4c9cd2aa00bc488ad6c00011,,,1.0,1.0,1.0,0.8329925017041594,0.6414804284964005,0.9393115942028986,1.0
ثامان,1397,سامان  گستراصفهان,d64e58e69bc413e8156d792e,0.9999997443469831,,,,1.0,1.0,0.4288768285793698,0.9554339327599687,
ثامان,1398,سامان  گستراصفهان,78050a76b89541380920e052,0.9999995311315273,0.9551903726778123,,,0.7142857142857143,1.0,0.96969330413744,0.9218436873747495,
ثامان,1399,سامان  گستراصفهان,6b692d839fb09654c30e2bca,0.0,0.4347518237496283,0.8372408822542269,0.8372408822542269,0.75,0.26077097505669267,0.813662819669377,0.9009324009324009,0.6950351152910874
ثامان,1400,سامان  گستراصفهان,b2a7faf8d17b1ce32d8492bd,0.9999995232380932,0.0,0.26612748638552386,0.26612748638552386,0.7272727272727273,0.0,0.48561306405991844,0.9082240762812872,0.21171124922360615
ثامان,1401,سامان  گستراصفهان,55477b82f62dbd1627f4a590,,5.536585095146238e-10,0.9999968767494453,0.9999968767494453,0.8518518518518519,0.7796610169491517,0.3618353654992379,0.848936170212766,0.646534605352597
ثامید,1396,توسعه و عمران امید,6c2289be1cc9719914623339,0.8876364982056094,,,,0.8888888888888888,1.0,,0.1340579710144928,
ثامید,1397,توسعه و عمران امید,9792acd6cd636b0f4799d713,0.9999998745956948,,,,1.0,1.0,,0.5418295543393277,
ثامید,1398,توسعه و عمران امید,6c2c2a0e39896ab2242bb4bf,0.9999999693410836,,,,0.7142857142857143,1.0,,0.7705410821643286,
ثامید,1399,توسعه و عمران امید,b805ea8658513eb9abc8b1e3,0.9999988175220242,,0.9628633851570543,0.9628633851570543,0.75,0.39984882842025377,,0.9382284382284383,0.7767381956958276
ثامید,1400,توسعه و عمران امید,59cd478c028fed1dc79cd6c6,0.9999996514931836,,0.783526830478975,0.783526830478975,0.7272727272727273,0.0,,0.9356376638855781,0.5453741283739125
ثامید,1401,توسعه و عمران امید,e8ccff37316ac2bf8e1d6f72,,,0.6320711837192914,0.6320711837192914,0.8888888888888888,0.7507846829880711,,0.9042553191489362,0.4086571696594327
ثبهساز,1396,بهساز کاشانه تهران,7fb179a113746305ea0305d6,0.8881857641821939,,,,0.8888888888888888,1.0,,0.1630434782608695,
ثبهساز,1397,بهساز کاشانه تهران,b24fde45d451afb86b415526,0.9999999978483397,,,,1.0,1.0,,0.5668491008600469,
ثبهساز,1398,بهساز کاشانه تهران,cd09a59d06d4f803fdcfe538,0.9999999378930212,,,,0.7142857142857143,1.0,,0.8026052104208417,
ثبهساز,1399,بهساز کاشانه تهران,68c6f7682d863b4774e84e32,0.999998883481456,,0.9185011952571864,0.9185011952571864,0.75,0.39984882842025377,,0.9370629370629371,0.7478856614398994
ثبهساز,1400,بهساز کاشانه تهران,f916022c106ed5a12d8ba10b,0.9999990966282839,,0.7901018775773911,0.7901018775773911,0.7272727272727273,0.0,,0.9034564958283671,0.5496142751202334
ثبهساز,1401,بهساز کاشانه تهران,40c0ba33917a33ddc398cd79,,,0.49358783185491906,0.49358783185491906,0.8888888888888888,0.7507846829880711,,0.8361702127659575,0.31912261077503523
ثشاهد,1392,سرمایه  گذاری  شاهد,bed1072d80732690b6b2745e,0.9962791196037225,,,,0.6666666666666666,1.0,,0.9034406215316315,
ثشاهد,1393,سرمایه  گذاری  شاهد,ae366f973c55a217cb5dfc19,0.9001878935804699,,,,0.625,1.0,,0.922167487684729,
ثشاهد,1394,سرمایه  گذاری  شاهد,3221863d4d24c4f59b25c8d4,0.0,,,,0.7272727272727273,1.0,,0.9148073022312373,
ثشاهد,1395,سرمایه  گذاری  شاهد,410aa2fd6eb4df8119e38aef,,,1.0,1.0,1.0,0.896518836432998,,0.909702209414025,1.0
ثشاهد,1396,سرمایه  گذاری  شاهد,8fdf76bf6606a9d4da319948,,,1.0,1.0,1.0,0.8329925017041594,,0.927536231884058,1.0
ثشاهد,1397,سرمایه  گذاری  شاهد,2229fc47b519e7660b476c3f,,,1.0,1.0,0.8,0.7142418661755624,,0.9397967161845191,1.0
ثشاهد,1398,سرمایه  گذاری  شاهد,24fdfe0f30ca16c7f54ae85c,0.9999998685401447,,,,0.5,0.8801017318638765,,0.9238476953907816,
ثشاهد,1399,سرمایه  گذاری  شاهد,7f4c0260a92763437ea48a78,0.999998079416946,,,,0.4166666666666667,1.0,,0.8951048951048951,
ثشاهد,1400,سرمایه  گذاری  شاهد,40b9484f4c040b470a7f490e,0.9999996065224143,,,,0.36363636363636365,1.0,,0.8974970202622169,
ثشاهد,1401,سرمایه  گذاری  شاهد,af88c6bbd5939cf738ba36c2,,,,,0.7407407407407407,1.0,,0.8276595744680851,
ثشرق,1392,سرمایه گذاری مسکن شمال شرق,11941075ecc35e1ff896dcfc,0.9674577617168079,,,,0.6666666666666666,1.0,,0.9411764705882353,
ثشرق,1393,سرمایه گذاری مسکن شمال شرق,52f586fb5984384b7693111a,0.8494630652680406,0.2556846520632037,,,0.625,1.0,,0.9684729064039409,
ثشرق,1394,سرمایه گذاری مسکن شمال شرق,805936c70b20fd2f1ecb65f1,0.0,1.6439380567811723e-09,,,0.7272727272727273,1.0,,0.9432048681541583,
ثشرق,1395,سرمایه گذاری مسکن شمال شرق,f04959450818c2d76434fdb3,,0.48510690506015913,1.0,1.0,1.0,0.896518836432998,0.6421669221903679,0.9433237271853987,1.0
ثشرق,1396,سرمایه گذاری مسکن شمال شرق,40009278d96d16b7f59280f8,,,1.0,1.0,1.0,0.8329925017041594,0.67290145259059,0.927536231884058,1.0
ثشرق,1397,سرمایه گذاری مسکن شمال شرق,7d00348c02514d8cbf7bb700,0.9999999694396274,,,,1.0,1.0,0.09227165684910232,0.965598123534011,
ثشرق,1398,سرمایه گذاری مسکن شمال شرق,2f6c57cbe95d1deb759e4532,0.3050460132123478,2.809270460669897e-10,,,0.7142857142857143,1.0,0.9926937009705591,0.9468937875751503,
ثشرق,1399,سرمایه گذاری مسکن شمال شرق,77862b76a5c21111b4729f97,0.9999999363085839,3.477522297323554e-07,0.7653852811010005,0.7653852811010005,0.6666666666666666,0.46938775510203956,0.8853922819060213,0.921911421911422,0.648301259310728
ثشرق,1400,سرمایه گذاری مسکن شمال شرق,2de0edee8f154b7686b9cba0,0.9999997502097487,1.5035741850500026e-09,0.7270859416504805,0.7270859416504805,0.6363636363636364,0.11586901763224441,0.9255274604067983,0.9237187127532778,0.5089762672569561
ثشرق,1401,سرمایه گذاری مسکن شمال شرق,be56e5e903e8a60a383a8b3c,,0.7684524425455906,0.8810284486596209,0.8810284486596209,0.8518518518518519,0.7796610169491517,0.9393924627299861,0.8553191489361702,0.5696171594156679
ثفارس,1392,عمران وتوسعه فارس,bb4f8465d6413a1b793bf455,0.6519410581350189,,,,0.6666666666666666,1.0,,0.9134295227524972,
ثفارس,1393,عمران وتوسعه فارس,10ebb1cc11bac8167d96c63f,0.7037330027126032,4.071080938410836e-10,,,0.625,1.0,,0.9310344827586207,
ثفارس,1394,عمران وتوسعه فارس,dc3b4fbaefb8aaae6e19574e,0.0,0.08616073177139053,,,0.7272727272727273,1.0,,0.9442190669371197,
ثفارس,1395,عمران وتوسعه فارس,577032f5d9012ea97897456b,,0.0025886725270873787,1.0,1.0,1.0,0.896518836432998,0.4845145912798592,0.9173871277617676,1.0
ثفارس,1396,عمران وتوسعه فارس,0f7c6cbc92a8ea438cca9236,,,1.0,1.0,1.0,0.8329925017041594,0.3881111368034017,0.9293478260869565,1.0
ثفارس,1397,عمران وتوسعه فارس,d82447d094554ddc33f15f06,0.9999999394600858,,,,1.0,1.0,0.17024277771800045,0.9397967161845191,
ثفارس,1398,عمران وتوسعه فارس,a895564d675013eece9e2452,0.9999998115999073,2.6221408141963166e-10,,,0.7142857142857143,1.0,0.9959191939419266,0.9188376753507014,
ثفارس,1399,عمران وتوسعه فارس,0e7fd66534e27f9bb1709b9b,0.9999999088696624,0.5126551823769346,0.9591031814009306,0.9591031814009306,0.75,0.26077097505669267,0.9274236864921933,0.9149184149184149,0.7742926129162645
ثفارس,1400,عمران وتوسعه فارس,f98db9be17d6a84c703d252c,0.999999812896129,0.6710660147718233,0.8592691123037005,0.8592691123037005,0.6363636363636364,0.11586901763224441,0.9459668216754357,0.9117997616209773,0.7757295912384746
ثفارس,1401,عمران وتوسعه فارس,51bffcf78878d5e423ffc94d,,4.208872393533275e-10,0.9532422720814117,0.9532422720814117,0.8518518518518519,0.7796610169491517,0.9887524968203316,0.8468085106382979,0.616306041063753
ثمسکن,1392,سرمایه گذاری  مسکن,657ea94488f7539d737807eb,0.967249959979543,,,,0.2222222222222222,0.9165120593691957,,0.9733629300776915,
ثمسکن,1393,سرمایه گذاری  مسکن,4525d305aa9a82bb3cfb7936,0.9735732007043254,2.6283442363382124e-09,,,0.125,0.9555451017287978,,0.9822660098522168,
ثمسکن,1394,سرمایه گذاری  مسکن,0f55771216c8185a496db44d,0.0,3.5549930895497266e-09,,,0.2727272727272727,0.9417852522639033,,0.9665314401622718,
ثمسکن,1395,سرمایه گذاری  مسکن,11aeaf57beab5af11857c333,,0.5692181043956906,1.0,1.0,0.6666666666666666,0.8497854077253144,0.8115662456329704,0.9510086455331412,1.0
ثمسکن,1396,سرمایه گذاری  مسکن,3c7dfb65856caffc9d5e142d,,,1.0,1.0,0.6666666666666666,0.7895705521472348,0.33370407610148733,0.967391304347826,1.0
ثمسکن,1397,سرمایه گذاری  مسکن,1f141275b14f9dddda0d302c,,,1.0,1.0,0.8,0.7142418661755624,0.0,0.9812353401094606,1.0
ثمسکن,1398,سرمایه گذاری  مسکن,84e9a6141307bd512d14cf25,0.9999994977312678,,,,0.5,0.8801017318638765,0.9784420545183038,0.9639278557114228,
ثمسکن,1399,سرمایه گذاری  مسکن,93fec775385fd349261e71e0,0.9999996936823852,0.2526458806879666,,,0.4166666666666667,1.0,0.7608458230933032,0.9615384615384616,
ثمسکن,1400,سرمایه گذاری  مسکن,fe1a9e25308f0268118a861f,0.999998482192052,0.8914416237930519,,,0.36363636363636365,1.0,0.8076242894107146,0.9487485101311085,
ثمسکن,1401,سرمایه گذاری  مسکن,98f76b2143f77544c588ebbf,,0.443403555834922,,,0.7407407407407407,1.0,0.721077306972826,0.9936170212765958,
ثنوسا,1392,نوسازی وساختمان تهران,fbdb76311ded6dfca8e1df14,0.9996479754168871,,,,0.6666666666666666,1.0,,0.9411764705882353,
ثنوسا,1393,نوسازی وساختمان تهران,9d7e898dbb4cb8b2debf446b,0.0,2.9398171799408038e-09,,,0.625,1.0,,0.9753694581280788,
ثنوسا,1394,نوسازی وساختمان تهران,583399239a29aac37606a20c,0.0,0.18102518360956904,,,0.7272727272727273,1.0,,0.9503042596348884,
ثنوسا,1395,نوسازی وساختمان تهران,5cd52982b565498701dbc1c2,,0.4622694366104635,1.0,1.0,1.0,0.896518836432998,0.9620284614019536,0.94716618635927,1.0
ثنوسا,1396,نوسازی وساختمان تهران,293c2de18cdf009a01d7f764,,,1.0,1.0,1.0,0.8329925017041594,0.9681244239415043,0.9538043478260869,1.0
ثنوسا,1397,نوسازی وساختمان تهران,75b13dbce0d9ade6e1ab72e3,,,1.0,1.0,1.0,0.7732078302980719,0.9128663293797978,0.9757623143080532,1.0
ثنوسا,1398,نوسازی وساختمان تهران,d612634b9caf94f1e5938119,0.4866536477218327,,,,0.7142857142857143,1.0,0.999999981293834,0.9338677354709419,
ثنوسا,1399,نوسازی وساختمان تهران,1160b775cebba9619757ad53,0.9999995341473965,0.0,0.0,0.0,0.6666666666666666,0.46938775510203956,0.0,0.9114219114219114,0.0
ثنوسا,1400,نوسازی وساختمان تهران,33b60f4b9c6c3abe55bcbc73,0.9999994174458816,0.8300846370440107,0.99999961474918,0.99999961474918,0.6363636363636364,0.11586901763224441,0.0,0.9392133492252682,0.6849740974922228
ثنوسا,1401,نوسازی وساختمان تهران,ff37354a40a873934943558d,,7.849421566910127e-10,0.9801513545997996,0.9801513545997996,0.8518518518518519,0.7796610169491517,0.0,0.8446808510638297,0.6593696952029386
جم,1392,پتروشیمی جم,d523855f59582669e74b810e,0.6511858867184849,,0.9160233271598138,0.9160233271598138,1.0,0.9102744546094192,,0.9056603773584906,0.6462922149984212
جم,1393,پتروشیمی جم,cb87cb664b687c98727e61d7,,,0.14051850180582492,0.14051850180582492,1.0,0.9522237587545106,,0.9231527093596059,0.9136434827614239
جم,1394,پتروشیمی جم,6db96ae7d06d40fe1a292898,,,1.0,1.0,0.8181818181818182,0.878252120166735,,0.9158215010141988,0.1644427147373745
جم,1395,پتروشیمی جم,d48181b5ad7dad0d6143694c,,,1.0,1.0,1.0,0.896518836432998,,0.9250720461095101,1.0
جم,1396,پتروشیمی جم,f098bcbba01cba071a94433e,,,1.0,1.0,1.0,0.8329925017041594,,0.9329710144927537,1.0
جم,1397,پتروشیمی جم,130dff67ca08698422fe3010,0.8430539712755933,,,,1.0,1.0,,0.9429241594996091,
جم,1398,پتروشیمی جم,96adc2e40bc9684c0771defa,0.9999998020981524,,0.842280718887838,0.842280718887838,0.7857142857142857,0.4975755699989719,,0.9298597194388778,0.7491496117338899
جم,1399,پتروشیمی جم,f5a365e0e7eabaf914c0123d,0.9999999691676701,,0.9999998476416762,0.9999998476416762,0.75,0.504157218442935,,0.9184149184149184,0.8008912201159483
جم,1400,پتروشیمی جم,966df8f3497c1c48d76be8b7,0.999999975305392,,0.8464900508847992,0.8464900508847992,0.7272727272727273,0.17380352644837097,,0.902264600715137,0.7839706113992947
جم,1401,پتروشیمی جم,ba868e06b0eac77276214fe9,,,0.8805473205904493,0.8805473205904493,0.8518518518518519,0.7796610169491517,,0.8531914893617021,0.5693060924978021
جم_پیلن,1397,پتروشیمی جم پیلن,f53b55bf63c0b9f1be773f42,0.9999999361194374,,,,1.0,1.0,,0.9702892885066459,
جم_پیلن,1398,پتروشیمی جم پیلن,52933d0426dcfb83fffa3076,0.9999998165890059,0.039585240648061744,0.9264863912420274,0.9264863912420274,0.7857142857142857,0.4975755699989719,,0.9779559118236473,0.8792515945850495
جم_پیلن,1399,پتروشیمی جم پیلن,46d68d5ce7b5bd8ff240e809,0.9999994032521493,0.9300891505404789,0.7767732814336998,0.7767732814336998,0.75,0.504157218442935,,0.9918414918414918,0.9460750439903189
جم_پیلن,1400,پتروشیمی جم پیلن,c8f31bc2c5b5aefcbc9d5749,0.9999999394057402,0.6477030407572844,0.7120239247727524,0.7120239247727524,0.7272727272727273,0.17380352644837097,0.819077871313489,0.9761620977353993,0.4992630042337128
جم_پیلن,1401,پتروشیمی جم پیلن,ce4a4926f9b83be71387ec4d,,2.2765285026540765e-09,0.6695401803494027,0.6695401803494027,0.8888888888888888,0.7507846829880711,0.7196090788326265,0.9744680851063829,0.43288224826962973
حتاید,1392,تایدواترخاورمیانه,4a885b554afae9fca9d898ad,0.7939614494399169,,,,0.5555555555555556,0.8224489795918273,,0.9223085460599334,
حتاید,1393,تایدواترخاورمیانه,bb627a8d5d71e9aa92ad8556,0.707548045216801,,,,0.625,0.9184993531694685,,0.9261083743842364,
حتاید,1394,تایدواترخاورمیانه,987ab24a7791566d2990b7c4,,,1.0,1.0,0.8181818181818182,0.878252120166735,,0.9219066937119675,0.1644427147373745
حتاید,1395,تایدواترخاورمیانه,70a840ce1857bb021fb0463c,,,1.0,1.0,1.0,0.896518836432998,,0.9221902017291066,1.0
حتاید,1396,تایدواترخاورمیانه,254086d0adda08de0d225e8f,,,1.0,1.0,1.0,0.8329925017041594,,0.9239130434782609,1.0
حتاید,1397,تایدواترخاورمیانه,5c8aa5bb5992f4f75c1394e1,0.9999999487423487,,,,1.0,1.0,,0.9390148553557467,
حتاید,1398,تایدواترخاورمیانه,2c15956e67ca096bd5f47a56,0.9999997159510691,,0.971995147342622,0.971995147342622,0.7857142857142857,0.4975755699989719,,0.9128256513026052,0.8221326209489586
حتاید,1399,تایدواترخاورمیانه,b7066615f80ab5cdbe9fd202,0.9999999352124497,,0.9163062626559706,0.9163062626559706,0.75,0.504157218442935,,0.9067599067599068,0.7464581086475559
حتاید,1400,تایدواترخاورمیانه,c008d22768b16919f3a2600d,0.4404127258730751,,0.9834213612220568,0.9834213612220568,0.7272727272727273,0.17380352644837097,,0.901072705601907,0.695665715433479
حتاید,1401,تایدواترخاورمیانه,96858cbfdc86989172e88f60,,,0.9578822902307017,0.9578822902307017,0.8888888888888888,0.794099183929693,,0.8574468085106383,0.6193059827363026
حتوکا,1392,حمل ونقل توکا,84f100473f6302743076a266,0.6064741801101005,,,,0.5555555555555556,0.8224489795918273,,0.9234184239733629,
حتوکا,1393,حمل ونقل توکا,796e54460fb2283ba1d76013,0.707548045216801,,,,0.625,0.9184993531694685,,0.9389162561576354,
حتوکا,1394,حمل ونقل توکا,aae769c58b0cc595eba26ee7,,,1.0,1.0,0.8181818181818182,0.878252120166735,,0.9553752535496958,0.1644427147373745
حتوکا,1395,حمل ونقل توکا,597c10a2f1c9cd05de9fbec2,,,1.0,1.0,1.0,0.896518836432998,,0.9750240153698367,1.0
حتوکا,1396,حمل ونقل توکا,b9f0e8d395f1166ee8e662e1,,,1.0,1.0,1.0,0.8329925017041594,,0.9918478260869565,1.0
حتوکا,1397,حمل ونقل توکا,20bc9a1ed4c40e7d8cd5f205,0.26506447419034773,,,,1.0,1.0,,0.9945269741985927,
حتوکا,1398,حمل ونقل توکا,dcd0cb188f81ff95a81029bd,,,0.7352915343968729,0.7352915343968729,0.7857142857142857,0.4975755699989719,,0.9849699398797596,0.9868261810457047
حتوکا,1399,حمل ونقل توکا,1ad24b1a20bf448cf08bec56,,,,,,,,0.9906759906759907,
حتوکا,1400,حمل ونقل توکا,bd7d109d4ada3dc22c2ff168,0.9999997312153864,,0.8418041344921952,0.8418041344921952,0.7272727272727273,0.17380352644837097,,0.9868891537544696,0.5829562653985328
حتوکا,1401,حمل ونقل توکا,cd15ba8eb762afc25f82b51a,,,0.6717464507009869,0.6717464507009869,0.8888888888888888,0.794099183929693,,0.9872340425531915,0.434308682855805
حفاری,1392,حفاری شمال,bc259f6f4e6fb9480e697d04,0.9299407464569536,,,,0.5555555555555556,0.8224489795918273,,0.9378468368479467,
حفاری,1393,حفاری شمال,17d2420799fe38dabccca92b,0.8115915299120486,,,,0.625,0.9184993531694685,,0.9507389162561576,
حفاری,1394,حفاری شمال,77740384fd3fc2bc1080843f,0.0,,,,0.7272727272727273,0.9184993531694685,,0.8691683569979716,
حفاری,1395,حفاری شمال,8cf4afbe9c902994da74d5e2,,,1.0,1.0,1.0,0.896518836432998,,0.9193083573487032,1.0
حفاری,1396,حفاری شمال,6d501bb76be3174ca0581268,,,1.0,1.0,1.0,0.8329925017041594,,0.9193840579710145,1.0
حفاری,1397,حفاری شمال,160ffced356fa4129116a431,0.9999997971468988,,,,1.0,1.0,,0.931196247068022,
حفاری,1398,حفاری شمال,6e25247fa0d8fcdcd32c4c98,0.999999505379841,,0.9536407211665203,0.9536407211665203,0.8571428571428571,0.4448865897333848,,0.8697394789579158,0.8118056182345715
حفاری,1399,حفاری شمال,57623312fabacafecf33fa46,,,0.7276911752077051,0.7276911752077051,0.8333333333333334,0.43586005830903374,,0.8951048951048951,0.6237855515878294
حفاری,1400,حفاری شمال,e50f4c77afd55e7ba12d8a49,,,,,,,,0.865315852205006,
حفاری,1401,حفاری شمال,d8d2d81503209a0592ca513f,,,0.8549644105601086,0.8549644105601086,0.9259259259259259,0.7657384987893442,,0.825531914893617,0.5527658041981001
حپترو,1392,حمل و نقل پتروشیمی( سهامی عام,6a2e6ed1e83c275b3a60f687,0.685177235969209,,,,0.5555555555555556,0.8224489795918273,,0.9156492785793563,
حپترو,1393,حمل و نقل پتروشیمی( سهامی عام,0a92c9b0e2e10777c3bae17a,0.707548045216801,4.57370055310036e-10,,,0.625,0.9184993531694685,,0.9261083743842364,
حپترو,1394,حمل و نقل پتروشیمی( سهامی عام,0d17f930c309e247dc535822,,8.378282749127481e-10,1.0,1.0,0.8181818181818182,0.878252120166735,,0.9117647058823529,0.1644427147373745
حپترو,1395,حمل و نقل پتروشیمی( سهامی عام,18171ac33fa5a6d61cb160df,,,1.0,1.0,1.0,0.896518836432998,0.9822349279230348,0.9125840537944284,1.0
حپترو,1396,حمل و نقل پتروشیمی( سهامی عام,c885916ac9eb4fbf3aba280d,,,1.0,1.0,1.0,0.8329925017041594,0.9252738376407008,0.9193840579710145,1.0
حپترو,1397,حمل و نقل پتروشیمی( سهامی عام,b3fb25c87f811f773f4e12f7,0.9999999599288015,,,,1.0,1.0,0.9999995267101807,0.9397967161845191,
حپترو,1398,حمل و نقل پتروشیمی( سهامی عام,69903af5dfddcf3a2052e317,0.9999988351094982,1.23215813773641e-10,0.8867039856741606,0.8867039856741606,0.7857142857142857,0.4975755699989719,0.99736972162613,0.8476953907815631,0.9016349154441418
حپترو,1399,حمل و نقل پتروشیمی( سهامی عام,e879c398e120266635377e11,0.9999999360145019,0.2616988281065087,0.8956475546407509,0.8956475546407509,0.75,0.504157218442935,0.8784233629969271,0.8682983682983683,0.868760915729369
حپترو,1400,حمل و نقل پتروشیمی( سهامی عام,5fc7a803c1baebdb17806a0d,0.9999978241823718,0.4053125053529867,0.9856476646043681,0.9856476646043681,0.8181818181818182,0.0,0.9076087472484888,0.8581644815256257,0.6757187455838628
حپترو,1401,حمل و نقل پتروشیمی( سهامی عام,9795401c1b8d1b1cf23a69f6,,0.26711613257538247,0.3676754650146792,0.3676754650146792,0.9259259259259259,0.7100484261501205,0.575532881937713,0.8170212765957447,0.23771565411664677
حکشتی,1392,کشتیرانی جمهوری اسلامی ایران,49cd245d6ff2291b037e6152,0.0,,,,0.5555555555555556,0.8224489795918273,,0.9167591564927858,
حکشتی,1393,کشتیرانی جمهوری اسلامی ایران,472005014ac26016a6b1e68a,0.9985633955201576,,,,0.5,0.9054592496765791,,0.9083743842364532,
حکشتی,1394,کشتیرانی جمهوری اسلامی ایران,eb5864e61379a0500bb41a90,0.0,,,,0.7272727272727273,0.9184993531694685,,0.9148073022312373,
حکشتی,1395,کشتیرانی جمهوری اسلامی ایران,6a5442e0bd853d5562164c8d,,,1.0,1.0,1.0,0.896518836432998,,0.914505283381364,1.0
حکشتی,1396,کشتیرانی جمهوری اسلامی ایران,c801d0853a228bd5b8054137,,,1.0,1.0,0.6666666666666666,0.7895705521472348,,0.9257246376811594,1.0
حکشتی,1397,کشتیرانی جمهوری اسلامی ایران,18fb6403f3770fa4a949bd37,,,1.0,1.0,0.8,0.7142418661755624,,0.9397967161845191,1.0
حکشتی,1398,کشتیرانی جمهوری اسلامی ایران,20e7400cc1ab011775d46ec7,0.9999999111661325,,,,0.5,0.8801017318638765,,0.9138276553106213,
حکشتی,1399,کشتیرانی جمهوری اسلامی ایران,34840bef1e6fa39a971007cf,0.9999992064986692,,,,0.4166666666666667,1.0,,0.9463869463869464,
حکشتی,1400,کشتیرانی جمهوری اسلامی ایران,fb2d358dea811837e395522e,0.9999978094516606,,,,0.36363636363636365,1.0,,0.9177592371871275,
حکشتی,1401,کشتیرانی جمهوری اسلامی ایران,661479f017c106fff9a639fe,,,,,0.7407407407407407,1.0,,0.8595744680851064,
خبهمن,1392,گروه بهمن,96775dac642fe003ce60156d,0.6511858867184849,,,,0.1111111111111111,0.890670553935854,,0.9189789123196448,
خبهمن,1393,گروه بهمن,6baf5fa8f6765895fa258a36,,,0.7352890532673866,0.7352890532673866,1.0,0.9522237587545106,,0.9369458128078818,0.5189598313458176
خبهمن,1394,گروه بهمن,b733efea6de79cf3a1ed3218,,,1.0,1.0,0.5454545454545454,0.8324708926261227,,0.9137931034482758,0.1644427147373745
خبهمن,1395,گروه بهمن,25fca3ffb0a745fe7974ce16,,,1.0,1.0,0.6666666666666666,0.8497854077253144,,0.9183477425552353,1.0
خبهمن,1396,گروه بهمن,9e36b2c9204570bf63a9e296,,,1.0,1.0,0.6666666666666666,0.7895705521472348,,0.9284420289855072,1.0
خبهمن,1397,گروه بهمن,d4371f4ef88febbac80806f2,,,1.0,1.0,0.8,0.7142418661755624,,0.9397967161845191,1.0
خبهمن,1398,گروه بهمن,ce5ba3db4485fb939a3cb650,0.9999992023100848,,,,0.5,0.8801017318638765,,0.9108216432865731,
خبهمن,1399,گروه بهمن,e1fb7eccd50d35f0173c3627,0.999999775968676,,,,0.4166666666666667,1.0,,0.9020979020979021,
خبهمن,1400,گروه بهمن,8f120c62cd5095ca86464032,0.9999993556888088,,,,0.36363636363636365,1.0,,0.9046483909415971,
خبهمن,1401,گروه بهمن,743a3c721241983231287937,,,,,0.7407407407407407,1.0,,0.848936170212766,
ختراک,1392,ریخته گری  تراکتورسازی  ایران,609f92b874b79590ef2a9310,0.6511858867184849,,0.9657599336630794,0.9657599336630794,1.0,0.9102744546094192,,0.9478357380688124,0.7116014578179883
ختراک,1393,ریخته گری  تراکتورسازی  ایران,deb0eac8a99f4234dc7b7dd8,,,0.5733990803611424,0.5733990803611424,1.0,0.9522237587545106,,0.9625615763546798,0.6263883606790145
ختراک,1394,ریخته گری  تراکتورسازی  ایران,bf5bb628e9c52cd89568e0c2,,,1.0,1.0,0.8181818181818182,0.878252120166735,,0.9655172413793104,0.1644427147373745
ختراک,1395,ریخته گری  تراکتورسازی  ایران,c558f7bcac6e5daff923b261,,,1.0,1.0,1.0,0.896518836432998,,0.9654178674351584,1.0
ختراک,1396,ریخته گری  تراکتورسازی  ایران,d1ce51eae9b609452c14973d,,,1.0,1.0,1.0,0.8329925017041594,,0.9728260869565217,1.0
ختراک,1397,ریخته گری  تراکتورسازی  ایران,72fa3fd31a94ee5e578c0ad0,0.9999999053138164,,,,1.0,1.0,,0.9726348709929633,
ختراک,1398,ریخته گری  تراکتورسازی  ایران,1c4ee04568bd6b456e700a55,0.9999996643549984,,0.7706106626343848,0.7706106626343848,0.8571428571428571,0.4448865897333848,,0.9579158316633266,0.7088249043108173
ختراک,1399,ریخته گری  تراکتورسازی  ایران,9868cefd9ebd631c11086012,0.9999997808626035,,0.7453464172527369,0.7453464172527369,0.8333333333333334,0.43586005830903374,,0.9685314685314685,0.6352682686730493
ختراک,1400,ریخته گری  تراکتورسازی  ایران,33b1e8168ef22772d16f4217,0.999999072095869,,0.8749586909715428,0.8749586909715428,0.8181818181818182,0.060003598416694746,,0.9499404052443385,0.604337128938732
ختراک,1401,ریخته گری  تراکتورسازی  ایران,4a73878110b8b0cf696d80c6,,,0.7758862958601465,0.7758862958601465,0.8888888888888888,0.7507846829880711,,0.9234042553191489,0.5016389068364222
ختور,1392,رادیاتور ایران,ac170c8066f5f6608b607228,0.6511858867184849,,0.9503714177011742,0.9503714177011742,1.0,0.9102744546094192,,0.9189789123196448,0.6652679353673738
ختور,1393,رادیاتور ایران,b8f370871ca989c7a5b4c785,,,0.3229508832808121,0.3229508832808121,1.0,0.9522237587545106,,0.9261083743842364,0.7925832213210152
ختور,1394,رادیاتور ایران,3d2c99fd9cd4f7cf3709b372,,,1.0,1.0,0.8181818181818182,0.878252120166735,,0.9158215010141988,0.1644427147373745
ختور,1395,رادیاتور ایران,ba09563d10610097677475c4,,,1.0,1.0,1.0,0.896518836432998,,0.9193083573487032,1.0
ختور,1396,رادیاتور ایران,b6a6316ca175987d0c664d42,,,1.0,1.0,1.0,0.8329925017041594,,0.9338768115942029,1.0
ختور,1397,رادیاتور ایران,65ac9af4cdad2463752a0965,0.9999999336225304,,,,1.0,1.0,,0.9609069585613761,
ختور,1398,رادیاتور ایران,3dd74f05eaae3b2216604133,0.9999993541523076,,0.8992117160303889,0.8992117160303889,0.8571428571428571,0.4448865897333848,,0.9198396793587175,0.781181480035466
ختور,1399,رادیاتور ایران,b2ba1694f88ce14d4a9f8f24,0.9999997664309567,,0.6024051100959964,0.6024051100959964,0.8333333333333334,0.6705539358600535,,0.9184149184149184,0.5423012855138325
ختور,1400,رادیاتور ایران,3fddaf089eacd69fd428ec95,0.9999999175446428,,0.680979110673645,0.680979110673645,0.8181818181818182,0.4510615329255077,,0.9094159713945172,0.4792426811056585
ختور,1401,رادیاتور ایران,5a7f4725d64e9a74a001768a,,,0.8909551638390257,0.8909551638390257,0.8888888888888888,0.8518518518518499,,0.8531914893617021,0.5760351443416071
ختوقا,1392,قطعات  اتومبیل  ایران,ec7963b99a2dd0bf3ba10a36,0.0,,,,0.2222222222222222,0.9165120593691957,,0.9422863485016648,
ختوقا,1393,قطعات  اتومبیل  ایران,601f2fb76f4acf3d95c7dc18,0.9634540708859348,,,,0.0,0.9417852522639033,,0.9625615763546798,
ختوقا,1394,قطعات  اتومبیل  ایران,40786e18319d845877bbfb7f,0.0,,,,0.2727272727272727,0.9417852522639033,,0.960446247464503,
ختوقا,1395,قطعات  اتومبیل  ایران,47e3e9bf3fffc8c28d622b60,,,1.0,1.0,0.6666666666666666,0.8497854077253144,,0.9462055715658021,1.0
ختوقا,1396,قطعات  اتومبیل  ایران,a19c9f5586b2d5fc0391436c,,,1.0,1.0,0.6666666666666666,0.7895705521472348,,0.9538043478260869,1.0
ختوقا,1397,قطعات  اتومبیل  ایران,c2d31f51982745a0ae60c78e,,,1.0,1.0,0.8,0.7142418661755624,,0.9562157935887412,1.0
ختوقا,1398,قطعات  اتومبیل  ایران,0900c53572980fd23255dd24,0.9999994847796366,,,,0.5,0.8801017318638765,,0.9298597194388778,
ختوقا,1399,قطعات  اتومبیل  ایران,007210054379ce1471862e94,0.999999531265867,,,,0.4166666666666667,1.0,,0.9498834498834499,
ختوقا,1400,قطعات  اتومبیل  ایران,54cd6c00bd6e25d627f8fff1,0.9999998147589352,,,,0.36363636363636365,1.0,,0.9499404052443385,
ختوقا,1401,قطعات  اتومبیل  ایران,4b3817bde0d8dd2cd5ad7577,,,,,0.7407407407407407,1.0,,0.9085106382978724,
خراسان,1392,پتروشیمی خراسان,5bc69f0f19f4c6d9cab8fd07,0.6511858867184849,,0.7469433671753529,0.7469433671753529,1.0,0.9102744546094192,,0.9733629300776915,0.5528834114786035
خراسان,1393,پتروشیمی خراسان,43340f18c214d95010832384,,,0.09432114459892171,0.09432114459892171,1.0,0.9522237587545106,,0.9852216748768473,0.9442995762471655
خراسان,1394,پتروشیمی خراسان,c9a24498fff7fcf01966f6cb,,,1.0,1.0,1.0,0.6112325467279283,,0.9827586206896551,0.1644427147373745
خراسان,1395,پتروشیمی خراسان,1c651ef553fd143953a46172,,,1.0,1.0,1.0,0.896518836432998,,0.9673390970220941,1.0
خراسان,1396,پتروشیمی خراسان,9940d210056e66006b286ee9,,,1.0,1.0,1.0,0.8329925017041594,,0.9818840579710145,1.0
خراسان,1397,پتروشیمی خراسان,0bb82274808f4d95914476d8,0.8511674152571651,,,,1.0,1.0,,0.9687255668491008,
خراسان,1398,پتروشیمی خراسان,56c99dc0e87886d69560304e,0.999999874445476,2.1475443108567876e-06,0.7837333763236014,0.7837333763236014,0.7857142857142857,0.4975755699989719,,0.9649298597194389,0.7162083168233325
خراسان,1399,پتروشیمی خراسان,a9decb636f2dfdb1573e25f9,0.9999995341483603,0.6914889960044104,0.6341973385257792,0.6341973385257792,0.75,0.504157218442935,0.3822008832075725,0.9662004662004662,0.5629784964881566
خراسان,1400,پتروشیمی خراسان,ec148a566aff34da8fcef5e6,0.999999738040519,7.475954824939995e-10,0.9999977685625286,0.9999977685625286,0.7272727272727273,0.17380352644837097,0.0,0.9630512514898689,0.6849729069148467
خراسان,1401,پتروشیمی خراسان,9c86753671ca020bf9b9ab21,,0.4809347351678777,0.6843401133195297,0.6843401133195297,0.8518518518518519,0.7796610169491517,0.0,0.9446808510638298,0.4424509469771592
خریخت,1392,صنایع ریخته گری ایران,687301861ebc550e013b588a,0.6511858867184849,,0.7503324893838178,0.7503324893838178,1.0,0.9102744546094192,,0.9655937846836848,0.8306150879212091
خریخت,1393,صنایع ریخته گری ایران,0c5fac14832359e60139fc1b,,2.133292472093416e-11,0.9429670107094346,0.9429670107094346,1.0,0.9522237587545106,,0.9802955665024631,0.305453847940275
خریخت,1394,صنایع ریخته گری ایران,2a7e058e1008b18385a92876,,,1.0,1.0,0.8181818181818182,0.878252120166735,,0.960446247464503,0.1644427147373745
خریخت,1395,صنایع ریخته گری ایران,3311ac14c8fb18be1cb67826,,,1.0,1.0,1.0,0.896518836432998,1.0,0.9529298751200769,1.0
خریخت,1396,صنایع ریخته گری ایران,2a8c90181f779e617f508dc5,,,1.0,1.0,1.0,0.8329925017041594,1.0,0.9628623188405797,1.0
خریخت,1397,صنایع ریخته گری ایران,aa8614faaa79de5cd2bde8df,0.999999970571834,,,,1.0,1.0,0.9999984036099776,0.9585613760750586,
خریخت,1398,صنایع ریخته گری ایران,9629fefb242578853bfcf030,0.9999995215681117,0.1536901639563396,0.9748920680508467,0.9748920680508467,0.7857142857142857,0.4975755699989719,0.9973715475438025,0.9198396793587175,0.8237625552073313
خریخت,1399,صنایع ریخته گری ایران,7c382d2eea07c1e58233770b,0.9999984830334472,0.004251968198904743,0.7870359146612603,0.7870359146612603,0.75,0.504157218442935,0.8963408843629819,0.921911421911422,0.6623825219325673
خریخت,1400,صنایع ریخته گری ایران,5930fa3dbd955a53941d9240,0.9999997554059329,3.080067529117671e-10,0.572990845980262,0.572990845980262,0.7272727272727273,0.17380352644837097,0.8197774814577754,0.9272943980929678,0.4096027101173465
خریخت,1401,صنایع ریخته گری ایران,c7ea8e5962ab6e230525927c,,0.9061838842779361,0.5961610052994339,0.5961610052994339,0.8518518518518519,0.7796610169491517,0.8142350547561664,0.9106382978723404,0.38543992411333383
خرینگ,1392,رینگ سازی مشهد,c28cc98c5d4418d58088e684,0.6511858867184849,,0.8445153261758671,0.8445153261758671,1.0,0.9102744546094192,,0.978912319644839,0.7785834568653696
خرینگ,1393,رینگ سازی مشهد,3119ac7215dc6852d2aa9778,,0.5949076870617148,0.9903484079318231,0.9903484079318231,1.0,0.9522237587545106,,0.9881773399014778,0.34970505371889604
خرینگ,1394,رینگ سازی مشهد,25444d6828cc8586c52c06ef,,,0.8447925798684792,0.8447925798684792,1.0,0.9522237587545106,,0.9817444219066938,0.03475802411966519
خرینگ,1395,رینگ سازی مشهد,805fc8959adea2082847fd50,,,1.0,1.0,1.0,0.896518836432998,1.0,0.9567723342939481,1.0
خرینگ,1396,رینگ سازی مشهد,758087dbac62b4aa73ae1363,,,1.0,1.0,1.0,0.8329925017041594,1.0,0.9601449275362319,1.0
خرینگ,1397,رینگ سازی مشهد,2f8055c170cec98004969b41,0.9599041068178263,,,,1.0,1.0,0.999999758180047,0.946051602814699,
خرینگ,1398,رینگ سازی مشهد,7ca4d6d1b4baeb72ef74c376,0.9999930735861632,2.55578413867583e-15,0.8918116454391394,0.8918116454391394,0.8571428571428571,0.4448865897333848,0.9957544979516065,0.9128256513026052,0.8987611227278226
خرینگ,1399,رینگ سازی مشهد,6d886eb15e85c4e6f05c3feb,0.9999995341481257,3.067308166693588e-11,0.7951025784707237,0.7951025784707237,0.8333333333333334,0.43586005830903374,0.8891417991116627,0.9090909090909091,0.6676289647799322
خرینگ,1400,رینگ سازی مشهد,ad50a981cee56c60206a85ab,0.9999997670025241,0.7108382825314623,0.999999707478606,0.999999707478606,0.8181818181818182,0.060003598416694746,0.8989994134257251,0.899880810488677,0.6849741572920034
خرینگ,1401,رینگ سازی مشهد,0c86583d6663d8d058afee22,,1.0,0.9050154139526915,0.9050154139526915,0.8518518518518519,0.7796610169491517,0.8603142997083866,0.8319148936170213,0.5851256109918097
خشرق,1392,الکتریک  خودرو شرق,f616e564499bf806424f44a3,0.6511858867184849,,0.9318435190169716,0.9318435190169716,1.0,0.9102744546094192,,0.978912319644839,0.730338697358772
خشرق,1393,الکتریک  خودرو شرق,c485dc080d1ff0e2e0bcee16,,0.2866154099337674,0.9396897649061727,0.9396897649061727,1.0,0.9522237587545106,,0.9881773399014778,0.303279101162649
خشرق,1394,الکتریک  خودرو شرق,8e062930a5649b3b505c13bf,,,1.0,1.0,1.0,0.6112325467279283,,0.9827586206896551,0.1644427147373745
خشرق,1395,الکتریک  خودرو شرق,ca7a922fef1fe7cb2b54331d,,,1.0,1.0,1.0,0.896518836432998,1.0,0.9606147934678194,1.0
خشرق,1396,الکتریک  خودرو شرق,dba975ed11675c36dab10ad6,,,1.0,1.0,1.0,0.8329925017041594,1.0,0.9692028985507246,1.0
خشرق,1397,الکتریک  خودرو شرق,f4be621afa582ace6562752a,0.9999998943463826,,,,1.0,1.0,0.9999999847406175,0.9702892885066459,
خشرق,1398,الکتریک  خودرو شرق,26b457ba6a48e6bab1a79336,0.9999976561960939,0.5347761911066847,0.9255539628280995,0.9255539628280995,0.8571428571428571,0.5224830879426994,0.9976358848663366,0.9649298597194389,0.7960027798992131
خشرق,1399,الکتریک  خودرو شرق,3ca9bc024a60228659b32792,0.9999979581825231,0.12225715553720258,0.702542091614164,0.702542091614164,0.8333333333333334,0.5364431486880459,0.9766133348537609,0.9615384615384616,0.6074289470665994
خشرق,1400,الکتریک  خودرو شرق,29b4b8b101dfb1f98b3e091a,0.9999992880651898,2.2057404900798847e-10,0.927589839278928,0.927589839278928,0.8181818181818182,0.22759985606333508,0.9518605063070821,0.9582836710369488,0.7316706052184246
خشرق,1401,الکتریک  خودرو شرق,17cc45b113b39dbcc544de8c,,0.0824799824302521,0.6676334075974533,0.6676334075974533,0.8888888888888888,0.794099183929693,0.9074907183807194,0.9297872340425531,0.4316494498506127
خفنر,1392,فنرسازی خاور,e1e34585563857797a388ce3,0.6511858867184849,,0.9688618518006917,0.9688618518006917,1.0,0.9102744546094192,,0.9877913429522752,0.7098877925091167
خفنر,1393,فنرسازی خاور,72b7d23756d18de69541ae5c,,,0.6828986426574012,0.6828986426574012,1.0,0.9522237587545106,,1.0,0.5537255716937545
خفنر,1394,فنرسازی خاور,17b1bc342db8a426bfc39efe,,,0.8578118022431361,0.8578118022431361,1.0,0.9522237587545106,,1.0,0.28324909925148506
خفنر,1395,فنرسازی خاور,b20e121f19ee21466b222bf4,,,1.0,1.0,1.0,0.896518836432998,,1.0,1.0
خفنر,1396,فنرسازی خاور,4317b5ffe76b29d1d529a06f,,,1.0,1.0,1.0,0.8329925017041594,,0.9646739130434783,1.0
خفنر,1397,فنرسازی خاور,e6179f593011f2204f04dce0,0.999999888955291,,,,1.0,1.0,,0.9859265050820953,
خفنر,1398,فنرسازی خاور,2d7ebb56d478f655b3854936,0.367243860100554,,0.9049320931371787,0.9049320931371787,0.8571428571428571,0.4448865897333848,,0.9238476953907816,0.7844000143193682
خفنر,1399,فنرسازی خاور,ccf164d0cc205e23cf1c155d,0.9999991690929727,,0.5687837164815641,0.5687837164815641,0.8333333333333334,0.43586005830903374,,0.9347319347319347,0.5204344116470997
خفنر,1400,فنرسازی خاور,5adb09df7cfcdd97d0f84d7b,0.9999995232391217,,0.8541854505876317,0.8541854505876317,0.8181818181818182,0.060003598416694746,,0.9535160905840286,0.5909407857177686
خفنر,1401,فنرسازی خاور,f12eb31395e3118bc2a23873,,,0.9999986364723844,0.9999986364723844,0.8888888888888888,0.7507846829880711,,0.9404255319148936,0.6465357430779264
خمحرکه,1392,نیرو محرکه,123018f6a374624161326dd4,0.6511858867184849,,0.9501144891724247,0.9501144891724247,1.0,0.9102744546094192,,0.9211986681465039,0.7202448372613126
خمحرکه,1393,نیرو محرکه,9ae4520b032524cb2bf349bd,,0.4554888685593388,0.8493949445982251,0.8493949445982251,1.0,0.9522237587545106,,0.9379310344827586,0.4432403295516903
خمحرکه,1394,نیرو محرکه,bb247ece34d15dc581c08a94,,,1.0,1.0,0.8181818181818182,0.878252120166735,,0.9432048681541583,0.1644427147373745
خمحرکه,1395,نیرو محرکه,9d419d604396a82d40e81b5d,,,1.0,1.0,1.0,0.896518836432998,1.0,0.9567723342939481,1.0
خمحرکه,1396,نیرو محرکه,861e739bb7ad251911a14e37,,,1.0,1.0,1.0,0.8329925017041594,1.0,0.9619565217391304,1.0
خمحرکه,1397,نیرو محرکه,bce2a4b6be0b7dd8ec20eb07,0.0,,,,1.0,1.0,0.9999999759322402,0.9687255668491008,
خمحرکه,1398,نیرو محرکه,227ddba4323282d1ac77e4bd,0.9999994407408777,2.3738476605819492e-07,0.7208138058921325,0.7208138058921325,0.7857142857142857,0.4975755699989719,0.9502130756806764,0.9308617234468938,0.6808070153389046
خمحرکه,1399,نیرو محرکه,d092d70de1730c1b343014be,0.9999995341474941,3.0800489561274475e-10,0.5785263941099089,0.5785263941099089,0.75,0.504157218442935,0.6900501711904681,0.9533799533799534,0.5267709099275222
خمحرکه,1400,نیرو محرکه,bb17d568edaa509786e8e9aa,0.9999998938742091,0.5383156754959402,0.9999997701996435,0.9999997701996435,0.7272727272727273,0.17380352644837097,0.707835617453151,0.9451728247914184,0.6849741977398358
خمحرکه,1401,نیرو محرکه,2c63fe0786ca9a9f2f652337,,0.3344595320463138,0.6855539248395188,0.6855539248395188,0.8148148148148148,0.8108474576271186,0.6698637749333181,0.9276595744680851,0.4432357205802524
خمحور,1392,تولیدمحورخودرو,5c65cac9c0a43fb133ed13ae,0.6511858867184849,,0.8448411943865813,0.8448411943865813,1.0,0.9102744546094192,,0.9811320754716981,0.7784034298552451
خمحور,1393,تولیدمحورخودرو,f33f68507a9ef5e357a32045,,0.48653512127300075,0.7492901245207738,0.7492901245207738,1.0,0.9522237587545106,,0.9862068965517241,0.5096688637408517
خمحور,1394,تولیدمحورخودرو,fd8d7f5e37077235ad0ec654,,,1.0,1.0,1.0,0.6112325467279283,,0.9827586206896551,0.1644427147373745
خمحور,1395,تولیدمحورخودرو,5700be4d96d4b5b0dc831517,,,1.0,1.0,1.0,0.896518836432998,1.0,0.9807877041306436,1.0
خمحور,1396,تولیدمحورخودرو,45f709be5676ff40afdcadfc,0.8826107103889882,,,,0.8888888888888888,1.0,0.9970201879684343,0.9827898550724637,
خمحور,1397,تولیدمحورخودرو,837c8c63852447b5c01ef622,0.999999989743927,0.0,,,1.0,1.0,0.9938283139830624,0.9882720875684128,
خمحور,1398,تولیدمحورخودرو,d28d0953223af89d5dd64fa4,0.9999906432942766,0.10150203135574995,0.9462083285469327,0.9462083285469327,0.7857142857142857,0.4975755699989719,0.9911215133827306,0.9408817635270541,0.8681551703151414
خمحور,1399,تولیدمحورخودرو,fe3a5b019311babf5a5c2169,0.999999867540436,0.15840990963731555,0.8987199752331153,0.8987199752331153,0.75,0.504157218442935,0.869274399579996,0.9382284382284383,0.7350202386630525
خمحور,1400,تولیدمحورخودرو,5a290d4836e3c30156a6476f,0.9999977795360921,0.4880131338076905,0.9915305475390597,0.9915305475390597,0.7272727272727273,0.17380352644837097,0.8568940031154894,0.9296781883194278,0.6904362259009049
خمحور,1401,تولیدمحورخودرو,78fbe735cb65accef0802222,,0.3292394475027216,0.9666844444312155,0.9666844444312155,0.8518518518518519,0.7796610169491517,0.8635190633545973,0.8808510638297873,0.6249968978027381
خمهر,1392,مهرکام پارس,c3583b71165130927f15309b,0.6511858867184849,,0.9009196937857109,0.9009196937857109,1.0,0.9102744546094192,,0.9334073251942286,0.7474226706183674
خمهر,1393,مهرکام پارس,dc2387d91997b007dbd6de48,,5.696920463921555e-10,0.8861702906803409,0.8861702906803409,1.0,0.9522237587545106,,0.9438423645320198,0.4188365862290014
خمهر,1394,مهرکام پارس,95f4fd605aea50a40571e5aa,,,1.0,1.0,0.8181818181818182,0.878252120166735,,0.9310344827586207,0.1644427147373745
خمهر,1395,مهرکام پارس,04b7947f7fbc9ba8078da005,,,1.0,1.0,1.0,0.896518836432998,1.0,0.920268972142171,1.0
خمهر,1396,مهرکام پارس,20141523f4ac27ed8472ac14,,,1.0,1.0,1.0,0.8329925017041594,1.0,0.9320652173913043,1.0
خمهر,1397,مهرکام پارس,f5e707b749efc3f8376ab779,0.7894648266202564,,,,1.0,1.0,0.9999989009968938,0.9585613760750586,
خمهر,1398,مهرکام پارس,c5e79ba4db14f84ea7621732,0.9999997077106885,3.152870013823088e-06,0.7186065073447854,0.7186065073447854,0.8571428571428571,0.4448865897333848,0.8574804899395136,0.9208416833667334,0.9962139068184059
خمهر,1399,مهرکام پارس,fc26785f914cac03d7f461af,0.9999995341477783,0.527116780900666,0.9000459385981326,0.9000459385981326,0.8333333333333334,0.43586005830903374,0.9311572388037037,0.9452214452214452,0.7358826262840791
خمهر,1400,مهرکام پارس,dd0913665b661536bc1da947,0.9999999821445031,0.4649133097434885,0.9999999127742418,0.9999999127742418,0.8181818181818182,0.060003598416694746,0.9622647517078158,0.9511323003575686,0.6849742896840014
خمهر,1401,مهرکام پارس,77b44f58b03f1402211d5a41,,0.1044142023422726,0.9693249843419709,0.9693249843419709,0.8888888888888888,0.7507846829880711,0.7677310339820917,0.9085106382978724,0.6267041035638875
خموتور,1392,موتورسازان تراکتورسازی ایران,88179d2c7496610c2b070a56,0.6511858867184849,,0.8212266696916519,0.8212266696916519,1.0,0.9102744546094192,,0.9478357380688124,0.7914493549763846
خموتور,1393,موتورسازان تراکتورسازی ایران,f407941b14b00ef608ee7be5,,,0.9987610777077714,0.9987610777077714,1.0,0.9522237587545106,,0.9625615763546798,0.3424782198364914
خموتور,1394,موتورسازان تراکتورسازی ایران,084970c997d3fa9778505edf,,,1.0,1.0,0.8181818181818182,0.878252120166735,,0.9675456389452333,0.1644427147373745
خموتور,1395,موتورسازان تراکتورسازی ایران,584a7895ce6ac1d4222e830d,,,1.0,1.0,1.0,0.896518836432998,,0.9654178674351584,1.0
خموتور,1396,موتورسازان تراکتورسازی ایران,438dcf0dfdbaef78d36e0bcf,,,1.0,1.0,1.0,0.8329925017041594,,0.9728260869565217,1.0
خموتور,1397,موتورسازان تراکتورسازی ایران,18aee5993a9bc39a028649ee,0.9999999966570225,,,,1.0,1.0,,0.9726348709929633,
خموتور,1398,موتورسازان تراکتورسازی ایران,72063863c70d1c5ab3ef23c9,0.2557384982117752,,0.9887737147836202,0.9887737147836202,0.7857142857142857,0.4975755699989719,,0.9579158316633266,0.8315729766345166
خموتور,1399,موتورسازان تراکتورسازی ایران,09b3345d17e41e52af946021,0.9999995341478596,,0.6128514670057174,0.6128514670057174,0.75,0.504157218442935,,0.9766899766899767,0.5490954467413932
خموتور,1400,موتورسازان تراکتورسازی ایران,f744d58455c8d91a27683e87,0.9999986574055314,,0.9999996938600652,0.9999996938600652,0.7272727272727273,0.17380352644837097,,0.9511323003575686,0.6849746036981107
خموتور,1401,موتورسازان تراکتورسازی ایران,ec0b7149e40a5dfccf7b4694,,,0.8909494569103507,0.8909494569103507,0.8518518518518519,0.7796610169491517,,0.925531914893617,0.5760314546032043
خنصیر,1392,مهندسی نصیرماشین,02f6d9c2c35678f30c733e1a,0.6511858867184849,,0.7219584971995212,0.7219584971995212,1.0,0.9102744546094192,,0.9067702552719201,0.5390804344093214
خنصیر,1393,مهندسی نصیرماشین,0c5b9c824bf1099f894137af,,,0.927327853032529,0.927327853032529,1.0,0.9522237587545106,,0.9192118226600985,0.3915248490345332
خنصیر,1394,مهندسی نصیرماشین,aad3d1aa5e7fc4311f293799,,,1.0,1.0,0.8181818181818182,0.878252120166735,,0.9148073022312373,0.1644427147373745
خنصیر,1395,مهندسی نصیرماشین,48b9fa57c2ed3ce267c21703,,,1.0,1.0,1.0,0.896518836432998,,0.9164265129682997,1.0
خنصیر,1396,مهندسی نصیرماشین,5504336da7ef47674f51a1f6,,,1.0,1.0,1.0,0.8329925017041594,,0.9375,1.0
خنصیر,1397,مهندسی نصیرماشین,f65104df7a162cc404d1ccdc,0.9999999926532207,,,,1.0,1.0,,0.947615324472244,
خنصیر,1398,مهندسی نصیرماشین,92cb4ca8c2ce9c4ce3e3a95a,0.9999992782446165,,0.9503902459696643,0.9503902459696643,0.7857142857142857,0.4975755699989719,,0.9258517034068137,0.8099767587617166
خنصیر,1399,مهندسی نصیرماشین,acceca2b89c5526729ee2be6,,,0.6524394492698021,0.6524394492698021,0.75,0.504157218442935,,0.9265734265734266,0.574842904587269
خنصیر,1400,مهندسی نصیرماشین,5a2004b13651e126a55b96ad,,,,,0.0,0.0,,0.9117997616209773,
خنصیر,1401,مهندسی نصیرماشین,afba0f54e67161e3f38a7cf1,,,0.8874823782382233,0.8874823782382233,0.8518518518518519,0.7796610169491517,,0.8361702127659575,0.5737898612611364
خودرو,1392,ایران  خودرو,28b0ebaf7bd4f8d39abbb798,0.6511858867184849,,0.7129918599116984,0.7129918599116984,1.0,0.9102744546094192,,0.7857935627081021,0.8512440466812423
خودرو,1393,ایران  خودرو,407e16e0333fb8ef5f930ced,,5.117388456125285e-10,0.47257162475723014,0.47257162475723014,1.0,0.9522237587545106,,0.9182266009852217,0.6932964284085057
خودرو,1394,ایران  خودرو,87faa93ea469d52cc509082a,,,1.0,1.0,0.8181818181818182,0.878252120166735,,0.9066937119675457,0.1644427147373745
خودرو,1395,ایران  خودرو,32d32d3a82f260e71f919cdc,,,1.0,1.0,1.0,0.896518836432998,1.0,0.9058597502401537,1.0
خودرو,1396,ایران  خودرو,098ec33564481c912fb2981b,,,1.0,1.0,1.0,0.8329925017041594,1.0,0.9193840579710145,1.0
خودرو,1397,ایران  خودرو,45d3f09046a4dc3c32739e96,0.8725614896740204,,,,1.0,1.0,0.9999963505301434,0.9343236903831118,
خودرو,1398,ایران  خودرو,01fcc422f4fc951b986f31bb,0.9999998851646662,4.760385052779894e-06,0.6959564525099797,0.6959564525099797,0.8571428571428571,0.4448865897333848,0.8577590728097696,0.9018036072144289,1.0
خودرو,1399,ایران  خودرو,f87e1e55718e0c440b359f0c,0.9999999150943266,0.32764431132642136,0.682350018395572,0.682350018395572,0.8333333333333334,0.43586005830903374,0.8504244779938863,0.8962703962703963,1.0
خودرو,1400,ایران  خودرو,44222316ad401fc42a8fa67f,0.9999997476074516,0.64259444606847,0.3712735398579402,0.3712735398579402,0.8181818181818182,0.060003598416694746,0.6929491639993797,0.8939213349225268,1.0
خودرو,1401,ایران  خودرو,043d817d41d97ee7180ed155,,0.8333183403100041,0.0,0.0,0.8888888888888888,0.7507846829880711,0.8188736073789942,0.8106382978723404,1.0
خوساز,1392,محورسازان ایران خودرو,ed7707886bc91201ffd4aa52,0.6511858867184849,,0.7695149865467681,0.7695149865467681,1.0,0.9102744546094192,,0.9267480577136515,0.8200176516036339
خوساز,1393,محورسازان ایران خودرو,4e10f09556582ea15b20ff9b,,2.229078791732001e-10,0.7858469781552879,0.7858469781552879,1.0,0.9522237587545106,,0.9448275862068966,0.4854101097704673
خوساز,1394,محورسازان ایران خودرو,c6ebc1bcb45156c3e9600b55,,,1.0,1.0,0.8181818181818182,0.878252120166735,,0.9158215010141988,0.1644427147373745
خوساز,1395,محورسازان ایران خودرو,7f94a49fc0362957b3b164ce,,,1.0,1.0,1.0,0.896518836432998,1.0,0.9193083573487032,1.0
خوساز,1396,محورسازان ایران خودرو,5bb0b67eab40ea379b9835a3,,,1.0,1.0,1.0,0.8329925017041594,1.0,0.9682971014492754,1.0
خوساز,1397,محورسازان ایران خودرو,5443cb14db64fb69389a7517,0.9999994805594767,,,,1.0,1.0,0.9999999732640925,0.9749804534792806,
خوساز,1398,محورسازان ایران خودرو,2962388f432823ac18a09494,0.9999976407405744,1.0,0.9944155273326684,0.9944155273326684,0.7857142857142857,0.4975755699989719,0.9958826424737347,0.9288577154308617,0.8347473070629962
خوساز,1399,محورسازان ایران خودرو,ba263f7bee42c12a5b8ba0da,0.9999998322319639,9.198513732451803e-11,0.9662433190607229,0.9662433190607229,0.75,0.504157218442935,0.8956019316412447,0.9522144522144522,0.8228464395538649
خوساز,1400,محورسازان ایران خودرو,be92d756e98fb13eb08695ff,0.9999993604832935,1.703542887207005e-09,0.8710553944531071,0.8710553944531071,0.7272727272727273,0.17380352644837097,0.8962513054051455,0.9499404052443385,0.6018199530486068
خوساز,1401,محورسازان ایران خودرو,f72066189715bcd678d6baf8,,0.823298744808707,0.8081767987676332,0.8081767987676332,0.8518518518518519,0.7796610169491517,0.8336134468794039,0.9276595744680851,0.5225158995944301
خپویش,1392,سازه  پویش,15a81f9360f0aab43ddefc44,0.6511858867184849,,0.9881020681375037,0.9881020681375037,1.0,0.9102744546094192,,0.9178690344062153,0.6861123625461234
خپویش,1393,سازه  پویش,2f4a2d8d12f679b5b5581b3b,,0.5662010263408429,0.640144409933429,0.640144409933429,1.0,0.9522237587545106,,0.9201970443349754,0.582096843007547
خپویش,1394,سازه  پویش,b6558c1fbe24799a33eef090,,,1.0,1.0,0.8181818181818182,0.878252120166735,,0.920892494929006,0.1644427147373745
خپویش,1395,سازه  پویش,6e39a8431e306881a13e700d,,,1.0,1.0,1.0,0.896518836432998,1.0,0.9068203650336215,1.0
خپویش,1396,سازه  پویش,b3efc6bef861be59ee63ee62,,,1.0,1.0,1.0,0.8329925017041594,1.0,0.9329710144927537,1.0
خپویش,1397,سازه  پویش,b25b51d77f47d856f7ea8db2,0.9999999797241848,,,,1.0,1.0,0.9999999727468669,0.9421422986708365,
خپویش,1398,سازه  پویش,7c12c9d54e4d45fe6668dca3,0.9999999438740561,3.80714716865429e-10,0.8775894162348036,0.8775894162348036,0.7857142857142857,0.4975755699989719,0.9860669418493601,0.8777555110220441,0.9067631707454853
خپویش,1399,سازه  پویش,ebdb74f3608af2e43501c01b,0.9999983208179166,2.0852915620867586e-09,0.9058790638057005,0.9058790638057005,0.75,0.504157218442935,0.8803907231354959,0.9417249417249417,0.8621064884042556
خپویش,1400,سازه  پویش,711b540318f4ad84823e0512,0.9999990508064982,0.04173756641782674,0.9570181111329252,0.9570181111329252,0.7272727272727273,0.17380352644837097,0.8484669260702323,0.9046483909415971,0.6572559868866968
خپویش,1401,سازه  پویش,308d2611cd8f9207a32db38e,,3.7666589889405315e-10,0.4840531243009937,0.4840531243009937,0.8518518518518519,0.7796610169491517,0.8247102084998424,0.8382978723404255,0.9801153705144073
خچرخش,1392,چرخشگر,8b26dd10d73f41ff8cdce72b,0.6511858867184849,,0.9929055143578946,0.9929055143578946,1.0,0.9102744546094192,,0.9711431742508324,0.6887660428773688
خچرخش,1393,چرخشگر,c6fca5a3811701324dec253e,,4.0076571371214166e-10,0.8860459954120483,0.8860459954120483,1.0,0.9522237587545106,,0.9812807881773399,0.41891906729707523
خچرخش,1394,چرخشگر,e60ddacadd39723e79ede7b8,,,0.9293700200458178,0.9293700200458178,1.0,0.9522237587545106,,0.9787018255578094,0.22345810904604463
خچرخش,1395,چرخشگر,73a45ecdb6d74e4facf45255,,,1.0,1.0,1.0,0.896518836432998,1.0,0.9721421709894332,1.0
خچرخش,1396,چرخشگر,ff3d148201a99f2c5875e097,,,1.0,1.0,1.0,0.8329925017041594,1.0,0.9855072463768116,1.0
خچرخش,1397,چرخشگر,9305d26b1027ec05b14eb3b4,0.9999999409431699,,,,1.0,1.0,0.9999998022086797,0.9913995308835027,
خچرخش,1398,چرخشگر,7462333f0fcbc5c2007a8781,0.9999995270781786,2.548952892785169e-10,0.9527571407423443,0.9527571407423443,0.7857142857142857,0.4975755699989719,0.997403410262124,0.9218436873747495,0.8644705222270369
خچرخش,1399,چرخشگر,4e04941aee6e23a9c76b4cb1,0.999996729350785,0.7725599112433287,0.9187239483302752,0.9187239483302752,0.8333333333333334,0.43586005830903374,0.9877685057919406,0.9871794871794872,0.8537523590974012
خچرخش,1400,چرخشگر,a405df89a3bfe89135177ec5,0.9999987110117694,1.3674611589032314e-10,0.9513249923863949,0.9513249923863949,0.8181818181818182,0.060003598416694746,0.9587865226160658,0.9594755661501788,0.6535845821700168
خچرخش,1401,چرخشگر,6146f2bd1491873a02654c33,,0.8911611357481064,0.9767843037097493,0.9767843037097493,0.8888888888888888,0.7507846829880711,0.7892250051966279,0.9085106382978724,0.631526826730106
خکار,1392,ایرکا پارت صنعت,8a31f0c04e6a45950e02fbe3,0.6511858867184849,,0.934077941598663,0.934077941598663,1.0,0.9102744546094192,,0.9034406215316315,0.6562665486385492
خکار,1393,ایرکا پارت صنعت,291d55598febab008dfc381a,,,0.7318035912995646,0.7318035912995646,1.0,0.9522237587545106,,0.9408866995073891,0.5212727482394829
خکار,1394,ایرکا پارت صنعت,71876610115386ae2bccf267,,,1.0,1.0,0.8181818181818182,0.878252120166735,,0.9137931034482758,0.1644427147373745
خکار,1395,ایرکا پارت صنعت,b2c6e772b00c3cbcc3593c09,,,1.0,1.0,1.0,0.896518836432998,,0.9193083573487032,1.0
خکار,1396,ایرکا پارت صنعت,b8d285270e26ce4558957aee,,,1.0,1.0,1.0,0.8329925017041594,,0.9266304347826086,1.0
خکار,1397,ایرکا پارت صنعت,628f1bbfd2ab3beabe2e6fa8,0.9999995336573587,,,,1.0,1.0,,0.9390148553557467,
خکار,1398,ایرکا پارت صنعت,f21ced93ed63b0bec84727c2,0.4860048129442277,,0.8422281312786142,0.8422281312786142,0.7857142857142857,0.4975755699989719,,0.9128256513026052,0.7491200236455463
خکار,1399,ایرکا پارت صنعت,5ad2d68effcbc28540951a8c,0.9999995341478649,,0.4898978109619584,0.4898978109619584,0.75,0.504157218442935,,0.9044289044289044,0.4691281461887953
خکار,1400,ایرکا پارت صنعت,1a226a09974db0fcf01c5f9d,0.9999993498043707,,0.9999997703810134,0.9999997703810134,0.7272727272727273,0.17380352644837097,,0.9082240762812872,0.6849741978567985
خکار,1401,ایرکا پارت صنعت,4f853940723963c803f18f6b,,,0.5807843729505036,0.5807843729505036,0.8518518518518519,0.7796610169491517,,0.8340425531914893,0.37549836813599596
خکمک,1392,کمک فنرایندامین,5a1dc06bf532354fd5ed9e21,0.6511858867184849,,0.5660426040319878,0.5660426040319878,1.0,0.9102744546094192,,0.9522752497225305,0.9324266668516799
خکمک,1393,کمک فنرایندامین,c6030ebc9d9bfff7a58867c4,,,0.9943679162377348,0.9943679162377348,1.0,0.9522237587545106,,0.9379310344827586,0.3470377491403924
خکمک,1394,کمک فنرایندامین,1cae4331757d1ef46f1b8fd6,,,1.0,1.0,0.8181818181818182,0.878252120166735,,0.9533468559837728,0.1644427147373745
خکمک,1395,کمک فنرایندامین,2a4ee1fc69a593cfdcd54138,,,1.0,1.0,1.0,0.896518836432998,,0.9317963496637849,1.0
خکمک,1396,کمک فنرایندامین,03bec53937e03e42c4db16ab,,,1.0,1.0,1.0,0.8329925017041594,,0.9438405797101449,1.0
خکمک,1397,کمک فنرایندامین,0e2e16f0a4d74e026c5f5dc3,0.999999939392693,,,,1.0,1.0,,0.9593432369038312,
خکمک,1398,کمک فنرایندامین,0203cf5b9684681433803554,0.999999814906979,,0.9977175388073914,0.9977175388073914,0.7857142857142857,0.4975755699989719,,0.9288577154308617,0.8391738363811884
خکمک,1399,کمک فنرایندامین,69aca95333bb371474ea0847,0.9999981504597945,,0.9580292428858642,0.9580292428858642,0.75,0.504157218442935,,0.9487179487179487,0.8281887572967638
خکمک,1400,کمک فنرایندامین,08491fa737afdf2198b6bfcf,0.9999898244303889,,0.9094022698936686,0.9094022698936686,0.7272727272727273,0.17380352644837097,,0.9213349225268177,0.7433994889812451
خکمک,1401,کمک فنرایندامین,c64962594e9601b038314909,,,0.886850077871262,0.886850077871262,0.8518518518518519,0.7796610169491517,,0.8638297872340426,0.5733810559161172
خگستر,1392,گسترش سرمایه گذاری ایران خودرو,f8fe0aafcdf72aa28873de33,0.8674040425774715,,,,0.3333333333333333,0.7670807453416002,,0.9056603773584906,
خگستر,1393,گسترش سرمایه گذاری ایران خودرو,80326e6bcb862c37c71fe09d,0.8632389112884492,,,,0.0,0.9417852522639033,,0.9310344827586207,
خگستر,1394,گسترش سرمایه گذاری ایران خودرو,99ae2ba25a43f2ed0d4e2a9d,0.0,,,,0.2727272727272727,0.9417852522639033,,0.9239350912778904,
خگستر,1395,گسترش سرمایه گذاری ایران خودرو,4720d2203fa0467b228ea35b,,,1.0,1.0,0.6666666666666666,0.8497854077253144,,0.9241114313160422,1.0
خگستر,1396,گسترش سرمایه گذاری ایران خودرو,188676368a5051c2e45ccd36,,,1.0,1.0,0.6666666666666666,0.7895705521472348,,0.9347826086956522,1.0
خگستر,1397,گسترش سرمایه گذاری ایران خودرو,813289aa41948ed1e903959a,,,1.0,1.0,0.8,0.7142418661755624,,0.9530883502736512,1.0
خگستر,1398,گسترش سرمایه گذاری ایران خودرو,c5d05934ebf918af160b6021,0.9999957007043534,,,,0.5,0.8801017318638765,,0.9188376753507014,
خگستر,1399,گسترش سرمایه گذاری ایران خودرو,54eff7cd48bee445da5855a5,0.9999996703255472,,,,0.4166666666666667,1.0,,0.9289044289044289,
خگستر,1400,گسترش سرمایه گذاری ایران خودرو,9de4fc40dbcd74ec9aa0589d,0.9999996882651648,,,,0.36363636363636365,1.0,,0.9213349225268177,
خگستر,1401,گسترش سرمایه گذاری ایران خودرو,406dfc91bdeee7875484550b,,,,,0.7407407407407407,1.0,,0.9,
دابور,1392,داروسازی  ابوریحان,0aa9f98c1efe8053170ab24d,0.6511858867184849,,0.9028443386991947,0.9028443386991947,1.0,0.9102744546094192,,0.9722530521642619,0.6390114376441973
دابور,1393,داروسازی  ابوریحان,b8f7c0c6417fc9ec89f73b10,,6.367583447301053e-10,0.9654087826689732,0.9654087826689732,1.0,0.9522237587545106,,0.9783251231527094,0.3662547338257711
دابور,1394,داروسازی  ابوریحان,406198650108861a5324cee9,,,1.0,1.0,0.8181818181818182,0.878252120166735,,0.9685598377281948,0.1644427147373745
دابور,1395,داروسازی  ابوریحان,6937653f43368b9daa6a815d,,,1.0,1.0,1.0,0.896518836432998,1.0,0.9673390970220941,1.0
دابور,1396,داروسازی  ابوریحان,dfff3a5542abb730517d3ee9,,,1.0,1.0,1.0,0.8329925017041594,1.0,0.9791666666666666,1.0
دابور,1397,داروسازی  ابوریحان,e96fb08ff306bad8f76a7bde,0.7879011145404339,,,,1.0,1.0,0.9999992729825977,0.9843627834245504,
دابور,1398,داروسازی  ابوریحان,bb8062b884e1a0ffdea6ff53,0.9999998652775669,5.575206262524472e-06,0.6357030939021882,0.6357030939021882,0.7857142857142857,0.4975755699989719,0.8248410058434255,0.9789579158316634,0.6329200073054967
دابور,1399,داروسازی  ابوریحان,106e866a56fc568a3d05d72c,0.9999995341479941,1.03495304864959e-09,0.3128890535300345,0.3128890535300345,0.75,0.504157218442935,0.5149701387300746,0.9836829836829837,0.35400418028604197
دابور,1400,داروسازی  ابوریحان,88080a53f621c357d1a3a3d7,0.9999998055978463,0.6453932066868269,0.9999992312235075,0.9999992312235075,0.7272727272727273,0.17380352644837097,0.542981097680984,0.9821215733015495,0.6849738501624155
دابور,1401,داروسازی  ابوریحان,9549ea2275d0bec1bed0216d,,1.8289906782976832e-09,0.5524156750218203,0.5524156750218203,0.8518518518518519,0.7796610169491517,0.5543619561893606,0.848936170212766,0.357156965931513
داتام,1399,گروه مالی داتام,1a3f6e4eb1cc345ac5e1e16f,0.9999996521552232,,,,0.4166666666666667,1.0,,0.0,
داتام,1400,گروه مالی داتام,a61d843f5822ec3556e85e32,0.9999999997573227,,,,0.36363636363636365,1.0,,0.2932061978545888,
داتام,1401,گروه مالی داتام,446a896377b5a7d7930ccbb7,,,,,0.7407407407407407,1.0,,0.5255319148936171,
دارو,1392,کارخانجات داروپخش,dc2664eba3716ee284484a96,0.6511858867184849,,0.7932406146203205,0.7932406146203205,1.0,0.9102744546094192,,0.9778024417314095,0.5784604845420984
دارو,1393,کارخانجات داروپخش,2c7e6d317e1f1be16fa60623,,,0.7329809116038364,0.7329809116038364,1.0,0.9522237587545106,,0.9783251231527094,0.5204914905335764
دارو,1394,کارخانجات داروپخش,eb73b66dad65c0835e592017,,,1.0,1.0,0.8181818181818182,0.878252120166735,,0.9655172413793104,0.1644427147373745
دارو,1395,کارخانجات داروپخش,772d37096f12b605948f3c09,,,1.0,1.0,1.0,0.896518836432998,,0.9615754082612872,1.0
دارو,1396,کارخانجات داروپخش,623394897c58d18f232b1e88,,,1.0,1.0,1.0,0.8329925017041594,,0.9755434782608695,1.0
دارو,1397,کارخانجات داروپخش,7cbf6408f03dd98fd206cee6,0.9999999154438606,,,,1.0,1.0,,0.9882720875684128,
دارو,1398,کارخانجات داروپخش,7d0c569ccc93e53495d316b2,0.9999999550362758,,0.8512721772209849,0.8512721772209849,0.7857142857142857,0.4975755699989719,,0.9819639278557114,0.7542085993438437
دارو,1399,کارخانجات داروپخش,83cbfdd706663873fa11ee4d,0.9999994075508909,,0.43211626642137646,0.43211626642137646,0.75,0.504157218442935,,0.9790209790209791,0.43154785547319785
دارو,1400,کارخانجات داروپخش,e602d08f422b845f4dc95118,0.9999998164601374,,0.6491396919239323,0.6491396919239323,0.7272727272727273,0.17380352644837097,,0.9702026221692491,0.458709929659838
دارو,1401,کارخانجات داروپخش,9c13c91b0fab53269e653170,,,0.6102727842674052,0.6102727842674052,0.8518518518518519,0.7796610169491517,,0.9531914893617022,0.3945637060550712
دالبر,1392,البرزدارو,42d13cbc40c044b085417872,0.6511858867184849,,0.7923707300506235,0.7923707300506235,1.0,0.9102744546094192,,0.9855715871254163,0.5779799138295006
دالبر,1393,البرزدارو,b97079f89b247839c78786f3,,,0.3958267731160533,0.3958267731160533,1.0,0.9522237587545106,,0.994088669950739,0.7442235265956227
دالبر,1394,البرزدارو,88d5c02558d450b3bf0bf2a9,,,0.31416954798876384,0.31416954798876384,1.0,0.9522237587545106,,0.9929006085192698,0.7374933453703223
دالبر,1395,البرزدارو,47606a4474aa93ec04d5e5cc,,,1.0,1.0,1.0,0.896518836432998,,0.9865513928914506,1.0
دالبر,1396,البرزدارو,1033091196ec69e02c17dc06,,,1.0,1.0,1.0,0.8329925017041594,,0.9909420289855072,1.0
دالبر,1397,البرزدارو,723bd1c3d4b3a9b4f49b2694,0.8432418349086154,,,,1.0,1.0,,0.9726348709929633,
دالبر,1398,البرزدارو,bcbc695afb9b30732c0865c0,0.9999999313589848,,0.6841293302700853,0.6841293302700853,0.7857142857142857,0.4975755699989719,,0.9458917835671343,0.6601667253243892
دالبر,1399,البرزدارو,c085e5fe431536a6d5cb4ba5,0.9999998537900355,,0.7167252776580681,0.7167252776580681,0.75,0.504157218442935,,0.9766899766899767,0.6166534885536995
دالبر,1400,البرزدارو,d17917ff90a21c5d64693d20,,,0.7696804012534525,0.7696804012534525,0.7272727272727273,0.17380352644837097,,0.9582836710369488,0.5364447791312427
دالبر,1401,البرزدارو,3d2e81a0518787059f8a3e16,,,,,0.0,0.0,,0.9404255319148936,
دامین,1392,داروسازی  امین,5113482df6257329723455d2,0.6511858867184849,,0.6844605370885573,0.6844605370885573,1.0,0.9102744546094192,,0.97669256381798,0.5183645577985102
دامین,1393,داروسازی  امین,25aa077aadf8ec90f797b0ae,,,0.7579690430111309,0.7579690430111309,1.0,0.9522237587545106,,0.9714285714285714,0.5039096222456314
دامین,1394,داروسازی  امین,b890d9ef0c08f1c56ae4ce9d,,,1.0,1.0,0.8181818181818182,0.878252120166735,,0.9533468559837728,0.1644427147373745
دامین,1395,داروسازی  امین,fe41d4632e4c8527da29bb29,,,1.0,1.0,1.0,0.896518836432998,,0.9663784822286263,1.0
دامین,1396,داروسازی  امین,ee7021e36233aab3db67d305,,,1.0,1.0,1.0,0.8329925017041594,,0.9628623188405797,1.0
دامین,1397,داروسازی  امین,9495d42759107ba067c7fd84,0.9999998824432766,,,,1.0,1.0,,0.9812353401094606,
دامین,1398,داروسازی  امین,38ccd9a2a0905c74acf03f4f,0.9999999891693779,,0.8468494723361503,0.8468494723361503,0.8571428571428571,0.4448865897333848,,0.9549098196392786,0.7517201921927615
دامین,1399,داروسازی  امین,ddc0f2658a176cb33a7f934c,0.999999976745034,,0.8178416648481861,0.8178416648481861,0.8333333333333334,0.43586005830903374,,0.951048951048951,0.6824181415571632
دامین,1400,داروسازی  امین,285d54ce094c9e90ccda099e,0.9999993420099441,,0.9271006346937629,0.9271006346937629,0.8181818181818182,0.060003598416694746,,0.9749702026221693,0.6379626664765353
دامین,1401,داروسازی  امین,4c2b6268eca27001ecfe9cf6,,,0.563230214732392,0.563230214732392,0.8888888888888888,0.7507846829880711,,0.9595744680851064,0.3641489619331129
دانا,1393,بیمه دانا,0a7c52599848a2739a7e4302,0.7987877334069523,,0.9901585210119177,0.9901585210119177,0.0,0.0,,0.9211822660098522,0.3367696512466614
دانا,1394,بیمه دانا,a399441e6e6c68a72689046f,0.0,,0.9822369110318458,0.9822369110318458,0.2727272727272727,0.0,,0.9117647058823529,0.14960063634126514
دانا,1395,بیمه دانا,515b824a2135406081457e43,0.895860419692308,,0.46521493617811893,0.46521493617811893,0.3333333333333333,0.0,,0.9087415946205571,0.5304977874877043
دانا,1396,بیمه دانا,7297e38de157d2e5708a24b6,0.882610409538183,,0.5230983864367313,0.5230983864367313,0.3333333333333333,0.0,,0.9248188405797102,0.7160175422938573
دانا,1397,بیمه دانا,3ba49fae7a058085fac0038e,0.9999999710591407,,,,0.3,0.0,,0.9452697419859265,
دانا,1398,بیمه دانا,ed4e9884abe54ce4ba7c14af,0.999999701640911,,,,0.21428571428571427,0.20392904266236675,,0.9158316633266533,
دانا,1399,بیمه دانا,ac5d899ffc0fbd2de2ce0a6f,0.9999861087708558,,,,0.08333333333333333,0.12352309344790542,,0.9195804195804196,
دانا,1400,بیمه دانا,629d504631db54e9505f1b4e,0.9999985028973063,,0.4293715723188939,0.4293715723188939,0.2727272727272727,0.5424776734600514,,0.8915375446960667,1.0
دانا,1401,بیمه دانا,ffa7555f713a57ad9a69c398,,,0.33745025254346384,0.33745025254346384,0.7037037037037037,0.8859784283513115,,0.8212765957446808,0.2181739472662244
دتماد,1392,تولیدمواداولیه داروپخش,66aec17c23712389188a1c87,0.6511858867184849,,0.5981560064158303,0.5981560064158303,1.0,0.9102744546094192,,0.9689234184239733,0.9146855076161273
دتماد,1393,تولیدمواداولیه داروپخش,488700cb08ba6b0ae7982074,,,0.9189262343401061,0.9189262343401061,1.0,0.9522237587545106,,0.9694581280788177,0.2895006347608465
دتماد,1394,تولیدمواداولیه داروپخش,9c1bae5c4a41d48aa23c44ab,,,1.0,1.0,0.8181818181818182,0.878252120166735,,0.9675456389452333,0.1644427147373745
دتماد,1395,تولیدمواداولیه داروپخش,67315879289cb189076e2a1f,,,1.0,1.0,1.0,0.896518836432998,,0.9663784822286263,1.0
دتماد,1396,تولیدمواداولیه داروپخش,6c8b3bd76a6e58df22e8bdd9,,,1.0,1.0,1.0,0.8329925017041594,,0.980072463768116,1.0
دتماد,1397,تولیدمواداولیه داروپخش,d1d8691db4d4e37b21524819,0.999999903663863,,,,1.0,1.0,,0.9937451133698202,
دتماد,1398,تولیدمواداولیه داروپخش,f9a578bcb57d0061d26c2f56,0.3518326001507588,,0.9442031880969884,0.9442031880969884,0.8571428571428571,0.4448865897333848,,0.9519038076152304,0.869283350007093
دتماد,1399,تولیدمواداولیه داروپخش,a0f33ed89ccc1f3c1aa369ed,0.9999995341478288,,0.2561736354739119,0.2561736354739119,0.8333333333333334,0.43586005830903374,,0.9522144522144522,0.3171172829981235
دتماد,1400,تولیدمواداولیه داروپخش,f21295cbd5e95668f060c8b2,0.9999999331271976,,0.9999985277986909,0.9999985277986909,0.8181818181818182,0.060003598416694746,,0.934445768772348,0.6849733965345703
دتماد,1401,تولیدمواداولیه داروپخش,44f4e8c11447d12e002a40ba,,,0.573613266401275,0.573613266401275,0.8888888888888888,0.7507846829880711,,0.9297872340425531,0.37086198511266316
دجابر,1392,داروسازی  جابرابن حیان,16ee7876cedf93ad0a15cd23,0.6511858867184849,,0.6039642546143922,0.6039642546143922,1.0,0.9102744546094192,,0.9578246392896781,0.4738941105947372
دجابر,1393,داروسازی  جابرابن حیان,872f981956c8e328a66c55b2,,0.2880535489802498,0.8840065615533378,0.8840065615533378,1.0,0.9522237587545106,,0.9596059113300492,0.420272414735341
دجابر,1394,داروسازی  جابرابن حیان,8370757907c4e68df4caa4fc,,,1.0,1.0,0.8181818181818182,0.878252120166735,,0.947261663286004,0.1644427147373745
دجابر,1395,داروسازی  جابرابن حیان,4640714df1c6c3afee6d70f0,,,1.0,1.0,1.0,0.896518836432998,1.0,0.9673390970220941,1.0
دجابر,1396,داروسازی  جابرابن حیان,70a7f56adf0dd70da2d93970,,,1.0,1.0,1.0,0.8329925017041594,1.0,0.9628623188405797,1.0
دجابر,1397,داروسازی  جابرابن حیان,eecfdfd37575a9110e6d1a9e,0.9999999231282198,,,,1.0,1.0,0.9999986054177337,0.9726348709929633,
دجابر,1398,داروسازی  جابرابن حیان,bbe4a70669758987824811c2,0.9999999200169601,0.4641940859453189,0.859409587864311,0.859409587864311,0.8571428571428571,0.4448865897333848,0.9103294112866698,0.9529058116232465,0.7587870623802488
دجابر,1399,داروسازی  جابرابن حیان,6a5b28c3e7e35c43ed748718,0.9999996613215135,0.6254987065980785,0.5087177220617449,0.5087177220617449,0.8333333333333334,0.43586005830903374,0.6981081088919182,0.9673659673659674,0.48136834738097606
دجابر,1400,داروسازی  جابرابن حیان,8dad7e9d458d3d9be2cff163,0.9999998677453401,7.959514745568373e-10,0.46857603397177505,0.46857603397177505,0.8181818181818182,0.060003598416694746,0.6430869943587239,0.9678188319427891,0.34226720380406994
دجابر,1401,داروسازی  جابرابن حیان,4ecd95722ae7842dad464b07,,0.5954853194807381,0.49810254397980125,0.49810254397980125,0.8888888888888888,0.7507846829880711,0.9507130540065984,0.9382978723404255,0.3220415375135161
ددام,1392,داروسازی زاگرس فارمد پارس,7e7ac5bbe16d56f870146bf3,0.6511858867184849,,0.9860622279375454,0.9860622279375454,1.0,0.9102744546094192,,0.9733629300776915,0.7003853857473574
ددام,1393,داروسازی زاگرس فارمد پارس,595ce0013dc461e163eca63b,,0.6029708311243067,0.9793464882270153,0.9793464882270153,1.0,0.9522237587545106,,0.9852216748768473,0.329594896934626
ددام,1394,داروسازی زاگرس فارمد پارس,6677090df3b8ad75b97e5400,,,1.0,1.0,1.0,0.6112325467279283,,0.9716024340770791,0.1644427147373745
ددام,1395,داروسازی زاگرس فارمد پارس,5260dffce0b4252105e5e56f,,,1.0,1.0,1.0,0.896518836432998,1.0,0.9529298751200769,1.0
ددام,1396,داروسازی زاگرس فارمد پارس,dce870e7c032a63b82a69be5,,,1.0,1.0,1.0,0.8329925017041594,1.0,0.9682971014492754,1.0
ددام,1397,داروسازی زاگرس فارمد پارس,5aa80e40392fa00942f0ba1d,0.589709513507913,,,,1.0,1.0,0.9999993258619435,0.9921813917122753,
ددام,1398,داروسازی زاگرس فارمد پارس,70dfb1ba31f95b837626d587,0.9999997960228374,3.892796043828564e-06,0.926797223616491,0.926797223616491,0.7857142857142857,0.4975755699989719,0.9887931610064946,0.9789579158316634,0.8790767067000234
ددام,1399,داروسازی زاگرس فارمد پارس,f4062447cd4bebcf52601f09,0.9999998961368679,0.2758556471530155,0.33148714983303285,0.33148714983303285,0.75,0.504157218442935,0.6144676543040218,0.9883449883449883,0.3661001163047215
ددام,1400,داروسازی زاگرس فارمد پارس,984cf9a69911bb14b3443845,0.999999842263345,1.2337109450148694e-09,0.934441006532943,0.934441006532943,0.7272727272727273,0.17380352644837097,0.6391743583877489,0.9713945172824792,0.6426963593771053
ددام,1401,داروسازی زاگرس فارمد پارس,891ac6370dbd96b03be2d6b8,,1.5093769330526987e-09,0.9153333581586478,0.9153333581586478,0.8518518518518519,0.7796610169491517,0.7395819975237476,0.951063829787234,0.59179653981204
دزهراوی,1392,داروسازی زهراوی,26fbc17047c4289db142fc79,0.6511858867184849,,0.4840546137194405,0.4840546137194405,1.0,0.9102744546094192,,0.97669256381798,0.40764961841767616
دزهراوی,1393,داروسازی زهراوی,002244db8f0020ad1a2924a7,,3.751379905694855e-10,0.46719639149884096,0.46719639149884096,1.0,0.9522237587545106,,0.9862068965517241,0.6968633781917765
دزهراوی,1394,داروسازی زهراوی,3b9eb1f9e0931c322efd536b,,,0.7224766231623692,0.7224766231623692,1.0,0.9522237587545106,,0.9827586206896551,0.39632939408474194
دزهراوی,1395,داروسازی زهراوی,4038d0d4bb778ee1a05e2196,,,1.0,1.0,1.0,0.896518836432998,1.0,0.9721421709894332,1.0
دزهراوی,1396,داروسازی زهراوی,e0a6e76e87ff71d22604d3d3,,,1.0,1.0,1.0,0.8329925017041594,1.0,0.9528985507246377,1.0
دزهراوی,1397,داروسازی زهراوی,99ff0f3f9561d5c4b64a0b10,0.999999885141333,,,,1.0,1.0,0.9999992274382002,0.9781078967943706,
دزهراوی,1398,داروسازی زهراوی,247a9742e4bab05b797e7bb7,0.0,1.093464251810935e-10,0.9317779174475749,0.9317779174475749,0.7857142857142857,0.4975755699989719,0.9964677136040807,0.9779559118236473,0.8762743505697018
دزهراوی,1399,داروسازی زهراوی,666f99b00af55ec0cd1f0925,0.9999998138613477,0.0,0.9865150119051884,0.9865150119051884,0.75,0.504157218442935,0.8437959139489938,0.9871794871794872,0.8096620202648086
دزهراوی,1400,داروسازی زهراوی,dc6da6cb9401d392e69dd6e9,0.999999552658983,1.0864934163485675e-09,0.9838856115444845,0.9838856115444845,0.7272727272727273,0.17380352644837097,0.8818451710410501,0.9785458879618594,0.6953663275409429
دزهراوی,1401,داروسازی زهراوی,f46cd1cf5a8fd13824c1047b,,7.53151120472456e-10,0.8036326715953406,0.8036326715953406,0.8518518518518519,0.7796610169491517,0.8700925433056353,0.8531914893617021,0.7734954887000346
دسبحا,1392,گروه دارویی سبحان,0bff25768afff39d8ea4433c,0.9390013617019468,,,,0.3333333333333333,0.7670807453416002,,0.9733629300776915,
دسبحا,1393,گروه دارویی سبحان,e86bda9171a7b7309c993987,0.9322644006852545,1.9015699857763958e-09,,,0.125,0.8592261554745322,,0.9832512315270936,
دسبحا,1394,گروه دارویی سبحان,2eb56e4ab7415bfbb2ba7b9f,0.0,1.0,,,0.36363636363636365,0.8592261554745322,,0.9716024340770791,
دسبحا,1395,گروه دارویی سبحان,67c6d43f8913ed54c50e871d,,0.5375354523002921,1.0,1.0,0.6666666666666666,0.8497854077253144,0.0,0.9500480307396734,1.0
دسبحا,1396,گروه دارویی سبحان,d40c3d2d0adc77d45e41aaf2,,,1.0,1.0,0.6666666666666666,0.7895705521472348,0.0,0.9592391304347826,1.0
دسبحا,1397,گروه دارویی سبحان,beb53a74f9037ed33dfde535,,,1.0,1.0,0.8,0.7142418661755624,0.5189045095772415,0.9616888193901485,1.0
دسبحا,1398,گروه دارویی سبحان,ccb629d83d6d953dff03cd83,0.9999997827802686,,,,0.5,0.8801017318638765,0.9753979861598394,0.9188376753507014,
دسبحا,1399,گروه دارویی سبحان,b23784159a0aa54ba8499c0f,,0.49160496004466453,,,0.4166666666666667,1.0,0.24730672442899693,0.9440559440559441,
دسبحا,1400,گروه دارویی سبحان,b425ffb1e14c168073d5223c,,,,,,,0.20977158489558612,0.936829558998808,
دسبحا,1401,گروه دارویی سبحان,d4192219804682e5fd0ee397,,,,,0.7407407407407407,1.0,,0.8978723404255319,
دسبحان,1392,سبحان دارو,d92eb03752d744dc01346673,0.6511858867184849,,0.724672686818026,0.724672686818026,1.0,0.9102744546094192,,0.9855715871254163,0.5405798977686322
دسبحان,1393,سبحان دارو,a1db5ba1d64cd77d7ef34d88,,,0.3297165110289354,0.3297165110289354,1.0,0.9522237587545106,,0.9960591133004926,0.7880936199828417
دسبحان,1394,سبحان دارو,8d5b26b5e0411fbb821491c9,,,0.5364467847474408,0.5364467847474408,1.0,0.9522237587545106,,0.9929006085192698,0.5517679808485643
دسبحان,1395,سبحان دارو,e7daebf439a2c77fa3f2a5f1,,,1.0,1.0,1.0,0.896518836432998,,0.9731027857829011,1.0
دسبحان,1396,سبحان دارو,cecb4913120a5b7a02910b6c,,,1.0,1.0,1.0,0.8329925017041594,1.0,0.9764492753623188,1.0
دسبحان,1397,سبحان دارو,dd8c5e8d8c544f08e69ef202,0.9999999413553975,,,,1.0,1.0,0.9999969203012574,0.9788897576231431,
دسبحان,1398,سبحان دارو,ed6d5d4ae8e4817c6307565c,0.9999998043437888,0.32976966370212646,0.9341417554628482,0.9341417554628482,0.7857142857142857,0.4975755699989719,0.8774671424074957,0.9438877755511021,0.8008346475369558
دسبحان,1399,سبحان دارو,d811f0bf414d7fef366fcf55,0.999999878070895,0.1546119168663723,0.4426384178150927,0.4426384178150927,0.75,0.504157218442935,0.5130001288238919,0.9627039627039627,0.43839131234984235
دسبحان,1400,سبحان دارو,271b5156b798690a3d18d136,0.9999994658035809,0.6067601160981079,0.8718538905298505,0.8718538905298505,0.7272727272727273,0.17380352644837097,0.6192965662436684,0.9535160905840286,0.6023348908872375
دسبحان,1401,سبحان دارو,1418f26f1fd28819b17aa2e3,,0.06414724080378496,0.47076468871304467,0.47076468871304467,0.8518518518518519,0.7796610169491517,0.7396156844496153,0.9297872340425531,0.3043666128442189
دسینا,1392,داروسازی  سینا,9033dfa98d3ea0e28cffe124,0.6511858867184849,,0.7469749472500211,0.7469749472500211,1.0,0.9102744546094192,,0.9689234184239733,0.5529008579991143
دسینا,1393,داروسازی  سینا,abb08accd5c67923074d7e79,,,0.2187444588205253,0.2187444588205253,1.0,0.9522237587545106,,0.9733990147783251,0.8617335382052038
دسینا,1394,داروسازی  سینا,70327f621c0749468e1c878c,,,0.24311911596519709,0.24311911596519709,1.0,0.9522237587545106,,0.9776876267748479,0.7968600514686706
دسینا,1395,داروسازی  سینا,6e5d45be388ece80864a4611,,,1.0,1.0,1.0,0.896518836432998,,0.9135446685878963,1.0
دسینا,1396,داروسازی  سینا,959a0ef5b4088599a87bb40c,,,1.0,1.0,1.0,0.8329925017041594,,0.9329710144927537,1.0
دسینا,1397,داروسازی  سینا,f81b7a17ab285cc946ab291b,0.8852823350220328,,,,1.0,1.0,,0.9452697419859265,
دسینا,1398,داروسازی  سینا,2a4c2e0c751ee1a002553ab5,0.9999999762487637,,0.8862090231638449,0.8862090231638449,0.7857142857142857,0.4975755699989719,,0.9318637274549099,0.7738655964856996
دسینا,1399,داروسازی  سینا,57d0940dd0030170aa3e5ba6,0.9999994794362628,,0.9941862291767244,0.9941862291767244,0.75,0.504157218442935,,0.921911421911422,0.8046727701937177
دسینا,1400,داروسازی  سینا,a0b08e1683731530b21a1961,,,0.9831182961595681,0.9831182961595681,0.7272727272727273,0.17380352644837097,,0.9201430274135876,0.6958611574309888
دسینا,1401,داروسازی  سینا,1be9cbbce9739c424e9b3f3c,,,,,0.0,0.38983050847457584,,0.8553191489361702,
دشیمی,1392,شیمی  داروئی  داروپخش,6da988de55cda6f7490a3608,0.6511858867184849,,0.933332135648999,0.933332135648999,1.0,0.9102744546094192,,0.9678135405105438,0.655854525584945
دشیمی,1393,شیمی  داروئی  داروپخش,12f8715d5aa08f054c59ddfc,,0.34225545738426244,0.7913917977506789,0.7913917977506789,1.0,0.9522237587545106,,0.9812807881773399,0.48173062422940965
دشیمی,1394,شیمی  داروئی  داروپخش,07c4a7ef294b1234d9f5f8d1,,,1.0,1.0,0.8181818181818182,0.878252120166735,,0.9726166328600405,0.1644427147373745
دشیمی,1395,شیمی  داروئی  داروپخش,1869c38b794f8c4d95cb6630,,,1.0,1.0,1.0,0.896518836432998,1.0,0.9769452449567724,1.0
دشیمی,1396,شیمی  داروئی  داروپخش,3ecd0f0ffce2af61e98fa787,,,1.0,1.0,1.0,0.8329925017041594,1.0,0.9909420289855072,1.0
دشیمی,1397,شیمی  داروئی  داروپخش,97e1ef2be73a257da34d2058,0.9999999301015463,,,,1.0,1.0,0.9999997063140927,1.0,
دشیمی,1398,شیمی  داروئی  داروپخش,50ff9eacf4a4835e6f1f191c,0.999999632676819,0.1952099333725299,0.9648726156014726,0.9648726156014726,0.9285714285714286,0.47075208913649097,0.964559306417377,0.9519038076152304,0.8576538263218709
دشیمی,1399,شیمی  داروئی  داروپخش,21ff2088cdae2f8e9e421121,0.9999995877148407,5.561407805530543e-10,0.9511347626922086,0.9511347626922086,0.9166666666666666,0.46938775510203956,0.5812171009390584,0.9522144522144522,0.7691100672782353
دشیمی,1400,شیمی  داروئی  داروپخش,87fccfdda51aed89829a0ab1,0.9999995698791869,8.136781027141969e-10,0.3090096519981248,0.3090096519981248,0.9090909090909091,0.11586901763224441,0.5678694353091802,0.9499404052443385,0.23936529827844297
دشیمی,1401,شیمی  داروئی  داروپخش,423e8635fe7f129e519f1e0c,,0.31338097056108105,0.47159725514107653,0.47159725514107653,0.9259259259259259,0.7657384987893442,0.9511057151616211,0.9382978723404255,0.30490489753239425
دعبید,1392,لابراتوارداروسازی   دکترعبیدی,a74f812ac3c18e8a83c71f49,0.8790037610153459,,0.7702470374245057,0.7702470374245057,1.0,0.9102744546094192,,0.9322974472807991,0.5657576039955274
دعبید,1393,لابراتوارداروسازی   دکترعبیدی,99136c8e23df3385714a0938,0.707548045216801,0.33965328807780326,0.8376679185033675,0.8376679185033675,1.0,0.9522237587545106,,0.9477832512315271,0.45102226406070506
دعبید,1394,لابراتوارداروسازی   دکترعبیدی,5daa7c78ed4f4468c25c2a82,,0.18145983780013397,0.519249902234787,0.519249902234787,1.0,0.9522237587545106,,0.9634888438133874,0.5661369613158178
دعبید,1395,لابراتوارداروسازی   دکترعبیدی,3a1c052514189e74b72d88f4,,,1.0,1.0,1.0,0.896518836432998,0.9248900771864632,0.9404418828049952,1.0
دعبید,1396,لابراتوارداروسازی   دکترعبیدی,077f25d8722f769ca433c7e5,0.8826104861785646,,,,0.8888888888888888,1.0,0.6099111777996364,0.9710144927536232,
دعبید,1397,لابراتوارداروسازی   دکترعبیدی,d22feb600fbe033576355ee5,,3.2854514510710745e-09,,,1.0,1.0,0.05652664618785974,0.9749804534792806,
دعبید,1398,لابراتوارداروسازی   دکترعبیدی,621482b9ae396a7c0e07e131,,,,,,,0.49195444208421113,0.966933867735471,
دعبید,1399,لابراتوارداروسازی   دکترعبیدی,7fcfb2fba0a9cda5180d831f,0.9999997545963114,,0.7923811343678635,0.7923811343678635,0.75,0.504157218442935,,0.9603729603729604,0.6658589764321837
دعبید,1400,لابراتوارداروسازی   دکترعبیدی,eb76c0678939e881985123a9,0.9999994434753123,1.4789088287140875e-09,0.758965184509013,0.758965184509013,0.7272727272727273,0.17380352644837097,,0.9606674612634089,0.5295347006580401
دعبید,1401,لابراتوارداروسازی   دکترعبیدی,0fa6eddf23822fda0a69d53f,,7.470942312394554e-10,0.4917716208432187,0.4917716208432187,0.8888888888888888,0.794099183929693,,0.925531914893617,0.3179483638378811
دفارا,1392,داروسازی  فارابی,4aa1745c8e721427825ec896,0.6511858867184849,,0.7125671581115783,0.7125671581115783,1.0,0.9102744546094192,,0.9489456159822419,0.5338921569355495
دفارا,1393,داروسازی  فارابی,d7f1e937d58dfc6d6451d487,,,0.9246723834426595,0.9246723834426595,1.0,0.9522237587545106,,0.9536945812807882,0.2933137205025685
دفارا,1394,داروسازی  فارابی,0ff78001b964117c62f35aea,,,1.0,1.0,0.8181818181818182,0.878252120166735,,0.949290060851927,0.1644427147373745
دفارا,1395,داروسازی  فارابی,43d4c932136b8d34289f38f1,,,1.0,1.0,1.0,0.896518836432998,,0.9327569644572526,1.0
دفارا,1396,داروسازی  فارابی,fd168eb383f71b382da80747,,,1.0,1.0,1.0,0.8329925017041594,,0.9329710144927537,1.0
دفارا,1397,داروسازی  فارابی,f78e75cbbe7498af4d9735ff,0.625084831191939,,,,1.0,1.0,,0.9616888193901485,
دفارا,1398,داروسازی  فارابی,eacdd9cac094eca04ec0fbfb,0.9999999771531503,,0.2554127022312077,0.2554127022312077,0.7857142857142857,0.4975755699989719,,0.9529058116232465,0.4189520047451647
دفارا,1399,داروسازی  فارابی,7941350108ed7bcb7fe39561,0.9999995341477002,,0.6179133990610283,0.6179133990610283,0.75,0.504157218442935,,0.951048951048951,0.5523876550015513
دفارا,1400,داروسازی  فارابی,1444ad9e4c9c3d9ad4e6e33e,0.9999990813860412,,0.9999993437466368,0.9999993437466368,0.7272727272727273,0.17380352644837097,,0.9439809296781884,0.684973922726851
دفارا,1401,داروسازی  فارابی,8646cc1639a52a29a3fa838b,,,0.7112151698244138,0.7112151698244138,0.8518518518518519,0.7796610169491517,,0.9085106382978724,0.4598266552970639
دفرا,1392,فرآورده های  تزریقی  ایران,3732f6c3836136f3caf5fd52,0.6511858867184849,,0.8366940828083009,0.8366940828083009,1.0,0.9102744546094192,,0.9456159822419534,0.6024665020062541
دفرا,1393,فرآورده های  تزریقی  ایران,5598e5e65923808feab000c7,,4.153130926403781e-10,0.12239737476895352,0.12239737476895352,1.0,0.9522237587545106,,0.9605911330049262,0.9256684772220665
دفرا,1394,فرآورده های  تزریقی  ایران,87904c36b4fec775ab93e25e,,,1.0,1.0,0.8181818181818182,0.878252120166735,,0.9685598377281948,0.1644427147373745
دفرا,1395,فرآورده های  تزریقی  ایران,6f8049ef5031af286e334e9c,,,1.0,1.0,1.0,0.896518836432998,1.0,0.951969260326609,1.0
دفرا,1396,فرآورده های  تزریقی  ایران,886be5cff962536f81f2d3e0,,,1.0,1.0,1.0,0.8329925017041594,1.0,0.9538043478260869,1.0
دفرا,1397,فرآورده های  تزریقی  ایران,53f72f396def99cf8c1bdebf,0.9999999333108943,,,,1.0,1.0,0.9999965416604139,0.9695074276778733,
دفرا,1398,فرآورده های  تزریقی  ایران,58612eaafa752c2c155f7338,0.9999998653226286,0.6536460023344577,0.936882806274835,0.936882806274835,0.8571428571428571,0.4448865897333848,0.9071247482739002,0.9198396793587175,0.8023768825762903
دفرا,1399,فرآورده های  تزریقی  ایران,138a749431dc135dbc2a62db,0.9999995551288553,0.7184700604484056,0.6495170372575518,0.6495170372575518,0.8333333333333334,0.43586005830903374,0.3583273460499833,0.9393939393939394,0.572942209583625
دفرا,1400,فرآورده های  تزریقی  ایران,a5adad9a9a03dcb4e2e82fc8,0.9999996828068644,7.357433596943257e-10,0.8745868594025763,0.8745868594025763,0.8181818181818182,0.060003598416694746,0.19084744537455411,0.9404052443384983,0.6040973404788572
دفرا,1401,فرآورده های  تزریقی  ایران,17a4a1ba23469620839d3333,,0.74326321352853,0.5888430340415393,0.5888430340415393,0.8888888888888888,0.7507846829880711,0.7463455469892231,0.9106382978723404,0.3807085876769801
دلر,1392,داروسازی  اکسیر,892ee7cecb24bb91f03496a7,0.6511858867184849,,0.6101908632395096,0.6101908632395096,1.0,0.9102744546094192,,0.9578246392896781,0.4773340218752453
دلر,1393,داروسازی  اکسیر,8e6c7b64ee08200a1f26ab71,,,0.3805537757838722,0.3805537757838722,1.0,0.9522237587545106,,0.9714285714285714,0.7543585313303277
دلر,1394,داروسازی  اکسیر,32d77553f38a1acb5c362962,,,1.0,1.0,0.8181818181818182,0.878252120166735,,0.9695740365111561,0.1644427147373745
دلر,1395,داروسازی  اکسیر,baad1062094378f6d3773068,,,1.0,1.0,1.0,0.896518836432998,,0.9663784822286263,1.0
دلر,1396,داروسازی  اکسیر,f8df1469dff64e2f640ac296,,,1.0,1.0,1.0,0.8329925017041594,,0.9719202898550725,1.0
دلر,1397,داروسازی  اکسیر,50c0c799ccd52b3d7eec8be4,0.9999998439486993,,,,1.0,1.0,,0.9859265050820953,
دلر,1398,داروسازی  اکسیر,73fbbcc111a87e1c40872b2c,0.9999999181980234,,0.7075978006355316,0.7075978006355316,0.8571428571428571,0.4448865897333848,,0.9749498997995992,0.6733711129114031
دلر,1399,داروسازی  اکسیر,ca0ecaafc34b8e339f651e30,0.9999995181291373,,0.6192518911447366,0.6192518911447366,0.8333333333333334,0.43586005830903374,,0.9673659673659674,0.5532581911221451
دلر,1400,داروسازی  اکسیر,cc8ed3fcd057b49bfe6fa928,0.999999990362465,,0.2964752059499013,0.2964752059499013,0.8181818181818182,0.060003598416694746,,0.9582836710369488,0.23128202680786872
دلر,1401,داروسازی  اکسیر,e8801155bcfa2fb53963eb99,,,0.6002725619819825,0.6002725619819825,0.8888888888888888,0.7507846829880711,,0.9468085106382979,0.3880981960929196
دلقما,1392,دارویی  لقمان,fe85f70dfbe3ef2b4ffe5383,0.6511858867184849,,0.8516013099541285,0.8516013099541285,1.0,0.9102744546094192,,0.9112097669256382,0.6107020507467309
دلقما,1393,دارویی  لقمان,4013a783909674f91bf458f7,,0.5946925262256002,0.979317839272854,0.979317839272854,1.0,0.9522237587545106,,0.941871921182266,0.3295758857818213
دلقما,1394,دارویی  لقمان,0185e972932be21a5374b3b1,,,1.0,1.0,0.8181818181818182,0.878252120166735,,0.9421906693711968,0.1644427147373745
دلقما,1395,دارویی  لقمان,4dac95adeccc363a05e2ad09,,,1.0,1.0,1.0,0.896518836432998,1.0,0.9212295869356388,1.0
دلقما,1396,دارویی  لقمان,2b44381aba0f1a362ce15555,,,1.0,1.0,1.0,0.8329925017041594,1.0,0.9302536231884058,1.0
دلقما,1397,دارویی  لقمان,f7e085483845bd05ab85c014,0.9999989786061745,,,,1.0,1.0,0.9999994532048535,0.9405785770132916,
دلقما,1398,دارویی  لقمان,426f8979c074fdb2a5a68c57,0.9999998974691762,0.6806972814710833,0.3329913926225354,0.3329913926225354,0.8571428571428571,0.4448865897333848,0.7790489177599689,0.9318637274549099,0.46260116808937085
دلقما,1399,دارویی  لقمان,9c31a1191c3ca1e174f7c08d,0.9999995800346639,0.9035232542459422,0.0,0.0,0.8333333333333334,0.43586005830903374,0.44470533210644103,0.9452214452214452,0.0
دلقما,1400,دارویی  لقمان,b26c0eecea07ceae40776d49,0.99999567852956,1.0,0.9888320460377515,0.9888320460377515,0.8181818181818182,0.060003598416694746,0.4812981475941047,0.9272943980929678,0.6921764480148224
دلقما,1401,دارویی  لقمان,44de463f5b3ac496d535d3c3,,0.20480873504886252,0.6725500067895358,0.6725500067895358,0.8888888888888888,0.7507846829880711,0.4181275861074092,0.851063829787234,0.4348282112970111
دپارس,1392,پارس  دارو,ab7d1764b05f2fcfcc62ce59,0.6511858867184849,,0.6741724614511314,0.6741724614511314,1.0,0.9102744546094192,,0.9211986681465039,0.512680875143856
دپارس,1393,پارس  دارو,465c743992285fac9e18faba,,,0.9571690892191235,0.9571690892191235,1.0,0.9522237587545106,,0.9182266009852217,0.3717225100788833
دپارس,1394,پارس  دارو,041a80aca3641d4c23f1b207,,,1.0,1.0,0.8181818181818182,0.878252120166735,,0.9198782961460447,0.1644427147373745
دپارس,1395,پارس  دارو,67e202e2c2c295e174294160,,,1.0,1.0,1.0,0.896518836432998,,0.9125840537944284,1.0
دپارس,1396,پارس  دارو,066d57edf9d4e2cae9beaa7d,,,1.0,1.0,1.0,0.8329925017041594,,0.9184782608695652,1.0
دپارس,1397,پارس  دارو,95748cc1c6e887492ee24c5e,0.3267867424277471,,,,1.0,1.0,,0.9390148553557467,
دپارس,1398,پارس  دارو,e9ce78f46dbda57d884e5d12,1.0,,0.0,0.0,0.8571428571428571,0.4448865897333848,,0.9318637274549099,0.0
دپارس,1399,پارس  دارو,ef03c7319deab8481f53e3c2,0.9999995341478921,,0.024578113522278122,0.024578113522278122,0.8333333333333334,0.43586005830903374,,0.9230769230769231,0.1664908656433533
دپارس,1400,پارس  دارو,230960ba2bff04e98dbe6a0e,0.9999994675395184,,0.9999990803501727,0.9999990803501727,0.8181818181818182,0.060003598416694746,,0.9117997616209773,0.6849737528665224
دپارس,1401,پارس  دارو,d34bf36ffdab7fae40f76653,,,0.16071113216687372,0.16071113216687372,0.8888888888888888,0.7507846829880711,,0.851063829787234,0.10390563293460445
دکوثر,1392,داروسازی  کوثر,f3f8d3ca257b62aa037b61fb,0.6511858867184849,,0.7826421203171983,0.7826421203171983,1.0,0.9102744546094192,,0.902330743618202,0.5726053100314277
دکوثر,1393,داروسازی  کوثر,fe0c16789da2c5cfa71f1249,,0.2355498241133122,0.6827108365553738,0.6827108365553738,1.0,0.9522237587545106,,0.9201970443349754,0.13275051408125296
دکوثر,1394,داروسازی  کوثر,3ceee52826d65651847a5693,,,1.0,1.0,0.8181818181818182,0.878252120166735,,0.9219066937119675,0.1644427147373745
دکوثر,1395,داروسازی  کوثر,17d0524cf60b7170625e9073,,,1.0,1.0,1.0,0.896518836432998,1.0,0.9241114313160422,1.0
دکوثر,1396,داروسازی  کوثر,cdb34e1626963fa6b8acf664,,,1.0,1.0,1.0,0.8329925017041594,1.0,0.9239130434782609,1.0
دکوثر,1397,داروسازی  کوثر,456112136a41d83c0f43662a,0.9999987806376972,,,,1.0,1.0,0.9999998702385787,0.9585613760750586,
دکوثر,1398,داروسازی  کوثر,12def34d41961ac4640c3bc6,0.9999999275396143,0.64759814764253,0.4610893840813798,0.4610893840813798,0.8571428571428571,0.4448865897333848,0.6793772417970445,0.9218436873747495,0.5346746991717787
دکوثر,1399,داروسازی  کوثر,b4da0e1cb61454ecb05f9e02,0.9999999115875909,1.817747804591623e-09,0.4091503211733306,0.4091503211733306,0.8333333333333334,0.43586005830903374,0.6069909372117278,0.9055944055944056,0.4166111329289623
دکوثر,1400,داروسازی  کوثر,2c414c093a3c9182126dcd9b,0.9999988636954159,0.38858135642696184,0.9066691297454682,0.9066691297454682,0.8181818181818182,0.060003598416694746,0.5669990996455221,0.9082240762812872,0.6247867031819425
دکوثر,1401,داروسازی  کوثر,a45883e7ea9a80386b2c706c,,0.9767383005879204,0.0,0.0,0.8888888888888888,0.7507846829880711,0.9545723510811492,0.8829787234042553,0.0
دکیمی,1392,کیمیدارو,b6ffa0361ec2b77bdbddad7a,0.6511858867184849,,0.9913747526620511,0.9913747526620511,1.0,0.9102744546094192,,0.9500554938956715,0.6974504632513316
دکیمی,1393,کیمیدارو,12178220f250bf250637aec5,,0.28567307463901176,0.7730278103004438,0.7730278103004438,1.0,0.9522237587545106,,0.948768472906404,0.49391677837506864
دکیمی,1394,کیمیدارو,5be83441897d922fb28749ce,,,1.0,1.0,0.8181818181818182,0.878252120166735,,0.9543610547667343,0.1644427147373745
دکیمی,1395,کیمیدارو,d8090c4f9a8d5d1c1728dc22,,,1.0,1.0,1.0,0.896518836432998,1.0,0.9558117195004803,1.0
دکیمی,1396,کیمیدارو,f9e8e55a2ba2a97dd9e8e6da,,,1.0,1.0,1.0,0.8329925017041594,1.0,0.9447463768115942,1.0
دکیمی,1397,کیمیدارو,e21529b7018f53959dfd03fe,0.9999999856571079,,,,1.0,1.0,0.9999973825775148,0.9585613760750586,
دکیمی,1398,کیمیدارو,8d3d69b6d5ba6068a7446cf4,0.9999999877200347,0.099223393737017,0.8815191441531076,0.8815191441531076,0.7857142857142857,0.4975755699989719,0.9191189452211911,0.9408817635270541,0.7712268654891898
دکیمی,1399,کیمیدارو,c2b230560d46fab3ed6a884f,0.9999993407323182,2.2710507964521055e-09,0.4749103418819913,0.4749103418819913,0.75,0.504157218442935,0.8438055495835762,0.9592074592074592,0.4593805105104065
دکیمی,1400,کیمیدارو,e95147e079e02fa954e490dd,0.9999998590572673,5.406140052254189e-10,0.5614276073982305,0.5614276073982305,0.7272727272727273,0.17380352644837097,0.7691066087007137,0.965435041716329,0.4021457554040726
دکیمی,1401,کیمیدارو,ec3ef8ed5e20c85c68b88c5e,,0.34504950099614734,0.30546875279145347,0.30546875279145347,0.8518518518518519,0.7796610169491517,0.8785940111201168,0.9574468085106383,0.19749673636536377
دیران,1392,ایران دارو,4a751b6259bf39cc0f78d9bd,0.6511858867184849,,0.9729907632787512,0.9729907632787512,1.0,0.9102744546094192,,0.9889012208657048,0.6777640703735385
دیران,1393,ایران دارو,9e6cb7daced0ad2336165d53,,0.4516040155101719,0.6122206721174186,0.6122206721174186,1.0,0.9522237587545106,,0.9950738916256158,0.6006267496670352
دیران,1394,ایران دارو,348a557b12495027cfe94f66,,,0.8549107424507665,0.8549107424507665,1.0,0.9522237587545106,,0.9969574036511156,0.28567310089598186
دیران,1395,ایران دارو,5497cfb15ba5fd97833158aa,,,1.0,1.0,1.0,0.896518836432998,1.0,0.9884726224783862,1.0
دیران,1396,ایران دارو,c4ca54bb64d245511e071684,,,1.0,1.0,1.0,0.8329925017041594,1.0,0.9846014492753623,1.0
دیران,1397,ایران دارو,56900612d18907ec5b143d62,,,,,1.0,1.0,0.9999996132424828,0.9898358092259578,
دیران,1399,ایران دارو,700ae87b6f8c7ede9b5f25a0,0.9999999775960128,0.13818630114844352,0.4824204551455159,0.4824204551455159,0.75,0.504157218442935,0.8455324889457976,0.9440559440559441,0.464264980837296
دیران,1400,ایران دارو,39e2bc558ea84c45b2a31e17,0.9999999547584891,0.23927354627502312,0.7445621516970599,0.7445621516970599,0.7272727272727273,0.17380352644837097,0.692897761554254,0.9380214541120382,0.5202464063233171
دیران,1401,ایران دارو,23b8b67933004c870261ee8e,,0.8091329438570538,0.9100655410764776,0.9100655410764776,0.8888888888888888,0.794099183929693,0.6862978761480593,0.9170212765957447,0.5883907031364681
ذوب,1392,ذوب آهن اصفهان,52abbc5cbd086d213eaffe35,0.6511858867184849,,0.9888151709319085,0.9888151709319085,1.0,0.9102744546094192,,0.9089900110987792,0.6865063186294944
ذوب,1393,ذوب آهن اصفهان,8b4684937577631bdeb84920,,,0.9747429082099861,0.9747429082099861,1.0,0.9522237587545106,,0.9211822660098522,0.3600607036367417
ذوب,1394,ذوب آهن اصفهان,26e2b682740f9b4cdfa0423f,,,1.0,1.0,0.8181818181818182,0.878252120166735,,0.9148073022312373,0.1644427147373745
ذوب,1395,ذوب آهن اصفهان,0d57578b1974fa5185495c50,,,1.0,1.0,1.0,0.896518836432998,,0.9164265129682997,1.0
ذوب,1396,ذوب آهن اصفهان,e4fb4bad4d90964cc533b475,,,1.0,1.0,1.0,0.8329925017041594,,0.9157608695652174,1.0
ذوب,1397,ذوب آهن اصفهان,c55c48c62586b43322b5b2a3,0.9060388859453676,,,,1.0,1.0,,0.9491790461297889,
ذوب,1398,ذوب آهن اصفهان,94e5be5172bfdeb96486ded6,0.9999998020981091,,0.9446608724593145,0.9446608724593145,0.7857142857142857,0.4975755699989719,,0.9248496993987976,0.8690258367725889
ذوب,1399,ذوب آهن اصفهان,c1f36ef8c3a01881c5f3267f,0.9999999483618773,,1.0,1.0,0.75,0.504157218442935,,0.9114219114219114,0.8008913192076246
ذوب,1400,ذوب آهن اصفهان,62b1a5096412269d268705f3,0.9999982113182557,0.15998692658923624,0.9333009232099976,0.9333009232099976,0.7272727272727273,0.17380352644837097,,0.9070321811680572,0.6419611371771782
ذوب,1401,ذوب آهن اصفهان,2b452f76b7cbfbea94cc0719,,2.392395775669117e-10,0.45329751243383276,0.45329751243383276,0.8518518518518519,0.7796610169491517,,0.8468085106382979,1.0
رانفور,1392,خدمات انفورماتیک,c7aebe8913d46555e3716c38,0.9295276163040236,,,,0.5555555555555556,0.8224489795918273,,0.9733629300776915,
رانفور,1393,خدمات انفورماتیک,bbf06fc45cf5d11b434c2ebc,0.954872398033511,9.207029437110728e-10,,,0.625,0.9184993531694685,,0.9822660098522168,
رانفور,1394,خدمات انفورماتیک,369a22455618290f758c7543,0.0,0.439933576135053,,,0.7272727272727273,0.9184993531694685,,0.9827586206896551,
رانفور,1395,خدمات انفورماتیک,f10f0fdbeb8638aa8702d016,,5.547677432843431e-10,1.0,1.0,1.0,0.896518836432998,0.0,0.9731027857829011,1.0
رانفور,1396,خدمات انفورماتیک,593b9b0c2bf7ba98e77f0678,,,1.0,1.0,1.0,0.8329925017041594,0.0,0.9764492753623188,1.0
رانفور,1397,خدمات انفورماتیک,0c744dd522195f2b7077114e,1.0,,,,1.0,1.0,0.0,0.9921813917122753,
رانفور,1398,خدمات انفورماتیک,edc08d57bdf51435f53dc8b8,0.9999999823306773,0.04952475685045328,0.9406474316778994,0.9406474316778994,0.7857142857142857,0.4975755699989719,0.3837206336280433,0.9589178356713427,0.8044950254363877
رانفور,1399,خدمات انفورماتیک,8715430f23721348bb69cdd0,0.9999999866660321,0.7900222678681095,0.9434529849322444,0.9434529849322444,0.75,0.504157218442935,0.5606919094822982,0.9918414918414918,0.7641139488164085
رانفور,1400,خدمات انفورماتیک,65466583890619a3fc6ebb5f,0.9999999394201305,0.10816130848379915,0.9567893466073408,0.9567893466073408,0.7272727272727273,0.17380352644837097,0.6576725843411521,0.9773539928486293,0.6571084601626581
رانفور,1401,خدمات انفورماتیک,a69f402bcffe8e1cd3f6ec33,,0.5859546822978369,0.9444073502777913,0.9444073502777913,0.8888888888888888,0.794099183929693,0.7907158354057933,0.9829787234042553,0.6105939405418072
رتاپ,1392,تجارت الکترونیک  پارسیان,67c183cceb7fd6d9640de1c9,0.9493763967352712,,,,0.5555555555555556,0.8224489795918273,,0.9866814650388457,
رتاپ,1393,تجارت الکترونیک  پارسیان,cf52ee74071a41883b58651e,0.9983903105200377,0.40179857773688815,,,0.625,0.9184993531694685,,0.9467980295566503,
رتاپ,1394,تجارت الکترونیک  پارسیان,7cc21d75a68529cecaa97c81,0.0,1.553657991635289e-09,,,0.7272727272727273,0.9184993531694685,,0.986815415821501,
رتاپ,1395,تجارت الکترونیک  پارسیان,0e2ecd2e6176dc31f3ffaf94,,0.6319201683737116,1.0,1.0,1.0,0.896518836432998,0.559327810950638,0.9279538904899135,1.0
رتاپ,1396,تجارت الکترونیک  پارسیان,a7ffa14e92af716ee0d999a4,,,1.0,1.0,1.0,0.8329925017041594,0.5005178060849231,0.9438405797101449,1.0
رتاپ,1397,تجارت الکترونیک  پارسیان,f56d9dee4d8ab2a69134d887,0.8705876685764092,,,,1.0,1.0,0.6901046390320185,0.9679437060203284,
رتاپ,1398,تجارت الکترونیک  پارسیان,cf2966928637d956a3a1c0fc,0.9999998071581648,2.7214385499380605e-06,0.8384763105911526,0.8384763105911526,0.7857142857142857,0.4975755699989719,0.900992866798833,0.968937875751503,0.9287699142020591
رتاپ,1399,تجارت الکترونیک  پارسیان,f7ec43651036a032d0bc4ae8,0.9999995341477167,0.14109362180017762,0.9079641098364415,0.9079641098364415,0.75,0.504157218442935,0.7767377841171778,0.9836829836829837,0.8607504042667745
رتاپ,1400,تجارت الکترونیک  پارسیان,d502600dfd31648f89747fc6,0.6858211394675011,0.5390674737200709,0.999999702243482,0.999999702243482,0.7272727272727273,0.17380352644837097,0.8028829680016081,0.9880810488676997,0.6849745982917742
رتاپ,1401,تجارت الکترونیک  پارسیان,bfd0a596c2d5d75343b47ab4,,1.1349077616220411e-15,0.03817538380671093,0.03817538380671093,0.8888888888888888,0.794099183929693,0.7765586966078684,0.9851063829787234,1.0
رمپنا,1392,گروه مپنا (سهامی عام),96e738ed01d557e9707420a2,0.985378607293896,,,,0.5555555555555556,0.8224489795918273,,0.902330743618202,
رمپنا,1393,گروه مپنا (سهامی عام),370248c88718082a1ec65e33,0.707548045216801,3.6046057228379475e-09,,,0.625,0.9184993531694685,,0.9201970443349754,
رمپنا,1394,گروه مپنا (سهامی عام),e0368a6f554524b8e06ebf0b,,7.192795971973643e-10,1.0,1.0,0.8181818181818182,0.878252120166735,,0.9066937119675457,0.1644427147373745
رمپنا,1395,گروه مپنا (سهامی عام),def2a51ba8708ace499489a6,,,1.0,1.0,1.0,0.896518836432998,0.8992259136025614,0.903938520653218,1.0
رمپنا,1396,گروه مپنا (سهامی عام),ee874a6107fcf959089a1f38,,,1.0,1.0,1.0,0.8329925017041594,0.9034972624340423,0.9184782608695652,1.0
رمپنا,1398,گروه مپنا (سهامی عام),7376de1be8dea7e61899b730,0.9999991486652056,,,,0.7142857142857143,1.0,0.9999999600299312,0.9128256513026052,
رمپنا,1399,گروه مپنا (سهامی عام),059d3acaa2ec863b4d67a4f9,0.999999144014587,0.05968237195678057,0.7243178147835807,0.7243178147835807,0.75,0.504157218442935,0.6965098565213265,0.8461538461538461,0.6215915661823674
رمپنا,1400,گروه مپنا (سهامی عام),868851401a800354de96f0b5,0.9999998658867324,5.051301843666953e-10,0.33997510286681676,0.33997510286681676,0.7272727272727273,0.17380352644837097,0.5919769838481295,0.8486293206197855,0.25933444127984767
رمپنا,1401,گروه مپنا (سهامی عام),2143c54a97e20964ea1993a5,,0.11800399811072915,0.9074126487023209,0.9074126487023209,0.8888888888888888,0.794099183929693,0.7328286456983897,0.6872340425531915,0.5866755110553251
رکیش,1392,کارت اعتباری ایران کیش,aec1fbb53bdc4b067ba80958,0.9325589760057227,,,,0.5555555555555556,0.8224489795918273,,0.9533851276359601,
رکیش,1393,کارت اعتباری ایران کیش,6ac69e398f067f592bfbd2cf,0.707548045216801,0.5819018915890776,,,0.625,0.9184993531694685,,0.9783251231527094,
رکیش,1394,کارت اعتباری ایران کیش,2923f9f15b1f408269436119,,8.952462175952463e-10,1.0,1.0,0.8181818181818182,0.878252120166735,,0.9503042596348884,0.1644427147373745
رکیش,1395,کارت اعتباری ایران کیش,a9ff4c963e250887d158aaca,,,1.0,1.0,1.0,0.896518836432998,0.9659170378763773,0.9462055715658021,1.0
رکیش,1396,کارت اعتباری ایران کیش,8a2925db191b4fece9d8352c,,,1.0,1.0,1.0,0.8329925017041594,0.809927701926716,0.9746376811594203,1.0
رکیش,1397,کارت اعتباری ایران کیش,bcf1a9a2b7e0cea6b593765d,1.0,,,,1.0,1.0,0.9999982064920239,0.9695074276778733,
رکیش,1398,کارت اعتباری ایران کیش,8ec780762284df4fbbb0ac8b,0.9999999830878057,0.008761657167981513,0.8374460866943565,0.8374460866943565,0.7857142857142857,0.4975755699989719,0.9267415985283629,0.9539078156312625,0.9293495632129605
رکیش,1399,کارت اعتباری ایران کیش,71b020c5c1b28da6afcc77f9,,0.09336981551568808,0.8682380047082845,0.8682380047082845,0.75,0.504157218442935,0.9467524795330283,0.9557109557109558,0.8865876952492956
رکیش,1401,کارت اعتباری ایران کیش,64bf7c671fc2673ecf46b1c9,,0.6866659221568532,0.803729649207931,0.803729649207931,0.8888888888888888,0.794099183929693,0.9041454517143704,0.925531914893617,0.773432789121724
زمگسا,1392,کشاورزی  ودامپروی  مگسال,de9a8a7797325f035a050ac9,0.6511858867184849,,0.9167646962304541,0.9167646962304541,1.0,0.9102744546094192,,0.9778024417314095,0.6467017868829985
زمگسا,1393,کشاورزی  ودامپروی  مگسال,198c8c11d94aeb6f821f1e01,,0.06711985905661444,0.7243922438365049,0.7243922438365049,1.0,0.9522237587545106,,0.9536945812807882,0.5261908425725701
زمگسا,1394,کشاورزی  ودامپروی  مگسال,12b65c01b067a5bc1772125e,,,1.0,1.0,1.0,0.6112325467279283,,0.9695740365111561,0.1644427147373745
زمگسا,1395,کشاورزی  ودامپروی  مگسال,4d160f9e37c162d97ac32333,,,1.0,1.0,1.0,0.896518836432998,1.0,0.94716618635927,1.0
زمگسا,1396,کشاورزی  ودامپروی  مگسال,369a5daf52a09b7674dfe96e,,,1.0,1.0,1.0,0.8329925017041594,1.0,0.9601449275362319,1.0
زمگسا,1397,کشاورزی  ودامپروی  مگسال,8b556bd89594c76bdc8d3cfa,0.9999999734093845,,,,1.0,1.0,0.999999246011268,0.9530883502736512,
زمگسا,1398,کشاورزی  ودامپروی  مگسال,bcab565b915935ab86576f25,0.9999999463287814,0.1807101821647518,0.9799290035251316,0.9799290035251316,0.7857142857142857,0.4975755699989719,0.8655408513654771,0.9028056112224448,0.826596555345285
زمگسا,1399,کشاورزی  ودامپروی  مگسال,dfb2d8050a284859e59ded78,0.9999993329808303,0.7136298380569094,0.9047089290239467,0.9047089290239467,0.75,0.504157218442935,0.826804501109631,0.9137529137529138,0.7389153686103606
زمگسا,1400,کشاورزی  ودامپروی  مگسال,72fcb18c23c266879cede508,0.9999997212780003,5.583016491719348e-10,0.7545537968336126,0.7545537968336126,0.5454545454545454,0.6789924433249334,0.7094099597575756,0.9702026221692491,0.5266898645954795
زمگسا,1401,کشاورزی  ودامپروی  مگسال,2e594b00a4c586eb4d6f04c1,,1.0,,,0.14814814814814814,1.0,0.8197123174622568,0.9446808510638298,
زپارس,1394,ملی کشت و صنعت و دامپروری پارس,26bb570b15fbd635ca4c83da,,,1.0,1.0,0.8181818181818182,0.878252120166735,,0.0973630831643002,0.1644427147373745
زپارس,1395,ملی کشت و صنعت و دامپروری پارس,b227f709308b9fc6cac0c8a3,,,1.0,1.0,1.0,0.896518836432998,,0.48991354466858794,1.0
زپارس,1396,ملی کشت و صنعت و دامپروری پارس,75f209c1feb3e5cea280d152,,,1.0,1.0,1.0,0.8329925017041594,,0.845108695652174,1.0
زپارس,1397,ملی کشت و صنعت و دامپروری پارس,5b9a971ce659d5b4b329fcce,0.9999998921426557,,,,1.0,1.0,,0.9437060203283816,
زپارس,1398,ملی کشت و صنعت و دامپروری پارس,3cab52e59c4e7109caf339d1,0.9999998997066072,0.46008443167365864,,,0.7142857142857143,1.0,,0.9178356713426854,
زپارس,1399,ملی کشت و صنعت و دامپروری پارس,363a2fc6ad41ab4b7c361285,0.9999999701577313,0.39154015122415053,0.7973494272407283,0.7973494272407283,0.75,0.504157218442935,0.8739846684028828,0.9102564102564102,0.6690902831064344
زپارس,1400,ملی کشت و صنعت و دامپروری پارس,c8cdc3a1b961c6b1d6e3ecf5,0.9999996031447137,1.1156774810052846e-09,0.7298373689854647,0.7298373689854647,0.7272727272727273,0.17380352644837097,0.7195128066390365,0.9058402860548271,0.5107506204269862
زپارس,1401,ملی کشت و صنعت و دامپروری پارس,f6fa7f6ad3098380283fa076,,0.7020687032838252,0.8110119346813778,0.8110119346813778,0.8148148148148148,0.9199999999999985,0.9208828663843426,0.8468085106382979,0.5243489187985223
سآبیک,1392,سیمان آبیک,2cd2313edbe7212df1ce689e,,,0.9229197402389201,0.9229197402389201,1.0,0.9102744546094192,,0.8856825749167592,0.7352686695364915
سآبیک,1398,سیمان آبیک,2d303d61e101a81d74086b58,0.9999999162146408,,1.0,1.0,0.7857142857142857,0.4975755699989719,,0.5040080160320641,0.8378895249410073
سآبیک,1399,سیمان آبیک,1637c72c669b71b18f2c8df6,0.9999996556950574,,0.9317629910299969,0.9317629910299969,0.75,0.504157218442935,,0.8554778554778555,0.845271952088473
سآبیک,1400,سیمان آبیک,1c5a6e3fa1914c6e886c1d88,0.9999997595790991,,0.7798148805255694,0.7798148805255694,0.7272727272727273,0.17380352644837097,,0.9439809296781884,0.5429803489405715
سآبیک,1401,سیمان آبیک,f308186672588a849b32bae6,,,0.9149606066799358,0.9149606066799358,0.8518518518518519,0.7796610169491517,,0.9531914893617022,0.5915555423291607
ساربیل,1392,سیمان آرتا اردبیل,dab8287c69fbbe70b3f2ce58,0.9285386291092286,,0.9574108308787695,0.9574108308787695,1.0,0.9102744546094192,,0.9822419533851277,0.7162139482729071
ساربیل,1393,سیمان آرتا اردبیل,53e0efcf75f281472094163f,0.707548045216801,1.9142487329316505e-09,0.8531275065475779,0.8531275065475779,1.0,0.9522237587545106,,0.9852216748768473,0.24583727234345726
ساربیل,1394,سیمان آرتا اردبیل,b77bfbab5f29eaa7284ef308,,0.10408840415124919,0.5235564322440158,0.5235564322440158,1.0,0.9522237587545106,,0.973630831643002,0.5625386087924045
ساربیل,1395,سیمان آرتا اردبیل,ed38c5c5f126f6321ed1c3fb,,,1.0,1.0,1.0,0.896518836432998,0.4369593363007813,0.9711815561959655,1.0
ساربیل,1396,سیمان آرتا اردبیل,c7d5760709685962a92ac2b3,,,1.0,1.0,1.0,0.8329925017041594,0.488895560789241,0.9773550724637681,1.0
ساربیل,1397,سیمان آرتا اردبیل,d62b68e1e07b251bbb19d241,,,,,1.0,1.0,0.9999982871077975,0.9913995308835027,
ساربیل,1398,سیمان آرتا اردبیل,5a8010dd0977bb91ea8cdc03,,,,,,,0.9999997108912906,0.9779559118236473,
ساربیل,1399,سیمان آرتا اردبیل,88dca97da1b373d506111254,0.9999997626196063,,0.9707960429828699,0.9707960429828699,0.75,0.504157218442935,,0.9883449883449883,0.8198854129855637
ساربیل,1400,سیمان آرتا اردبیل,f8f7bdc7adf9a0f681196875,0.9999995232387113,9.113178649227898e-10,0.8847412661203626,0.8847412661203626,0.7272727272727273,0.17380352644837097,,0.9797377830750894,0.6106457611914042
ساربیل,1401,سیمان آرتا اردبیل,8442916e473c2556d81f934a,,5.014524120076814e-10,0.9999994206446627,0.9999994206446627,0.8888888888888888,0.794099183929693,,0.9893617021276596,0.6465362500740244
ساروم,1392,سیمان ارومیه,aa1ada44235a03db490440f7,0.6511858867184849,,0.9148286121043558,0.9148286121043558,1.0,0.9102744546094192,,0.9911209766925638,0.7397386410117902
ساروم,1393,سیمان ارومیه,e562213e3b043939f5f4e1f9,,,0.42088871788854554,0.42088871788854554,1.0,0.9522237587545106,,0.9891625615763546,0.7275926765138953
ساروم,1394,سیمان ارومیه,0272a1d8a96227db4677cb73,,,0.6426201318625016,0.6426201318625016,1.0,0.9522237587545106,,0.9827586206896551,0.4630540671658579
ساروم,1395,سیمان ارومیه,9e0c492e3fcf9a1939e752e6,,,1.0,1.0,1.0,0.896518836432998,,0.9769452449567724,1.0
ساروم,1396,سیمان ارومیه,3cfe7193aa9953608f6868f2,,,1.0,1.0,1.0,0.8329925017041594,,0.9846014492753623,1.0
ساروم,1397,سیمان ارومیه,64558ad059ae677c806ea99b,0.8108319661826463,,,,1.0,1.0,,0.9921813917122753,
ساروم,1398,سیمان ارومیه,4cc5f52822d222eb5a0661dd,0.9999996369070844,,0.9840124325549927,0.9840124325549927,0.7142857142857143,0.5543175487465242,,0.996993987975952,0.8288940710655143
ساروم,1399,سیمان ارومیه,735d98dc8e8db435b6edf8bc,0.9999996565365384,,0.7020763574408919,0.7020763574408919,0.8333333333333334,0.43586005830903374,,0.9965034965034965,0.6071260402168965
ساروم,1400,سیمان ارومیه,83e27516c6d240474313be34,1.0,,0.7463969540617732,0.7463969540617732,0.8181818181818182,0.060003598416694746,,1.0,0.5214296421481609
ساروم,1401,سیمان ارومیه,70a09d62950c451dd730d0a2,,,,,0.48148148148148145,0.3654661016949154,,1.0,
سبجنو,1392,سیمان  بجنورد,7a7fe69b05a39bd2b7900214,0.6511858867184849,,0.8353361649218458,0.8353361649218458,1.0,0.9102744546094192,,0.97669256381798,0.7836545159674204
سبجنو,1393,سیمان  بجنورد,91cb320366954beff00faa66,,0.4047211561248341,0.750400583552073,0.750400583552073,1.0,0.9522237587545106,,0.9714285714285714,0.5089319744914705
سبجنو,1394,سیمان  بجنورد,e637cfb391ad45c2e88b0b68,,,1.0,1.0,0.8181818181818182,0.878252120166735,,0.975659229208925,0.1644427147373745
سبجنو,1395,سیمان  بجنورد,13d02f32ad23da41f6d08131,,,1.0,1.0,1.0,0.896518836432998,1.0,0.9702209414024976,1.0
سبجنو,1396,سیمان  بجنورد,852909bcd7861a536c35adec,,,1.0,1.0,1.0,0.8329925017041594,1.0,0.9818840579710145,1.0
سبجنو,1397,سیمان  بجنورد,3286ec42d4be1a51ba2b61af,0.9999998104926326,,,,1.0,1.0,0.9999990820195227,0.9851446442533229,
سبجنو,1398,سیمان  بجنورد,a687a3043a866cfee9fc1975,0.9999998789969021,0.9472632919067954,0.9300798882196432,0.9300798882196432,0.7857142857142857,0.4975755699989719,0.6947028667748063,0.9919839679358717,0.7985492634206888
سبجنو,1399,سیمان  بجنورد,d9cd52f661369de19ed8d448,0.9999996622290985,0.8014801963602177,0.8286379436933495,0.8286379436933495,0.75,0.504157218442935,0.5521866676365892,0.993006993006993,0.6894398870102108
سبجنو,1400,سیمان  بجنورد,c6097cb0ea5596e86f2420cc,0.9999999936946055,9.472142494566246e-10,0.9932377771973132,0.9932377771973132,0.7272727272727273,0.17380352644837097,0.3882142330895101,0.9868891537544696,0.6893352597523262
سبجنو,1401,سیمان  بجنورد,50084123cbc671eed04176dc,,0.1380629843544839,0.5742912190615803,0.5742912190615803,0.8518518518518519,0.7796610169491517,0.8773256186980696,0.9829787234042553,0.37130030633732836
سبهان,1392,سیمان  بهبهان,181ad74e719a6fc86c9b3c48,0.6511858867184849,,0.8370466464852337,0.8370466464852337,1.0,0.9102744546094192,,0.9755826859045506,0.6026612770182064
سبهان,1393,سیمان  بهبهان,1d750deff3d85a82ab6d4d55,,,0.0,0.0,1.0,0.9522237587545106,,0.9793103448275862,1.0
سبهان,1394,سیمان  بهبهان,1346b5fbe5d77fa3532f9e23,,,1.0,1.0,0.8181818181818182,0.878252120166735,,0.9746450304259635,0.1644427147373745
سبهان,1395,سیمان  بهبهان,09cf08e171f4ff520372286c,,,1.0,1.0,1.0,0.896518836432998,,0.9615754082612872,1.0
سبهان,1396,سیمان  بهبهان,e66313e7e0b1376308e6250c,,,1.0,1.0,1.0,0.8329925017041594,,0.9773550724637681,1.0
سبهان,1397,سیمان  بهبهان,8b244a15019665d7abc289c0,0.8238099883518281,,,,1.0,1.0,,0.9859265050820953,
سبهان,1398,سیمان  بهبهان,3fa5c3d95bc11826aff32f79,0.9999998020980164,,0.6534653363762989,0.6534653363762989,0.7857142857142857,0.4975755699989719,,0.9529058116232465,0.6429138215758975
سبهان,1399,سیمان  بهبهان,c623ed7de29d345e77d4c894,0.999999981124696,,0.9999999040157022,0.9999999040157022,0.75,0.504157218442935,,0.9790209790209791,0.8008912567808091
سبهان,1400,سیمان  بهبهان,1b5c80550016d14e839962f7,0.9999998590364245,,0.8555309123952874,0.8555309123952874,0.7272727272727273,0.17380352644837097,,0.9785458879618594,0.7781402988640631
سبهان,1401,سیمان  بهبهان,5a8d992f19bad8d86a519e2a,,,0.8806839936722929,0.8806839936722929,0.8518518518518519,0.7796610169491517,,0.9680851063829787,0.5693944566508174
ستران,1392,سیمان  تهران,0b12910f118516047878e95d,0.6511858867184849,,0.78265449178005,0.78265449178005,1.0,0.9102744546094192,,0.9223085460599334,0.572612144688491
ستران,1393,سیمان  تهران,ce08494a5ca77dc2e0ebeee5,,,0.9048681651700413,0.9048681651700413,1.0,0.9522237587545106,,0.9408866995073891,0.40642886806075806
ستران,1394,سیمان  تهران,5ec148f737b40e03994b7740,,,1.0,1.0,0.8181818181818182,0.878252120166735,,0.9290060851926978,0.1644427147373745
ستران,1395,سیمان  تهران,0b2edc4758b92fc7619de4d2,,,1.0,1.0,1.0,0.896518836432998,,0.9193083573487032,1.0
ستران,1396,سیمان  تهران,225209e5a6110cbfc872ba13,,,1.0,1.0,1.0,0.8329925017041594,,0.9202898550724637,1.0
ستران,1397,سیمان  تهران,2fc22d7c63545c0d00883628,0.9999990573597408,,,,1.0,1.0,,0.9374511336982018,
ستران,1398,سیمان  تهران,68ad921e052ea74a35f0e69a,0.5257430549278503,,0.9622450479565214,0.9622450479565214,0.8571428571428571,0.4448865897333848,,0.8957915831663327,0.859132210769377
ستران,1399,سیمان  تهران,8d558ed04a36a98104981de2,0.9999995341484756,,0.5753830793569283,0.5753830793569283,0.8333333333333334,0.43586005830903374,,0.8811188811188811,1.0
ستران,1400,سیمان  تهران,6d4e9bbbbc7f5d21bad34766,0.9999993749371057,,0.9999999820565226,0.9999999820565226,0.8181818181818182,0.060003598416694746,,0.902264600715137,0.6849744178446479
ستران,1401,سیمان  تهران,c0f7324f3576cf03cbe2bcf3,,,0.5164251815343761,0.5164251815343761,0.8888888888888888,0.7507846829880711,,0.8531914893617021,0.33388779375270816
سخاش,1392,سیمان خاش,526a4fce94397c860246e137,0.6511858867184849,,0.9349371774751161,0.9349371774751161,1.0,0.9102744546094192,,0.9711431742508324,0.6567412364440595
سخاش,1393,سیمان خاش,86ead37195c694f55dc9533f,,,0.24602906516105905,0.24602906516105905,1.0,0.9522237587545106,,0.9891625615763546,0.8436277526523439
سخاش,1394,سیمان خاش,693c2440b198c176b842ff94,,,0.2758791536984766,0.2758791536984766,1.0,0.9522237587545106,,0.9888438133874239,0.7694871632751503
سخاش,1395,سیمان خاش,3af326e247411150c316b9c4,,,1.0,1.0,1.0,0.896518836432998,,0.983669548511047,1.0
سخاش,1396,سیمان خاش,5a8033fbf5f461369866fcd9,,,1.0,1.0,1.0,0.8329925017041594,,0.9936594202898551,1.0
سخاش,1397,سیمان خاش,ca5d56ac94b2f37f9bbecff6,0.9999998943525125,,,,1.0,1.0,,0.9976544175136826,
سخاش,1398,سیمان خاش,0ce83e3e68a759bccefa54d2,0.9999998368044618,,0.9495597611229396,0.9495597611229396,0.8571428571428571,0.4448865897333848,,1.0,0.80950949167398
سخاش,1399,سیمان خاش,d857279eff27918a188fa15d,0.9999996273700293,,0.786223721253814,0.786223721253814,0.8333333333333334,0.43586005830903374,,0.9953379953379954,0.6618542829487913
سخاش,1400,سیمان خاش,c7a31b7795ae0947a877e0cb,0.9999997853653764,,0.9120171030234608,0.9120171030234608,0.7272727272727273,0.17380352644837097,,0.9916567342073898,0.6282355288944691
سخاش,1401,سیمان خاش,0cd9776da15bfce21310b0af,,,,,0.4074074074074074,0.5012106537530251,,0.9829787234042553,
سخزر,1392,سیمان  خزر,242c408fc43766c83a8bbfbc,0.6511858867184849,,0.8145018909859445,0.8145018909859445,1.0,0.9102744546094192,,0.9833518312985572,0.7951644820257014
سخزر,1393,سیمان  خزر,5f0e803eedddf1fcb86dd7f3,,,0.6419703823347825,0.6419703823347825,1.0,0.9522237587545106,,0.9891625615763546,0.5808851464079434
سخزر,1394,سیمان  خزر,b94e57d1b06c6fc9cb70f1db,,,0.8517805541352931,0.8517805541352931,1.0,0.9522237587545106,,0.9847870182555781,0.28828855254721975
سخزر,1395,سیمان  خزر,6111183ded780b1614b85f35,,,1.0,1.0,1.0,0.896518836432998,,0.9798270893371758,1.0
سخزر,1396,سیمان  خزر,0694e203c0960c24c2db6ba4,,,1.0,1.0,1.0,0.8329925017041594,,0.9818840579710145,1.0
سخزر,1397,سیمان  خزر,9f005efee74fcf2233acbfcf,0.9999999036499467,,,,1.0,1.0,,0.9882720875684128,
سخزر,1398,سیمان  خزر,c3e7cad005529d1fb2a8214b,0.6226329626330049,,0.9336325763425786,0.9336325763425786,0.7857142857142857,0.4975755699989719,,0.9378757515030061,0.8005481611000231
سخزر,1399,سیمان  خزر,7a9ac58013e5e9e55d076267,0.9999996388464166,,0.8001793403653655,0.8001793403653655,0.75,0.504157218442935,,0.9906759906759907,0.9308520777966648
سخزر,1400,سیمان  خزر,affb41bcbdd0d97a89868a81,0.9999997802858941,,0.837329191344964,0.837329191344964,0.7272727272727273,0.17380352644837097,,0.9928486293206198,0.5800704433897029
سخزر,1401,سیمان  خزر,3b1fd30cd6436f15bb198668,,,0.8944846471971896,0.8944846471971896,0.8888888888888888,0.7507846829880711,,0.997872340425532,0.5783170845987472
سخوز,1392,سیمان خوزستان,572f3c9db1c319e7bc33f507,0.6511858867184849,,0.843501540642803,0.843501540642803,1.0,0.9102744546094192,,0.7524972253052165,0.7791435261584894
سخوز,1393,سیمان خوزستان,cbf51f170987061185a18749,,,0.41225730981427877,0.41225730981427877,1.0,0.9522237587545106,,0.9802955665024631,0.7333203905831921
سخوز,1394,سیمان خوزستان,629383f9fd131746e8203dfd,,,1.0,1.0,0.8181818181818182,0.878252120166735,,0.9726166328600405,0.1644427147373745
سخوز,1395,سیمان خوزستان,ccf6491f633abb2933979146,,,1.0,1.0,1.0,0.896518836432998,,0.9654178674351584,1.0
سخوز,1396,سیمان خوزستان,b7a9268673bdc4a32665e14a,,,1.0,1.0,1.0,0.8329925017041594,,0.9746376811594203,1.0
سخوز,1397,سیمان خوزستان,6f79fcb8af5173ef5a0f5350,0.9999999562202929,,,,1.0,1.0,,0.9695074276778733,
سخوز,1398,سیمان خوزستان,1fd432088af03daae7dc835b,0.9999994802125018,,0.8006512716210699,0.8006512716210699,0.7857142857142857,0.4975755699989719,,0.9438877755511021,0.9500519350273382
سخوز,1399,سیمان خوزستان,11e0a94c74848d5ea744b3db,0.9999997746397047,,0.8044675598241691,0.8044675598241691,0.75,0.504157218442935,,0.965034965034965,0.6737198148014548
سخوز,1400,سیمان خوزستان,d54793735f80ba82b2f58c02,0.9999995784643729,,0.9742790899065409,0.9742790899065409,0.7272727272727273,0.17380352644837097,,0.9630512514898689,0.6683873266154862
سخوز,1401,سیمان خوزستان,edc133dd30660093bcffb19b,,,0.5799192709788827,0.5799192709788827,0.8518518518518519,0.7796610169491517,,0.9574468085106383,0.3749390480272875
سدشت,1392,صنایع سیمان دشتستان,4ae45ec75fcfb095efc951c8,0.9915382245007232,,0.9159730521042871,0.9159730521042871,1.0,0.9102744546094192,,0.9200887902330743,0.6462644403716464
سدشت,1393,صنایع سیمان دشتستان,35e985e95ce35643f733d49c,0.707548045216801,0.21941217278956565,0.8646199034231203,0.8646199034231203,1.0,0.9522237587545106,,0.9576354679802955,0.4331372026788221
سدشت,1394,صنایع سیمان دشتستان,b1bbde6725f39181ae1750bf,,8.396838021629519e-10,1.0,1.0,1.0,0.6112325467279283,,0.9685598377281948,0.1644427147373745
سدشت,1395,صنایع سیمان دشتستان,ff9f1f3ef07b61b84960c9c8,,,1.0,1.0,1.0,0.896518836432998,0.7110280696978724,0.9634966378482228,1.0
سدشت,1396,صنایع سیمان دشتستان,a3a88c0b508d7a4cca19589d,,,1.0,1.0,1.0,0.8329925017041594,0.6866045958388283,0.9791666666666666,1.0
سدشت,1397,صنایع سیمان دشتستان,4681286b8b56fd43eec135c4,,,,,1.0,1.0,0.9999999787229831,0.9765441751368257,
سدشت,1398,صنایع سیمان دشتستان,089328929dab58f8d45802e6,,,,,,,1.0,0.9749498997995992,
سدشت,1399,صنایع سیمان دشتستان,00a86d89c67b21d1751d76d9,0.9999995341481089,,0.9582969826230207,0.9582969826230207,0.75,0.504157218442935,,0.9696969696969697,0.7737682727538595
سدشت,1400,صنایع سیمان دشتستان,3afba2b744c237c6972cd47b,0.9999997727649774,0.7889770166521962,0.9999997353451648,0.9999997353451648,0.7272727272727273,0.17380352644837097,,0.9618593563766389,0.684974576945008
سدشت,1401,صنایع سیمان دشتستان,f6dd7d51b0d644bad9d08f57,,0.8553747601268045,0.8158088278914581,0.8158088278914581,0.8888888888888888,0.794099183929693,,0.9893617021276596,0.5274502859433667
سدور,1392,سیمان  دورود,563a6be61c78b2f0bebca315,0.6511858867184849,,0.955872307894337,0.955872307894337,1.0,0.9102744546094192,,0.978912319644839,0.7170639105698984
سدور,1393,سیمان  دورود,25cb0f91e8519afe1b26f7f4,,0.4820112069804224,0.8622719002829666,0.8622719002829666,1.0,0.9522237587545106,,0.9694581280788177,0.43469531353453594
سدور,1394,سیمان  دورود,880f9f7501bc059510e65030,,,1.0,1.0,0.8181818181818182,0.878252120166735,,0.9614604462474645,0.1644427147373745
سدور,1395,سیمان  دورود,0745a79629c5e10d69900e12,,,1.0,1.0,1.0,0.896518836432998,1.0,0.9529298751200769,1.0
سدور,1396,سیمان  دورود,bc0f5ef3618ac7254d3a2668,,,1.0,1.0,1.0,0.8329925017041594,1.0,0.9773550724637681,1.0
سدور,1397,سیمان  دورود,d546e62b5b87f4d2c932a2c1,0.9999999225030343,,,,1.0,1.0,0.9999998495031563,0.9945269741985927,
سدور,1398,سیمان  دورود,d8678f0126d041bb54a16cee,0.999999769315786,0.49192434829399634,0.9570119768057872,0.9570119768057872,0.8571428571428571,0.4448865897333848,0.9529128430884707,0.9889779559118237,0.8620765654149382
سدور,1399,سیمان  دورود,2f3bb7a742adff577e443fad,0.9999998618511129,0.7483420307467151,0.9584211389462025,0.9584211389462025,0.75,0.504157218442935,0.927539102707072,1.0,0.7738490222519294
سدور,1400,سیمان  دورود,babb4b4e81ba66deeac20723,0.9999998286563565,1.0125167241083422e-09,0.9424127452232491,0.9424127452232491,0.7272727272727273,0.17380352644837097,0.9174903697029021,0.9904648390941597,0.6478372110492345
سدور,1401,سیمان  دورود,e0e2410b9e064840cff589fb,,9.717256165710967e-10,0.8534608248333195,0.8534608248333195,0.8518518518518519,0.7796610169491517,0.9427319760849772,0.9914893617021276,0.741279762693085
سرود,1392,سیمان شاهرود,1dcbfef12114d520cece9b3d,0.6511858867184849,,0.9581589382388259,0.9581589382388259,1.0,0.9102744546094192,,0.9844617092119867,0.7158006537972421
سرود,1393,سیمان شاهرود,708c8bfaff97aff9c68a8808,,,0.6213125611283427,0.6213125611283427,1.0,0.9522237587545106,,0.993103448275862,0.5945934651604655
سرود,1394,سیمان شاهرود,6a31287d64d990d3d06bebe2,,,1.0,1.0,0.8181818181818182,0.878252120166735,,0.9685598377281948,0.1644427147373745
سرود,1395,سیمان شاهرود,898a1f0f07a3c5d771bd3102,,,1.0,1.0,1.0,0.896518836432998,,0.9731027857829011,1.0
سرود,1396,سیمان شاهرود,e321869b8298efd5fe0ac555,,,1.0,1.0,1.0,0.8329925017041594,,0.9818840579710145,1.0
سرود,1397,سیمان شاهرود,ec6722243e75a0a3b478cf29,0.6974620310210474,,,,1.0,1.0,,0.9882720875684128,
سرود,1398,سیمان شاهرود,c525ab4a3d66f943db710d7a,0.9999998020983333,,0.9745867566002886,0.9745867566002886,0.7857142857142857,0.4975755699989719,,0.9829659318637275,0.8521882258448955
سرود,1399,سیمان شاهرود,35717d0a1d70a66d2a3ad7cf,0.9999997392455148,,0.9999999311797119,0.9999999311797119,0.75,0.504157218442935,,1.0,0.8008912744478928
سرود,1400,سیمان شاهرود,60d4c4d6740763edce11b435,0.9999997992293084,,0.9871066862333733,0.9871066862333733,0.7272727272727273,0.17380352644837097,,0.99880810488677,0.6766596461919402
سرود,1401,سیمان شاهرود,1bfd4dc144fc7f26b897c1a1,,,0.929874276377881,0.929874276377881,0.8518518518518519,0.7796610169491517,,1.0,0.6011977759967924
سشرق,1392,سیمان  شرق,8b786c80d74055e2f0927cd1,0.8137145073443312,,0.9302300178412632,0.9302300178412632,1.0,0.9102744546094192,,1.0,0.7312300816145677
سشرق,1393,سیمان  شرق,d3c57e906980d4c66c0e12eb,0.707548045216801,,0.8218780691647659,0.8218780691647659,1.0,0.9522237587545106,,0.993103448275862,0.4615002464977094
سشرق,1394,سیمان  شرق,48d21488222bfdad44f29efd,,,0.9664620492372473,0.9664620492372473,1.0,0.9522237587545106,,0.9452332657200812,0.13641983564477725
سشرق,1395,سیمان  شرق,9e82aa55a6e018799b15408e,,,1.0,1.0,1.0,0.896518836432998,,0.9356388088376562,1.0
سشرق,1396,سیمان  شرق,224a77922f6a554f1d9ea586,,,1.0,1.0,1.0,0.8329925017041594,,0.9692028985507246,1.0
سشرق,1397,سیمان  شرق,b921b1be09673659c726a0e3,0.9999964970426618,,,,1.0,1.0,,0.9921813917122753,
سشرق,1398,سیمان  شرق,4bd51f106a05d554a6dbe770,0.6608599217322486,,0.9528194034314466,0.9528194034314466,0.7857142857142857,0.4975755699989719,,0.9819639278557114,0.811343508964682
سشرق,1399,سیمان  شرق,0918bbeb70ecca4df7bdb383,0.9999995384663936,,0.9721096199514045,0.9721096199514045,0.75,0.504157218442935,,0.9778554778554779,0.7827518146525225
سشرق,1400,سیمان  شرق,d71fc6b342dcfc9f36f6c11e,0.9999995232385007,,0.9064565535529505,0.9064565535529505,0.7272727272727273,0.17380352644837097,,0.9785458879618594,0.7452991361428127
سشرق,1401,سیمان  شرق,bba5c67dba0c782aac18c332,,,0.9999995597090483,0.9999995597090483,0.8888888888888888,0.794099183929693,,0.9808510638297873,0.6465363399842428
سشمال,1392,سیمان  شمال,6d4b70d77a16b847f4df8a97,0.6511858867184849,,0.9108341702890019,0.9108341702890019,1.0,0.9102744546094192,,0.9611542730299667,0.6434254474960883
سشمال,1393,سیمان  شمال,47553576d5941e6352130245,,,0.9916181299611505,0.9916181299611505,1.0,0.9522237587545106,,0.9832512315270936,0.3377382328085873
سشمال,1394,سیمان  شمال,b093d8dc19f191ed6b2a30fa,,,1.0,1.0,0.8181818181818182,0.878252120166735,,0.9685598377281948,0.1644427147373745
سشمال,1396,سیمان  شمال,342b93d472d8473b2be6cf9c,,,1.0,1.0,1.0,0.8329925017041594,,0.9556159420289855,1.0
سشمال,1397,سیمان  شمال,c5de6f38b9a14607fc1331e9,0.9999998872384852,,,,1.0,1.0,,0.9687255668491008,
سشمال,1398,سیمان  شمال,3e05fc3766932080105c8ac7,0.7162179252772236,,,,0.7142857142857143,1.0,,0.9408817635270541,
سشمال,1399,سیمان  شمال,e6b467163663e4e885dc8ad7,0.9999994820151545,,0.9484546455701732,0.9484546455701732,0.8333333333333334,0.43586005830903374,,0.9475524475524475,0.7673669574081418
سشمال,1400,سیمان  شمال,d6df14ee72ee949d0e82331a,0.9999995232390363,,0.98664554346917,0.98664554346917,0.7272727272727273,0.17380352644837097,,0.9547079856972587,0.6935864898918193
سشمال,1401,سیمان  شمال,bd1a0e90be15211030e73192,,,0.9999983222024896,0.9999983222024896,0.9259259259259259,0.7657384987893442,,0.9148936170212766,0.6465355398909294
سصفها,1392,سیمان اصفهان,6b66081f1d97840addbcc946,0.6511858867184849,,0.9718781780957471,0.9718781780957471,1.0,0.9102744546094192,,0.9311875693673696,0.7082214127070847
سصفها,1393,سیمان اصفهان,491b410eddf725a6e257c337,,,0.29300222986757385,0.29300222986757385,1.0,0.9522237587545106,,0.9586206896551724,0.8124568412490207
سصفها,1394,سیمان اصفهان,e4f15677e97db31f32771d27,,,1.0,1.0,0.8181818181818182,0.878252120166735,,0.9137931034482758,0.1644427147373745
سصفها,1395,سیمان اصفهان,73d15f48f287a93ffcd6916f,,,1.0,1.0,1.0,0.896518836432998,,0.914505283381364,1.0
سصفها,1396,سیمان اصفهان,a839f0c5c3914c49d4ab7ccb,,,1.0,1.0,1.0,0.8329925017041594,,0.9284420289855072,1.0
سصفها,1397,سیمان اصفهان,def42596cc39038461344598,0.9999999168893954,,,,1.0,1.0,,0.9413604378420641,
سصفها,1398,سیمان اصفهان,2409a11de93ad21ddd8e54fa,0.9999992126891484,,0.9894905488919444,0.9894905488919444,0.7857142857142857,0.4975755699989719,,0.9158316633266533,0.831976298847448
سصفها,1399,سیمان اصفهان,82d9328d8547b01cf624a21c,0.9999998919243224,,0.6467152039457962,0.6467152039457962,0.75,0.504157218442935,,0.9184149184149184,0.5711199372433889
سصفها,1400,سیمان اصفهان,856e0320f4ce209f1019cbc6,0.9999997426954674,,0.9920064431422284,0.9920064431422284,0.7272727272727273,0.17380352644837097,,0.9070321811680572,0.6901293281459289
سصفها,1401,سیمان اصفهان,2f2cf6abe169d095660728a6,,,0.9741012082166168,0.9741012082166168,0.8518518518518519,0.7796610169491517,,0.8404255319148937,0.6632813364241509
سصوفی,1392,سیمان  صوفیان,f13fe6ed1f2b108b2117be54,0.6511858867184849,,0.8147020059641485,0.8147020059641485,1.0,0.9102744546094192,,0.9844617092119867,0.7950539278199744
سصوفی,1393,سیمان  صوفیان,3926117d20e481db443efa30,,,0.47416924603068655,0.47416924603068655,1.0,0.9522237587545106,,0.9793103448275862,0.6922362632805625
سصوفی,1394,سیمان  صوفیان,78df5eaf429fe7afaf9ea46e,,,1.0,1.0,1.0,0.6112325467279283,,0.9675456389452333,0.1644427147373745
سصوفی,1395,سیمان  صوفیان,27f685f16a015ea64a08254c,,,1.0,1.0,1.0,0.896518836432998,,0.9634966378482228,1.0
سصوفی,1396,سیمان  صوفیان,1a6fa389c564a87c6f17d16f,,,1.0,1.0,1.0,0.8329925017041594,,0.9755434782608695,1.0
سصوفی,1397,سیمان  صوفیان,b46ef6d32d14be7ab657e090,0.9999997946973215,,,,1.0,1.0,,0.9867083659108679,
سصوفی,1398,سیمان  صوفیان,fea128180c15a02d7b7c15db,0.9999994109090429,,0.9718393030787285,0.9718393030787285,0.8571428571428571,0.4448865897333848,,1.0,0.822044936151798
سصوفی,1399,سیمان  صوفیان,5e4a2a1d0c8b6ecc1997864a,0.9999995764173016,,0.965460171798316,0.965460171798316,0.8333333333333334,0.43586005830903374,,0.9953379953379954,0.7784271086122425
سصوفی,1400,سیمان  صوفیان,bf917a8e38b1f7e9ee7c3d63,0.9999997869674839,,0.9701463078102438,0.9701463078102438,0.8181818181818182,0.060003598416694746,,0.9880810488676997,0.7042265932019278
سصوفی,1401,سیمان  صوفیان,82de194ecd6787333fe79289,,,0.9054142913919666,0.9054142913919666,0.8888888888888888,0.7507846829880711,,0.9851063829787234,0.5853834998650471
سغرب,1392,سیمان غرب,f1470068e934a2759aae0ba7,0.6511858867184849,,0.8468251772204598,0.8468251772204598,1.0,0.9102744546094192,,0.9800221975582686,0.7773073717373377
سغرب,1393,سیمان غرب,bd73413bdf2582743562e1bb,,,0.31145860983369966,0.31145860983369966,1.0,0.9522237587545106,,0.9921182266009853,0.8002093763753079
سغرب,1394,سیمان غرب,8ea237c5e39241752474b691,,,1.0,1.0,1.0,0.6112325467279283,,0.9827586206896551,0.1644427147373745
سغرب,1395,سیمان غرب,fc127adb8e34eac1b260d4d7,,,1.0,1.0,1.0,0.896518836432998,,0.9731027857829011,1.0
سغرب,1396,سیمان غرب,bd4ab219be28174b582192a4,,,1.0,1.0,1.0,0.8329925017041594,,0.9782608695652174,1.0
سغرب,1397,سیمان غرب,d84bebac08156a2bda9fd8db,0.9999999413416581,,,,1.0,1.0,,0.9906176700547302,
سغرب,1398,سیمان غرب,f8e068583f84c6880fa4d376,0.999999844560491,,0.9287300202957158,0.9287300202957158,0.7857142857142857,0.4975755699989719,,0.9939879759519038,0.7977897687036808
سغرب,1399,سیمان غرب,afb3f851abe69e1505a210b8,0.9999998059265811,,0.9065676699352061,0.9065676699352061,0.75,0.504157218442935,,0.9918414918414918,0.7401242671326395
سغرب,1400,سیمان غرب,5922fa140ef186e0b18add2d,0.9999996015957412,,0.9976407084617679,0.9976407084617679,0.7272727272727273,0.17380352644837097,,0.9856972586412396,0.6864958770991207
سغرب,1401,سیمان غرب,45721d68b26884c20ebd94fa,,,0.9212729503544642,0.9212729503544642,0.8518518518518519,0.7796610169491517,,0.9914893617021276,0.5956367037021114
سفار,1392,سیمان فارس,8e21d91baa7a051bcab347b2,0.6511858867184849,,0.8833054476114712,0.8833054476114712,1.0,0.9102744546094192,,0.97669256381798,0.6282171102811202
سفار,1393,سیمان فارس,c2fb3db2ccbd968515c9cec8,,0.0,0.6287340671548107,0.6287340671548107,1.0,0.9522237587545106,,0.9822660098522168,0.5896686297086574
سفار,1394,سیمان فارس,e58514396dbae87f5ab0a455,,,1.0,1.0,1.0,0.6112325467279283,,0.9685598377281948,0.1644427147373745
سفار,1395,سیمان فارس,b9d4c1cc263d017355ea877c,,,1.0,1.0,1.0,0.896518836432998,1.0,0.9769452449567724,1.0
سفار,1396,سیمان فارس,a18c1541b0c1ea03b7603bb8,,,1.0,1.0,1.0,0.8329925017041594,1.0,0.9891304347826086,1.0
سفار,1397,سیمان فارس,486849366826a796e99a0df0,0.811832188224783,,,,1.0,1.0,0.9999998642769978,0.9945269741985927,
سفار,1398,سیمان فارس,d4b0c269c572f466b044522b,0.9999998020980264,1.2086971911865957e-05,0.8683422914147827,0.8683422914147827,0.8571428571428571,0.4448865897333848,0.970292866986726,0.9529058116232465,0.7638129919804152
سفار,1399,سیمان فارس,5684dc03be886d4eac4fe5ca,0.9999996571098778,6.241014141029779e-10,0.9999997553029754,0.9999997553029754,0.8333333333333334,0.43586005830903374,0.9635605359802175,0.9755244755244755,0.8008911600601771
سفار,1400,سیمان فارس,93edf55e6a4634167b3ecdad,0.9999994004080047,7.309841718480535e-10,0.7177856300103409,0.7177856300103409,0.7272727272727273,0.17380352644837097,0.20676407430899635,0.9856972586412396,0.5029786393235823
سفار,1401,سیمان فارس,0602870a828f255175e56879,,0.9481710810964648,0.6246584899059922,0.6246584899059922,0.8518518518518519,0.7796610169491517,0.01028657034628433,0.9765957446808511,0.40386459162182964
سفارس,1392,سیمان فارس و خوزستان,42693bfef0919aed7891829f,0.44767957891398924,,,,0.2222222222222222,0.9165120593691957,,0.9112097669256382,
سفارس,1393,سیمان فارس و خوزستان,fe57feb2fa7e1a7f88ef353f,0.9519204892492519,,,,0.125,0.9555451017287978,,0.929064039408867,
سفارس,1394,سیمان فارس و خوزستان,4168549eb30747765b0d60f7,0.0,,,,0.2727272727272727,0.9417852522639033,,0.9178498985801217,
سفارس,1395,سیمان فارس و خوزستان,c03dbf8287e5d25750b57ab0,,,1.0,1.0,0.6666666666666666,0.8497854077253144,,0.909702209414025,1.0
سفارس,1396,سیمان فارس و خوزستان,aaaebf58711f7c14a01e2927,,,1.0,1.0,0.6666666666666666,0.7895705521472348,,0.9356884057971014,1.0
سفارس,1397,سیمان فارس و خوزستان,d2660af4fbf550dfb8305087,,,1.0,1.0,0.8,0.7142418661755624,,0.9515246286161063,1.0
سفارس,1398,سیمان فارس و خوزستان,157c7d995409147958ca8049,0.9999993956979792,,,,0.5,0.8801017318638765,,0.9719438877755511,
سفارس,1399,سیمان فارس و خوزستان,d127d57b8e504a970cc124fa,0.999999498437869,,,,0.4166666666666667,1.0,,0.9871794871794872,
سفارس,1400,سیمان فارس و خوزستان,130a59787e12c35efbd55d31,0.9999997094347015,,,,0.36363636363636365,1.0,,1.0,
سفارس,1401,سیمان فارس و خوزستان,44c801b9cbe9a208c8448817,,,,,0.7407407407407407,1.0,,1.0,
سفانو,1392,سیمان فارس نو,762772d06484d138c76524a8,0.6511858867184849,,0.8971298769004138,0.8971298769004138,1.0,0.9102744546094192,,0.9733629300776915,0.6358544636335998
سفانو,1393,سیمان فارس نو,436816fb49bb08a0e9046438,,,0.010383105530688885,0.010383105530688885,1.0,0.9522237587545106,,0.9832512315270936,1.0
سفانو,1394,سیمان فارس نو,5164b1d87e021dc3efc57469,,,0.5216180550717453,0.5216180550717453,1.0,0.9522237587545106,,0.9797160243407708,0.5641582339602818
سفانو,1395,سیمان فارس نو,cc32fee0e01d4ba90039aae8,,,1.0,1.0,1.0,0.896518836432998,,0.9731027857829011,1.0
سفانو,1396,سیمان فارس نو,30a31e42cb0d3687a39cf7cd,,,1.0,1.0,1.0,0.8329925017041594,,0.9873188405797102,1.0
سفانو,1397,سیمان فارس نو,5c6e6e6ca4b6ead88dae289a,0.9999999759568863,,,,1.0,1.0,,0.9945269741985927,
سفانو,1398,سیمان فارس نو,5131fcae6ac9df465cd7cca1,0.9999999727364781,,0.9856150336020025,0.9856150336020025,0.8571428571428571,0.4448865897333848,,0.9959919839679359,0.8297957644883303
سفانو,1399,سیمان فارس نو,1a8214ebd49d7acf79b3fdaa,0.0,,0.8577547307732463,0.8577547307732463,0.75,0.504157218442935,,1.0,0.8934058667824794
سفانو,1400,سیمان فارس نو,ce809c566101a4c39e081c20,0.9999994366575724,,0.6614981079701451,0.6614981079701451,0.7272727272727273,0.17380352644837097,,0.9916567342073898,0.4666796820895433
سفانو,1401,سیمان فارس نو,5324771b5efc73b52629d6f4,,,0.6430454376924419,0.6430454376924419,0.8518518518518519,0.7796610169491517,,0.997872340425532,0.41575242678126856
سقاین,1392,سیمان  قائن,28b06401d0a5794e3bd94726,0.6511858867184849,,0.7133309270490746,0.7133309270490746,1.0,0.9102744546094192,,1.0,0.534314103703361
سقاین,1393,سیمان  قائن,2bdcb7dff9aad4537fec56d8,,0.5196772130108404,0.6837975128646552,0.6837975128646552,1.0,0.9522237587545106,,0.9802955665024631,0.5531290906227332
سقاین,1394,سیمان  قائن,c415cb5034a059f463917f97,,,0.8895339794505833,0.8895339794505833,1.0,0.9522237587545106,,0.986815415821501,0.07214202649333848
سقاین,1395,سیمان  قائن,ce2e2360b7e1c88f58df9eb1,,,1.0,1.0,1.0,0.896518836432998,1.0,0.9807877041306436,1.0
سقاین,1396,سیمان  قائن,5d1f3dadf8518a8a412ad928,,,1.0,1.0,1.0,0.8329925017041594,1.0,0.9891304347826086,1.0
سقاین,1397,سیمان  قائن,1d8067c8924e30af4445b357,0.7770221937366754,,,,1.0,1.0,0.9999986590134013,0.9882720875684128,
سقاین,1398,سیمان  قائن,34a5dfb0a791349667a3ff1c,0.9999995402598566,1.8356934218248185e-06,0.8374959135823069,0.8374959135823069,0.8571428571428571,0.4448865897333848,0.3837367742065163,0.998997995991984,0.7464574710532746
سقاین,1399,سیمان  قائن,6e2750a348ce8cb9dc53c098,0.9999999718482121,0.8237143590241539,0.417879470849036,0.417879470849036,0.75,0.504157218442935,0.4626067063425935,0.9953379953379954,0.42228844711502694
سقاین,1400,سیمان  قائن,8ac9332c25641c70d51215f7,0.9999995232383381,0.3912913905954715,0.5301907554292156,0.5301907554292156,0.7272727272727273,0.17380352644837097,0.2725361524111586,0.9916567342073898,0.3820015900073515
سقاین,1401,سیمان  قائن,e6ccca8df900da4b0f13d278,,9.62773350656646e-10,0.9999980601436049,0.9999980601436049,0.8518518518518519,0.7796610169491517,0.0,0.9957446808510638,0.6465353704602627
سمازن,1392,سیمان مازندران,c29be473d7f3ac82ef4bca68,0.6511858867184849,,0.962984601176752,0.962984601176752,1.0,0.9102744546094192,,0.9633740288568258,0.6722361318179639
سمازن,1393,سیمان مازندران,0a75f4fbc9622eb24c2e574c,,,0.5397704851232238,0.5397704851232238,1.0,0.9522237587545106,,0.8788177339901477,0.6487039523435034
سمازن,1394,سیمان مازندران,c6800ab48d510f3bdbdbb492,,,1.0,1.0,0.8181818181818182,0.878252120166735,,0.9705882352941176,0.1644427147373745
سمازن,1396,سیمان مازندران,08a38a29ae2b43adab47bffc,,,1.0,1.0,1.0,0.8329925017041594,,0.9710144927536232,1.0
سمازن,1397,سیمان مازندران,1752fde011d836c85b05b25b,,,,,1.0,1.0,,0.9679437060203284,
سمازن,1398,سیمان مازندران,9a5140ae4cb344101c8e46b1,,,,,,,,0.9468937875751503,
سمازن,1399,سیمان مازندران,af70e9341460cd7f7349923d,0.9999995299465518,,0.9262666051295878,0.9262666051295878,0.75,0.504157218442935,,0.9522144522144522,0.7529361730323276
سمازن,1400,سیمان مازندران,134edbef2b7f02762f5f7d0b,0.9999995951191122,,0.9753148665873433,0.9753148665873433,0.7272727272727273,0.17380352644837097,,0.9475566150178785,0.7008934691415442
سمازن,1401,سیمان مازندران,2208ecefd50d8d365a633a96,,,0.8104901078671106,0.8104901078671106,0.8888888888888888,0.794099183929693,,0.9361702127659575,0.524011538651375
سنیر,1392,سیمان  سفید نی ریز,2e5cab4b4d36ab9e540d97dd,0.6511858867184849,,0.898003336900772,0.898003336900772,1.0,0.9102744546094192,,0.9855715871254163,0.6363370096051234
سنیر,1393,سیمان  سفید نی ریز,63585058f272ce100e4c3cea,,,0.4877797388623144,0.4877797388623144,1.0,0.9522237587545106,,1.0,0.6832044795193251
سنیر,1394,سیمان  سفید نی ریز,f3a6ff82526d321782a8a97c,,,0.6906359491861733,0.6906359491861733,1.0,0.9522237587545106,,0.9918864097363083,0.4229341011932245
سنیر,1395,سیمان  سفید نی ریز,ba6294fc9f8344341494eed6,,,1.0,1.0,1.0,0.896518836432998,,0.9827089337175793,1.0
سنیر,1396,سیمان  سفید نی ریز,22fe9131046df0044684914a,,,1.0,1.0,1.0,0.8329925017041594,,0.9909420289855072,1.0
سنیر,1397,سیمان  سفید نی ریز,4535dd8d72cb9f02f176f022,0.8552101410537937,,,,1.0,1.0,,0.99687255668491,
سنیر,1398,سیمان  سفید نی ریز,28b341a82a952f449a9afd70,0.9999997043762057,,0.88959119305325,0.88959119305325,0.8571428571428571,0.4448865897333848,,1.0,0.7757685531509363
سنیر,1399,سیمان  سفید نی ریز,cba61f7bd4631699f5e37829,0.9999999563033242,,0.8674048040101316,0.8674048040101316,0.8333333333333334,0.43586005830903374,,0.9918414918414918,0.7146532988776008
سنیر,1400,سیمان  سفید نی ریز,0404d650cb3a03ff961d0d44,1.0,,0.9233929451301492,0.9233929451301492,0.8181818181818182,0.060003598416694746,,0.9856972586412396,0.7343771177046826
سنیر,1401,سیمان  سفید نی ریز,a549fe8a3f1fcb992ddcc92d,,,,,0.1111111111111111,0.0,,0.9829787234042553,
سهرمز,1392,سیمان هرمزگان,4d4c60eaf954e8c57c890008,0.7413759501747059,,0.849596174492377,0.849596174492377,1.0,0.9102744546094192,,0.9655937846836848,0.6095943067870412
سهرمز,1393,سیمان هرمزگان,248022fbd00bb26b8f96e433,0.707548045216801,,0.48266176894458757,0.48266176894458757,1.0,0.9522237587545106,,0.9714285714285714,0.0
سهرمز,1394,سیمان هرمزگان,0aa1f9181a9fd3cb3cee767f,,,0.8113523124054461,0.8113523124054461,1.0,0.9522237587545106,,0.9543610547667343,0.3220686644549518
سهرمز,1395,سیمان هرمزگان,24daa9a6c4f3f73be51f1ceb,,,1.0,1.0,1.0,0.896518836432998,,0.9462055715658021,1.0
سهرمز,1396,سیمان هرمزگان,2c32ffb03f99ab8ca2115664,,,1.0,1.0,1.0,0.8329925017041594,,0.9601449275362319,1.0
سهرمز,1397,سیمان هرمزگان,901456762c9d98566252053e,,,,,1.0,1.0,,0.9734167318217357,
سهرمز,1398,سیمان هرمزگان,f5a2eb2bf9c985413b224898,,,,,,,,0.9619238476953907,
سهرمز,1399,سیمان هرمزگان,cbf25a7bc7a0b1098114ac70,0.9999999911010629,,0.8336573725131253,0.8336573725131253,0.75,0.504157218442935,,0.9463869463869464,0.6927044517734622
سهرمز,1400,سیمان هرمزگان,4fe491e8418567fe4dbd9b06,0.9999997636204481,,0.6206089339373215,0.6206089339373215,0.7272727272727273,0.17380352644837097,,0.9535160905840286,0.44031088265131735
سهرمز,1401,سیمان هرمزگان,223f1f80e278712fa87b157b,,,0.9738238775076176,0.9738238775076176,0.8888888888888888,0.794099183929693,,0.9361702127659575,0.6634606408846586
سهگمت,1392,سیمان هگمتان,0fd2c5f095e690e0ad154cf2,0.6511858867184849,,0.8273539235252447,0.8273539235252447,1.0,0.9102744546094192,,0.9700332963374029,0.7880643325910546
سهگمت,1393,سیمان هگمتان,9c2a216bb7bf1117ffb3b11c,,,0.519058899404811,0.519058899404811,1.0,0.9522237587545106,,0.9113300492610837,0.6624479486759762
سهگمت,1394,سیمان هگمتان,01e3166c4379e866dc50cf8c,,,0.5455763571414599,0.5455763571414599,1.0,0.9522237587545106,,0.9482758620689655,0.5441397001234092
سهگمت,1395,سیمان هگمتان,488040d83637f326209a27d3,,,1.0,1.0,1.0,0.896518836432998,,0.9375600384245918,1.0
سهگمت,1396,سیمان هگمتان,075805728b8eabcfb1aba468,,,1.0,1.0,1.0,0.8329925017041594,,0.9501811594202898,1.0
سهگمت,1397,سیمان هگمتان,80027acc3192f75aaa68adf3,0.6260204925400156,,,,1.0,1.0,,0.9390148553557467,
سهگمت,1398,سیمان هگمتان,964852a074ec37129ea13b72,0.9999995628683492,,,,0.7142857142857143,1.0,,0.872745490981964,
سهگمت,1399,سیمان هگمتان,6b9a8af1ef9d20d5b63ae9a2,0.9999995341480353,,0.9415323682385722,0.9415323682385722,0.75,0.504157218442935,,0.9009324009324009,0.8389180887826776
سهگمت,1400,سیمان هگمتان,153508e91cd4c31f82b50d31,0.9999995894362234,,0.9999998936313143,0.9999998936313143,0.7272727272727273,0.17380352644837097,,0.9070321811680572,0.6849744748687048
سهگمت,1401,سیمان هگمتان,c889ae79348cd9b7ecda2d3f,,,0.6487682953482674,0.6487682953482674,0.8888888888888888,0.794099183929693,,0.8574468085106383,0.4194524638534095
سپ,1396,پرداخت الکترونیک سامان کیش,741a425f59b59f587dd31702,,,1.0,1.0,1.0,0.8329925017041594,,0.9610507246376812,1.0
سپ,1397,پرداخت الکترونیک سامان کیش,65b246710a4e36f874148ede,0.9999999922356562,,,,1.0,1.0,,0.9812353401094606,
سپ,1398,پرداخت الکترونیک سامان کیش,0b64f31182afb843c98a38f2,1.0,0.2625090226754503,,,0.7142857142857143,1.0,,0.938877755511022,
سپ,1399,پرداخت الکترونیک سامان کیش,10ec83af10b653697bf6d0d7,0.9999998821463912,0.7142833183996993,0.8452577627080445,0.8452577627080445,0.75,0.504157218442935,0.876384762115089,0.9195804195804196,0.9015337161968191
سپ,1400,پرداخت الکترونیک سامان کیش,5bcef2d9fe8d5dda2f933329,0.9999998673656952,1.0,0.9154915672683417,0.9154915672683417,0.7272727272727273,0.17380352644837097,0.8833418781454535,0.9475566150178785,0.7394725947606973
سپ,1401,پرداخت الکترونیک سامان کیش,410a7774028ada4658536771,,0.9303760410614528,0.6730849127177658,0.6730849127177658,0.8888888888888888,0.794099183929693,0.9247870639457574,0.925531914893617,0.857899396080164
سپاها,1392,سیمان سپاهان,a92365f662c98a3ce8ff6061,0.8095173013734753,,0.906843313728811,0.906843313728811,1.0,0.9102744546094192,,0.9944506104328524,0.7441501464739215
سپاها,1393,سیمان سپاهان,995c1f8ff58f4b7bbd1a2912,0.707548045216801,,0.8688248408603426,0.8688248408603426,1.0,0.9522237587545106,,0.9783251231527094,0.43034684922635413
سپاها,1394,سیمان سپاهان,c6c6d46fa58478620122d60d,,,0.8629926918191573,0.8629926918191573,1.0,0.9522237587545106,,0.960446247464503,0.27892016922209933
سپاها,1395,سیمان سپاهان,860fd6a07afa22eff27b7bec,,,1.0,1.0,1.0,0.896518836432998,,0.951969260326609,1.0
سپاها,1396,سیمان سپاهان,bbb3745f419af8f92088db5f,,,1.0,1.0,1.0,0.8329925017041594,,0.9628623188405797,1.0
سپاها,1397,سیمان سپاهان,260de88c2c16f71cd307626d,,,,,1.0,1.0,,0.9788897576231431,
سپاها,1398,سیمان سپاهان,b62ea72c98a6569b1c22dbbb,,,,,,,,0.9639278557114228,
سپاها,1399,سیمان سپاهان,c6fbbaa274e8f3a8fc76718a,0.9999985679934871,,0.9197532361825177,0.9197532361825177,0.75,0.504157218442935,,0.9766899766899767,0.7486999709627045
سپاها,1400,سیمان سپاهان,b37c6aa6e2941de0c6cdf38b,0.9999997604931684,,0.6665706019887743,0.6665706019887743,0.7272727272727273,0.17380352644837097,,0.9702026221692491,0.4699508554647126
سپاها,1401,سیمان سپاهان,87dd70931897d31f4c3869bf,,,0.8057004370250032,0.8057004370250032,0.8888888888888888,0.794099183929693,,0.9744680851063829,0.5209148410319415
سپید,1397,سپید ماکیان,6eec378313de4de356c85fcf,0.9999999290398097,,,,1.0,1.0,,0.5809225957779516,
سپید,1398,سپید ماکیان,ae050bff5001f5d75c26b30f,0.999999828750187,,0.9257989547839884,0.9257989547839884,0.7857142857142857,0.4975755699989719,,0.8136272545090181,0.7961406230858752
سپید,1399,سپید ماکیان,e17ab81beaf474641445e6fa,0.9999995341482514,,0.7181041748679429,0.7181041748679429,0.75,0.504157218442935,,0.9055944055944056,0.6175503035908542
سپید,1400,سپید ماکیان,e02ad68a0cf9f47f8401cd55,0.9999999454696598,,0.9999992879467885,0.9999992879467885,0.7272727272727273,0.17380352644837097,,0.9630512514898689,0.684973886742387
سپید,1401,سپید ماکیان,51f7d5319ee85b72c17e5471,,,0.7684988700012129,0.7684988700012129,0.8518518518518519,0.7796610169491517,,0.9212765957446809,0.4968626654567464
سکرد,1392,سیمان کردستان,a6e8ed616d7e5d46e407faba,0.8517282527715697,,0.8540088699313026,0.8540088699313026,1.0,0.9102744546094192,,0.9889012208657048,0.6120321155095253
سکرد,1393,سیمان کردستان,92e93c455dccde90392d904e,0.707548045216801,0.8001919701812739,0.9972160890670131,0.9972160890670131,1.0,0.9522237587545106,,0.9576354679802955,0.34514773079741984
سکرد,1394,سیمان کردستان,0c33a698569643243a504b51,,0.5021897918082225,0.8669212183789254,0.8669212183789254,1.0,0.9522237587545106,,0.9381338742393509,0.2756376602347374
سکرد,1395,سیمان کردستان,e9c44065774f7f56b8686a39,,,1.0,1.0,1.0,0.896518836432998,0.86199818655848,0.9404418828049952,1.0
سکرد,1396,سیمان کردستان,f480688d041a3e97f89fe283,,,1.0,1.0,1.0,0.8329925017041594,0.8243765428981883,0.9492753623188406,1.0
سکرد,1397,سیمان کردستان,044e6365c528707f6cce8090,,,,,1.0,1.0,0.9999993521675745,0.9601250977326036,
سکرد,1398,سیمان کردستان,34c215477e060cbd38efd24b,,,,,,,0.9999996336429461,0.9749498997995992,
سکرد,1399,سیمان کردستان,6dffd08e4b31f30aadc9f6ff,0.9999996863640292,,0.8630422969578103,0.8630422969578103,0.8333333333333334,0.43586005830903374,,0.9696969696969697,0.8899669093095735
سکرد,1400,سیمان کردستان,97f485e4178431690bd718ce,0.9999998516859966,9.536823989954112e-10,0.9643893857282408,0.9643893857282408,0.8181818181818182,0.060003598416694746,,0.9821215733015495,0.6620096084993989
سکرد,1401,سیمان کردستان,cb5b5dcd030bdde5f9aa7a85,,0.8934586372800682,0.837273487256817,0.837273487256817,0.9259259259259259,0.7657384987893442,,0.9468085106382979,0.7517454692918424
سکرما,1392,سیمان  کرمان,5ffdf73f1f2a0db5876c1d7f,0.6511858867184849,,0.7869648450807131,0.7869648450807131,1.0,0.9102744546094192,,0.978912319644839,0.5749934141458509
سکرما,1393,سیمان  کرمان,9db997ac330c164591917d42,,,0.5621537057777601,0.5621537057777601,1.0,0.9522237587545106,,0.9832512315270936,0.6338506761739543
سکرما,1394,سیمان  کرمان,cde7789a49bce7f2926563b5,,,0.7615540794149365,0.7615540794149365,1.0,0.9522237587545106,,0.9827586206896551,0.36367794082337773
سکرما,1396,سیمان  کرمان,70e3c3de5f62ced156d70ceb,,,1.0,1.0,1.0,0.8329925017041594,,0.9737318840579711,1.0
سکرما,1397,سیمان  کرمان,ddd84fb114c688773b7ced15,,,,,1.0,1.0,,0.980453479280688,
سکرما,1398,سیمان  کرمان,6a65e7522190c7db44882b7c,,,,,,,,0.9539078156312625,
سکرما,1399,سیمان  کرمان,14757fb052b7111802be9eb0,0.22517597731020023,,0.6537798824652847,0.6537798824652847,0.8333333333333334,0.43586005830903374,,0.9533799533799534,0.5757147031792172
سکرما,1400,سیمان  کرمان,fd5c0e6e48177f4baa46627b,0.999999609042733,,0.0,0.0,0.8181818181818182,0.060003598416694746,,0.9547079856972587,0.0
سکرما,1401,سیمان  کرمان,c559267ac0b492f2db51e092,,,0.1435618415256854,0.1435618415256854,0.9259259259259259,0.7657384987893442,,0.9276595744680851,0.092817988448335
سیتا,1396,سرمایه گذاری سیمان تامین,b6ffda3ebec9ef473cf3c24c,,,1.0,1.0,0.6666666666666666,0.7895705521472348,,0.0,1.0
سیتا,1397,سرمایه گذاری سیمان تامین,581d8686234be104a338491b,,,1.0,1.0,0.8,0.7142418661755624,,0.42611415168100075,1.0
سیتا,1398,سرمایه گذاری سیمان تامین,0a3139d1fa1344480ef01e20,0.9999994711973869,,,,0.5,0.8801017318638765,,0.6222444889779559,
سیتا,1399,سرمایه گذاری سیمان تامین,76c8b512d2383af4d05c9e72,0.9999996183091232,0.3357462772555727,,,0.4166666666666667,1.0,,0.9568764568764568,
سیتا,1400,سرمایه گذاری سیمان تامین,37db15b95ae8ca34d698a430,0.9999999988737289,8.380000981161431e-10,,,0.36363636363636365,1.0,,0.9845053635280095,
سیتا,1401,سرمایه گذاری سیمان تامین,f15d21a27eca9139e8202710,,0.011652420217993432,,,0.7407407407407407,1.0,0.9281240518302436,0.9787234042553191,
سیدکو,1392,سرمایه گذاری توسعه صنایع سیمان,ce2a4537b5321d654e320ff9,0.9187996716571591,,,,0.2222222222222222,0.9165120593691957,,0.93007769145394,
سیدکو,1393,سرمایه گذاری توسعه صنایع سیمان,658bd1cfae71a9270d6e0b31,0.8615660221216102,1.0622036355623656e-09,,,0.0,0.9417852522639033,,0.9517241379310345,
سیدکو,1394,سرمایه گذاری توسعه صنایع سیمان,956c037b1bf7e5eafb14215c,0.0,0.6221243777176109,,,0.2727272727272727,0.9417852522639033,,0.9411764705882353,
سیدکو,1395,سرمایه گذاری توسعه صنایع سیمان,dee8d0858d6f2e4bb7095eb9,,0.16692544919833585,1.0,1.0,0.6666666666666666,0.8497854077253144,0.6883736034651087,0.9538904899135446,1.0
سیدکو,1396,سرمایه گذاری توسعه صنایع سیمان,acbce3e4460760597829feac,,,1.0,1.0,0.6666666666666666,0.7895705521472348,0.6731564607651184,0.9538043478260869,1.0
سیدکو,1397,سرمایه گذاری توسعه صنایع سیمان,f338aa50f04af33740a0f0ce,,,1.0,1.0,0.8,0.7142418661755624,0.46299043799877526,0.9640344018764659,1.0
سیدکو,1398,سرمایه گذاری توسعه صنایع سیمان,2cb621801b04a9914dc65b9f,,,,,0.5,0.8801017318638765,0.8950215946426275,0.9428857715430862,
سیدکو,1399,سرمایه گذاری توسعه صنایع سیمان,96b45b354220c737249a1214,,,,,,,0.9396031178462112,0.9755244755244755,
سیدکو,1400,سرمایه گذاری توسعه صنایع سیمان,6735825f9ef39996efa0b416,0.9999996325443671,,,,0.36363636363636365,1.0,,0.966626936829559,
سیدکو,1401,سرمایه گذاری توسعه صنایع سیمان,290bf9991e13735ce67da86c,,0.767317584722267,,,0.7407407407407407,1.0,,0.9404255319148936,
سیستم,1392,همکاران سیستم,d504ef04ca2ba2e26a498d7f,0.9942025808884815,,,,0.5555555555555556,0.8224489795918273,,0.946725860155383,
سیستم,1393,همکاران سیستم,1a72fdef690bb7106f43f8b9,0.707548045216801,,,,0.625,0.9184993531694685,,0.9724137931034482,
سیستم,1394,همکاران سیستم,a79ee17b27948323958ef275,,,1.0,1.0,0.8181818181818182,0.878252120166735,,0.9675456389452333,0.1644427147373745
سیستم,1395,همکاران سیستم,a5ae3cefcbd922e45979ca84,,,1.0,1.0,1.0,0.896518836432998,,0.9654178674351584,1.0
سیستم,1396,همکاران سیستم,e464f63d503293873a4599cc,,,1.0,1.0,1.0,0.8329925017041594,,0.9755434782608695,1.0
سیستم,1397,همکاران سیستم,b5848c46211df58bc86d8237,0.99982864259356,,,,1.0,1.0,,0.980453479280688,
سیستم,1398,همکاران سیستم,90a4f5a625cb0c25a46f346e,0.9999998025525065,,0.947597776100919,0.947597776100919,0.7857142857142857,0.4975755699989719,,0.9509018036072144,0.867373406367642
سیستم,1399,همکاران سیستم,ab2b338febb4acd07849f5c4,0.9999997780652723,,0.9998730904056404,0.9998730904056404,0.75,0.504157218442935,,0.951048951048951,0.8009741169309649
سیستم,1400,همکاران سیستم,ad8110af8fcd7ab036f2eb89,0.9999996890609628,,0.9394443764439926,0.9394443764439926,0.7272727272727273,0.17380352644837097,,0.9499404052443385,0.7240257965292677
سیستم,1401,همکاران سیستم,616bd88c30dbc67e812aaad5,,,0.9165419749202965,0.9165419749202965,0.8888888888888888,0.794099183929693,,0.9212765957446809,0.7004954888369075
سیسکو,1398,فولاد سیرجان ایرانیان,339bf0bc23f9a9abfd23ded7,0.999999685170991,,,,0.7142857142857143,1.0,,0.0,
سیسکو,1399,فولاد سیرجان ایرانیان,10a33c3e077a57f1f7bb8bb3,0.9999992203269178,,0.9474739701417285,0.9474739701417285,0.75,0.504157218442935,,0.0,0.7667291401259694
سیسکو,1400,فولاد سیرجان ایرانیان,8116eda213f0b8a9ee96864c,0.9999999923945483,,0.7826308005373267,0.7826308005373267,0.7272727272727273,0.17380352644837097,,0.0,0.5447962924459234
سیسکو,1401,فولاد سیرجان ایرانیان,d714a5f8b3c2cef04555a529,,,0.7367625056321447,0.7367625056321447,0.8888888888888888,0.794099183929693,,0.0,0.8167295000915622
سیلام,1392,سیمان  ایلام,5fa203daa8533093f1abc425,0.6511858867184849,,0.9207602041211033,0.9207602041211033,1.0,0.9102744546094192,,0.9578246392896781,0.7364617126679285
سیلام,1393,سیمان  ایلام,3263dd263423b9b9f6eae225,,0.5189336065132277,0.4892673274178423,0.4892673274178423,1.0,0.9522237587545106,,0.9270935960591133,0.6822173309769889
سیلام,1394,سیمان  ایلام,563787e7b36961e696968c2b,,,1.0,1.0,1.0,0.6112325467279283,,0.9168356997971603,0.1644427147373745
سیلام,1395,سیمان  ایلام,11fbefe0f12646c07e73c7dd,,,1.0,1.0,1.0,0.896518836432998,1.0,0.9154658981748319,1.0
سیلام,1396,سیمان  ایلام,f68571042a5ef66cb05b8003,,,1.0,1.0,1.0,0.8329925017041594,1.0,0.927536231884058,1.0
سیلام,1397,سیمان  ایلام,a0387a923fb697c2d8c901b8,0.0,,,,1.0,1.0,0.9999999952906425,0.9351055512118843,
سیلام,1398,سیمان  ایلام,f42581d501739f994b846388,0.999999740042614,0.0,,,0.7142857142857143,1.0,0.9128963904582043,0.905811623246493,
سیلام,1399,سیمان  ایلام,df368d7b95449a50e1318c8f,0.9999966553492918,6.347391387307241e-10,0.9293306361537815,0.9293306361537815,0.75,0.504157218442935,0.9085860906486122,0.8997668997668997,0.7549289750172234
سیلام,1400,سیمان  ایلام,71a52c60e62dd8daa69cbf3b,0.9999987640718644,1.3632305646613862e-10,0.9983970093565242,0.9983970093565242,0.7272727272727273,0.17380352644837097,0.9814639290634657,0.899880810488677,0.686008150284371
سیلام,1401,سیمان  ایلام,89c0d07a58ca4f16ace30185,,0.8961773119515336,0.9430921402167504,0.9430921402167504,0.8888888888888888,0.794099183929693,0.4619416550762555,0.8340425531914893,0.609743609068238
سیمرغ,1395,سیمرغ,c78290efee0b810d65e80cd9,,,1.0,1.0,1.0,0.896518836432998,,0.3477425552353506,1.0
سیمرغ,1396,سیمرغ,8be428a43cb3dc8de3c92267,,,1.0,1.0,1.0,0.8329925017041594,,0.7219202898550725,1.0
سیمرغ,1398,سیمرغ,dab2bc090c3e8ffd97d7f481,0.9999995524536962,,,,0.7142857142857143,1.0,,0.906813627254509,
سیمرغ,1399,سیمرغ,ecdf638a16dd27d01b72d576,0.9999987639873684,,0.8654216333359457,0.8654216333359457,0.75,0.504157218442935,,0.8648018648018648,0.8884194229363471
سیمرغ,1400,سیمرغ,a23d209dcea8682f87c9d895,0.5492179001596522,,0.9283432187539444,0.9283432187539444,0.7272727272727273,0.17380352644837097,,0.9356376638855781,0.7311847623823322
سیمرغ,1401,سیمرغ,6e43a898f13e009f048e975f,,,0.6368648485731174,0.6368648485731174,0.8148148148148148,0.9199999999999985,,0.825531914893617,0.4117564495537214
شاملا,1392,معدنی  املاح   ایران,982da12457d75adbde6db94d,0.6511858867184849,,0.9671384039210988,0.9671384039210988,1.0,0.9102744546094192,,0.9778024417314095,0.710839917198384
شاملا,1393,معدنی  املاح   ایران,a6403722d750e94fc36f54bb,,,0.0,0.0,1.0,0.9522237587545106,,0.9862068965517241,1.0
شاملا,1394,معدنی  املاح   ایران,a1c0bd8a7b30c9afe7dd54f4,,,1.0,1.0,1.0,0.6112325467279283,,0.9827586206896551,0.1644427147373745
شاملا,1395,معدنی  املاح   ایران,ccb0a74b4f9c56531420da3d,,,1.0,1.0,1.0,0.896518836432998,,0.9673390970220941,1.0
شاملا,1396,معدنی  املاح   ایران,30b12fd8d8f41ffdb85f6f34,,,1.0,1.0,1.0,0.8329925017041594,,0.9945652173913043,1.0
شاملا,1397,معدنی  املاح   ایران,fd28ee00626d923914a41c9f,0.8267789991571486,,,,1.0,1.0,,1.0,
شاملا,1398,معدنی  املاح   ایران,a20cbb4ca54add028dc4bb10,0.9999999373190057,,0.8890806052674485,0.8890806052674485,0.8571428571428571,0.5224830879426994,,0.9829659318637275,0.7754812741371815
شاملا,1399,معدنی  املاح   ایران,7638e8ddd8496fd7f978df78,0.999999534148025,,0.9160521439647689,0.9160521439647689,0.9166666666666666,0.46938775510203956,,0.9883449883449883,0.7462928334828375
شاملا,1400,معدنی  املاح   ایران,a81fbd509e0aa8cd208ecdc4,0.999999987127563,,0.9999988048332058,0.9999988048332058,0.8181818181818182,0.22759985606333508,,0.9737783075089392,0.684973575189868
شاملا,1401,معدنی  املاح   ایران,17d58f664583d27584a9cf14,,,0.9477655452809081,0.9477655452809081,0.8888888888888888,0.794099183929693,,0.9680851063829787,0.6803083070464837
شبریز,1392,پالایش نفت تبریز,817cdedc225c7e51d580ceea,0.6511858867184849,,0.8951928593690136,0.8951928593690136,1.0,0.9102744546094192,,0.8790233074361821,0.6347843516580491
شبریز,1393,پالایش نفت تبریز,a7faa5c33d2f176cf5409e93,,,0.5397070910849524,0.5397070910849524,1.0,0.9522237587545106,,0.903448275862069,0.6487460199785628
شبریز,1394,پالایش نفت تبریز,b57d61a22c0dc4603c71496d,,,1.0,1.0,0.8181818181818182,0.878252120166735,,0.9066937119675457,0.1644427147373745
شبریز,1395,پالایش نفت تبریز,75a7a30d729fa57b67a01010,,,1.0,1.0,1.0,0.896518836432998,,0.9068203650336215,1.0
شبریز,1396,پالایش نفت تبریز,e01b2da1beb6a438dd6a2128,,,1.0,1.0,1.0,0.8329925017041594,,0.9230072463768116,1.0
شبریز,1397,پالایش نفت تبریز,cfa988e989be99406f9a1a11,0.9999999582215532,,,,1.0,1.0,,0.9397967161845191,
شبریز,1398,پالایش نفت تبریز,70e7fc7f2db8a8a5b70245a6,0.9999989777265234,,0.9854064868679121,0.9854064868679121,0.7857142857142857,0.4975755699989719,,0.9188376753507014,0.8296784269770201
شبریز,1399,پالایش نفت تبریز,5dc027a8aa84c0b724c835d8,0.9999999138104542,,0.24843583912114442,0.24843583912114442,0.75,0.504157218442935,,0.8974358974358975,0.3120847308441938
شبریز,1400,پالایش نفت تبریز,2296adc1efef8cc293b4cbd5,0.999999759677112,,0.6195786028031838,0.6195786028031838,0.7272727272727273,0.17380352644837097,,0.8927294398092968,0.4396464379499099
شبریز,1401,پالایش نفت تبریز,7975d432fb60adc82e410d9e,,,0.6153330533892253,0.6153330533892253,0.8518518518518519,0.7796610169491517,,0.8382978723404255,0.39783535537290565
شبندر,1392,پالایش نفت بندرعباس,2f3b91bb1a24e2f8eb7530e0,0.6511858867184849,,0.5779413106074442,0.5779413106074442,1.0,0.9102744546094192,,0.8779134295227525,0.45951764596832256
شبندر,1393,پالایش نفت بندرعباس,1aba550113dcdf6a4e373fe8,,,0.548772773010922,0.548772773010922,1.0,0.9522237587545106,,0.8985221674876848,0.642730126225381
شبندر,1394,پالایش نفت بندرعباس,7d5023adf168b642afd24e98,,,1.0,1.0,0.8181818181818182,0.878252120166735,,0.9066937119675457,0.1644427147373745
شبندر,1395,پالایش نفت بندرعباس,b2ac9752984dedef8df1803f,,,1.0,1.0,1.0,0.896518836432998,,0.9087415946205571,1.0
شبندر,1396,پالایش نفت بندرعباس,fc04ca299a4ec514466866db,,,1.0,1.0,1.0,0.8329925017041594,,0.9193840579710145,1.0
شبندر,1397,پالایش نفت بندرعباس,a771c91b4d4393079a032820,0.9999999783224298,,,,1.0,1.0,,0.924941360437842,
شبندر,1398,پالایش نفت بندرعباس,9ea96eb96ce47701eb64297e,0.9999991793419132,,0.9385500000406283,0.9385500000406283,0.7857142857142857,0.4975755699989719,,0.9118236472945892,0.8724640807933808
شبندر,1399,پالایش نفت بندرعباس,46dc15ffff41dc29b2dd876b,0.9999996783826985,,0.5199078184539958,0.5199078184539958,0.8333333333333334,0.43586005830903374,,0.8986013986013986,0.48864622613793796
شبندر,1400,پالایش نفت بندرعباس,75dddfa9316e8ca243984fd4,0.9999996193535964,,0.4923532153051676,0.4923532153051676,0.8181818181818182,0.060003598416694746,,0.8939213349225268,0.35760074234126954
شبندر,1401,پالایش نفت بندرعباس,881ba99770c377878d0729cb,,,0.17649413042059048,0.17649413042059048,0.8888888888888888,0.7507846829880711,,0.8212765957446808,0.11410991935239519
شبهرن,1392,نفت  بهران,2f8ed9ff28c25071a448b915,0.6511858867184849,,0.7457253247772863,0.7457253247772863,1.0,0.9102744546094192,,0.9067702552719201,0.552210499780196
شبهرن,1393,نفت  بهران,364f353d489ae4df37a7e135,,,0.7379914693557652,0.7379914693557652,1.0,0.9522237587545106,,0.9201970443349754,0.5171665356845165
شبهرن,1394,نفت  بهران,0fa0555a86b96641ddcfc2b6,,,1.0,1.0,0.8181818181818182,0.878252120166735,,0.9259634888438134,0.1644427147373745
شبهرن,1395,نفت  بهران,e5b21b1e68f84e202dbd6db3,,,1.0,1.0,1.0,0.896518836432998,,0.9135446685878963,1.0
شبهرن,1396,نفت  بهران,756c43f7cbe91db7143d48ae,,,1.0,1.0,1.0,0.8329925017041594,,0.9311594202898551,1.0
شبهرن,1397,نفت  بهران,7123b0a97c5d2a4d42df8aba,0.9999999838791294,,,,1.0,1.0,,0.947615324472244,
شبهرن,1398,نفت  بهران,1e44a7111ed19fe780d84671,0.9999998204376074,,0.9069326786736476,0.9069326786736476,0.7857142857142857,0.4975755699989719,,0.905811623246493,0.7855256312178348
شبهرن,1399,نفت  بهران,d6cb124f0c05ce473072bf69,0.9999997671596668,,0.4752288400790611,0.4752288400790611,0.75,0.504157218442935,,0.9300699300699301,0.45958765718558514
شبهرن,1400,نفت  بهران,83b8085b96adb62d99cb476e,0.9999996603854964,,0.851831140972954,0.851831140972954,0.7272727272727273,0.17380352644837097,,0.9249106078665077,0.7805262245500276
شبهرن,1401,نفت  بهران,3fbbab1413a3bbb637319832,,,0.8409571733128764,0.8409571733128764,0.8518518518518519,0.7796610169491517,,0.8361702127659575,0.749363831342893
شتران,1392,پالایش نفت تهران,5673cd44dde2183642b3de07,0.6511858867184849,,0.7574433855749366,0.7574433855749366,1.0,0.9102744546094192,,0.8879023307436182,0.5586841826387772
شتران,1393,پالایش نفت تهران,1174db1e60f1781e6831c960,,,0.6646477142733936,0.6646477142733936,1.0,0.9522237587545106,,0.9113300492610837,0.5658367010000454
شتران,1394,پالایش نفت تهران,070ff4b000deddafc9f09a7d,,,1.0,1.0,0.8181818181818182,0.878252120166735,,0.920892494929006,0.1644427147373745
شتران,1395,پالایش نفت تهران,db91adf0e1b159fe20bcd3ea,,,1.0,1.0,1.0,0.896518836432998,,0.9135446685878963,1.0
شتران,1396,پالایش نفت تهران,84b255cd995b072e0390e433,,,1.0,1.0,1.0,0.8329925017041594,,0.9248188405797102,1.0
شتران,1397,پالایش نفت تهران,b1b3ea2a5c04a28b6637b107,0.9999999948842607,,,,1.0,1.0,,0.9429241594996091,
شتران,1398,پالایش نفت تهران,2d26cc9b9a8f531968455783,0.999999522777239,,0.8857520721412148,0.8857520721412148,0.7857142857142857,0.4975755699989719,,0.9148296593186372,0.7736084958601739
شتران,1399,پالایش نفت تهران,12e3a956519640b6b1c563e2,0.9999998239813599,,0.7097037181745444,0.7097037181745444,0.75,0.504157218442935,,0.8997668997668997,0.6120867666225758
شتران,1400,پالایش نفت تهران,5718d0ad62038fa21e742fcb,0.9999995495654457,,0.6253061150997203,0.6253061150997203,0.7272727272727273,0.17380352644837097,,0.9046483909415971,0.44334002253799937
شتران,1401,پالایش نفت تهران,3cf300f275ac69243d634bf5,,,0.3911540141003428,0.3911540141003428,0.8518518518518519,0.7796610169491517,,0.8106382978723404,0.2528953959941351
شدوص,1392,دوده  صنعتی  پارس,1cf986e4b8d7d6722add3ca1,0.6511858867184849,,0.9042360841165051,0.9042360841165051,1.0,0.9102744546094192,,0.9378468368479467,0.745590519411136
شدوص,1393,دوده  صنعتی  پارس,6937ed093b733b7d69f96f99,,0.549160736381391,0.7106204540141723,0.7106204540141723,1.0,0.9522237587545106,,0.9753694581280788,0.5353296613662201
شدوص,1394,دوده  صنعتی  پارس,af3c1e1707dbed982cdffdc7,,,1.0,1.0,1.0,0.6112325467279283,,0.9746450304259635,0.1644427147373745
شدوص,1395,دوده  صنعتی  پارس,08e139f9dbe8783dac7e4511,,,1.0,1.0,1.0,0.896518836432998,1.0,0.9731027857829011,1.0
شدوص,1396,دوده  صنعتی  پارس,b671cf12ee996815e7be80a6,,,1.0,1.0,1.0,0.8329925017041594,1.0,0.9846014492753623,1.0
شدوص,1397,دوده  صنعتی  پارس,4381a3f8c9563d456246abc6,0.9999999473183885,,,,1.0,1.0,0.9999955541393509,0.9937451133698202,
شدوص,1398,دوده  صنعتی  پارس,8ea423ca951640e87200155d,0.6127268133799748,0.3542089655894908,0.886760334131713,0.886760334131713,0.7857142857142857,0.4975755699989719,0.9207453201643668,0.9849699398797596,0.7741757881423073
شدوص,1399,دوده  صنعتی  پارس,38d2b359961512f8d4510acf,0.999999489330965,1.1382797173012748e-06,0.8225254001719875,0.8225254001719875,0.8333333333333334,0.43586005830903374,0.21968408514040372,0.9918414918414918,0.916318519883702
شدوص,1400,دوده  صنعتی  پارس,6f42e7b5e2395c2d25b1f66e,0.99999952323838,6.09191038250098e-10,0.6589830555091731,0.6589830555091731,0.8181818181818182,0.060003598416694746,0.25842057874964,0.9928486293206198,0.46505776344020233
شدوص,1401,دوده  صنعتی  پارس,216e0559a53102556c79cd45,,7.902763366614124e-10,,,0.037037037037037035,0.29237288135593187,0.4196839396148433,0.9893617021276596,
شراز,1392,پالایش نفت شیراز,c7a54ea431cff2e3a4d8f7f9,0.6511858867184849,,0.8494221276922237,0.8494221276922237,1.0,0.9102744546094192,,0.8856825749167592,0.6094981540356432
شراز,1393,پالایش نفت شیراز,26eb75cf13085f08144b1633,,,0.4450948824843004,0.4450948824843004,1.0,0.9522237587545106,,0.9073891625615763,0.7115297133998968
شراز,1394,پالایش نفت شیراز,e3a6e3b218df2060f74b77fe,,,1.0,1.0,0.8181818181818182,0.878252120166735,,0.9087221095334685,0.1644427147373745
شراز,1395,پالایش نفت شیراز,034a9eec167ced456c51afc2,,,1.0,1.0,1.0,0.896518836432998,,0.9087415946205571,1.0
شراز,1396,پالایش نفت شیراز,f49ade867b86ccc0e3b72ad5,,,1.0,1.0,1.0,0.8329925017041594,,0.9248188405797102,1.0
شراز,1397,پالایش نفت شیراز,20667f833a991d0fc3d6fec8,0.9999999246886869,,,,1.0,1.0,,0.9421422986708365,
شراز,1398,پالایش نفت شیراز,cbd46ed4e56a680e091b69a1,0.9999960474063027,,0.851502909884023,0.851502909884023,0.7857142857142857,0.4975755699989719,,0.9158316633266533,0.9214405798515325
شراز,1399,پالایش نفت شیراز,0c91cf1969cad79d73971feb,0.9999998588287159,,0.5812432916334797,0.5812432916334797,0.75,0.504157218442935,,0.8974358974358975,0.5285379412450835
شراز,1400,پالایش نفت شیراز,32b3df8095ff110a31acf29a,0.9999997111353871,,0.8913101731857309,0.8913101731857309,0.7272727272727273,0.17380352644837097,,0.8951132300357568,0.6148819483248493
شراز,1401,پالایش نفت شیراز,9f7e61dc909313df3c59308f,,,0.8829837183200001,0.8829837183200001,0.8518518518518519,0.7796610169491517,,0.8404255319148937,0.570881312862167
شستا,1398,سرمایه گذاری تامین اجتماعی,8f2aa51d9b173a9df9f7b041,0.9999993441065849,,,,0.5,0.8801017318638765,,0.7314629258517034,
شستا,1399,سرمایه گذاری تامین اجتماعی,d88f212d5cfc555482488358,0.9999997166303947,,,,0.4166666666666667,1.0,,0.9102564102564102,
شستا,1400,سرمایه گذاری تامین اجتماعی,cf09a3884c2d69abebe555fa,0.999999849320812,,,,0.36363636363636365,1.0,,0.9082240762812872,
شستا,1401,سرمایه گذاری تامین اجتماعی,6bf852de79e937041361e8d4,,,,,0.7407407407407407,1.0,,0.825531914893617,
شسپا,1392,نفت سپاهان,de92d6dac379ac250fde2db0,0.6511858867184849,,0.49213720762073354,0.49213720762073354,1.0,0.9102744546094192,,0.9034406215316315,0.41211487512654776
شسپا,1393,نفت سپاهان,c6eb4eb8e12ea9089ba7ad5a,,,0.47852033347110245,0.47852033347110245,1.0,0.9522237587545106,,0.9280788177339901,0.689348926181589
شسپا,1394,نفت سپاهان,b7ed95ce7ec53a0e2bb0cb07,,,1.0,1.0,0.8181818181818182,0.878252120166735,,0.949290060851927,0.1644427147373745
شسپا,1395,نفت سپاهان,b501fbe2b51a636f697642bd,,,1.0,1.0,1.0,0.896518836432998,,0.9231508165225745,1.0
شسپا,1396,نفت سپاهان,3705b23ada6b19ade5aa1a20,,,1.0,1.0,1.0,0.8329925017041594,,0.9483695652173914,1.0
شسپا,1397,نفت سپاهان,255caf71ba9a2014fc9184be,0.9999999983414238,,,,1.0,1.0,,0.9468334636434714,
شسپا,1398,نفت سپاهان,0827c983bf1d1d67b11130ec,0.9999998399862264,,0.8267059947589416,0.8267059947589416,0.7857142857142857,0.4975755699989719,,0.9188376753507014,0.7403865909337973
شسپا,1399,نفت سپاهان,0d3bb92cbbf7ec07f24a2d0f,0.9999995386589478,,0.6954441464416035,0.6954441464416035,0.75,0.504157218442935,,0.9184149184149184,0.6028125449750829
شسپا,1400,نفت سپاهان,712f1a9379a4c78c067bbe51,0.9999999094705733,,0.7596157616825461,0.7596157616825461,0.7272727272727273,0.17380352644837097,,0.9189511323003575,0.5299542478710557
شسپا,1401,نفت سپاهان,196348f39d2b9d5b0ff18197,,,0.9499361968990864,0.9499361968990864,0.8518518518518519,0.7796610169491517,,0.8659574468085106,0.6141685423745384
شسینا,1392,صنایع شیمیایی سینا,7e6667f90a0e4ed9c40fb6a9,0.6511858867184849,,0.7609473225850871,0.7609473225850871,1.0,0.9102744546094192,,0.9311875693673696,0.5606199446519516
شسینا,1393,صنایع شیمیایی سینا,def6c8d52965fadc7572e8b5,,,0.5625194779666064,0.5625194779666064,1.0,0.9522237587545106,,0.9586206896551724,0.6336079534925348
شسینا,1394,صنایع شیمیایی سینا,8dd24daaea034a45840423ea,,,1.0,1.0,0.8181818181818182,0.878252120166735,,0.9543610547667343,0.1644427147373745
شسینا,1395,صنایع شیمیایی سینا,f7f17363e2648d1e5d7281b5,,,1.0,1.0,1.0,0.896518836432998,,0.9529298751200769,1.0
شسینا,1396,صنایع شیمیایی سینا,7159278b454dfec3cedacf34,,,1.0,1.0,1.0,0.8329925017041594,,0.9221014492753623,1.0
شسینا,1397,صنایع شیمیایی سینا,51f44c4457e731cd92a73e00,0.8382676168222347,,,,1.0,1.0,,0.9609069585613761,
شسینا,1398,صنایع شیمیایی سینا,9067d04b8342ae40d1c70c3d,0.99999978875733,,0.7100299228415032,0.7100299228415032,0.8571428571428571,0.4448865897333848,,0.9428857715430862,0.6747395312090829
شسینا,1399,صنایع شیمیایی سینا,42ad0ad383b19302523dc3fa,0.9999995341478409,,0.7661638054660805,0.7661638054660805,0.8333333333333334,0.43586005830903374,,0.9382284382284383,0.6488076004305702
شسینا,1400,صنایع شیمیایی سینا,2b3a08c82c4ffea5a9cd211d,0.9999997867231797,,0.9999992648752618,0.9999992648752618,0.8181818181818182,0.060003598416694746,,0.9249106078665077,0.6849738718639143
شسینا,1401,صنایع شیمیایی سینا,7f57f0086621b03cf2ab7d0c,,,0.9214192396938161,0.9214192396938161,0.8888888888888888,0.7507846829880711,,0.8808510638297873,0.595731285117798
شغدیر,1392,پتروشیمی غدیر,3483eddd75980a407d5fe4ed,0.6511858867184849,,0.8271074533547597,0.8271074533547597,1.0,0.9102744546094192,,0.7746947835738069,0.7882004958816684
شغدیر,1393,پتروشیمی غدیر,5237a79c1f5e4650c8a9f610,,,0.6328659713938907,0.6328659713938907,1.0,0.9522237587545106,,0.9596059113300492,0.5869267403390976
شغدیر,1395,پتروشیمی غدیر,77a1464e956d4c4131a872f0,,,1.0,1.0,1.0,0.896518836432998,,0.7118155619596542,1.0
شغدیر,1396,پتروشیمی غدیر,486aaad86fafe47ab45e050b,,,1.0,1.0,1.0,0.8329925017041594,,0.9393115942028986,1.0
شغدیر,1397,پتروشیمی غدیر,92c547c38773e0a3f4220436,0.9999999027732144,,,,1.0,1.0,,0.9702892885066459,
شغدیر,1398,پتروشیمی غدیر,e0d30f64ea97c7fbb9b09463,0.9999990374867427,,0.932908443126592,0.932908443126592,0.8571428571428571,0.4448865897333848,,0.9639278557114228,0.8001407320899674
شغدیر,1399,پتروشیمی غدیر,cdf03c2a55c1741a3750238a,0.9999997762759888,,0.9685036709102848,0.9685036709102848,0.8333333333333334,0.43586005830903374,,0.9603729603729604,0.821376339017414
شغدیر,1400,پتروشیمی غدیر,414594aeae72d51ddd1a2b24,0.99999986755006,0.012777142680923892,0.6834398821675358,0.6834398821675358,0.8181818181818182,0.060003598416694746,,0.9535160905840286,0.48082959479419674
شغدیر,1401,پتروشیمی غدیر,84a57bcac4180e3c0e49089e,,3.0492203514753648e-09,,,0.18518518518518517,0.38983050847457584,,0.8936170212765957,
شفا,1392,سرمایه گذاری شفادارو,6cfe32cec88283e68a3d9068,,,1.0,1.0,0.4444444444444444,0.6853741496598487,,0.0,0.6926854157910984
شفا,1393,سرمایه گذاری شفادارو,132c4c84b25454a4ece28da0,,,1.0,1.0,0.375,0.8324708926261227,,0.0,0.3433003559912075
شفا,1394,سرمایه گذاری شفادارو,22665816691c2e90fc1e3f6a,,,1.0,1.0,0.5454545454545454,0.8324708926261227,,0.34685598377281945,0.1644427147373745
شفا,1395,سرمایه گذاری شفادارو,288b6219e84d1e7b4b5a9f6d,,,1.0,1.0,0.6666666666666666,0.8497854077253144,,0.7262247838616716,1.0
شفا,1396,سرمایه گذاری شفادارو,0379dd4835a4f2af20e6a7b1,,,1.0,1.0,0.6666666666666666,0.7895705521472348,,0.9302536231884058,1.0
شفا,1397,سرمایه گذاری شفادارو,671d99e16e7c22582392e292,,,1.0,1.0,0.8,0.7142418661755624,,0.9366692728694292,1.0
شفا,1398,سرمایه گذاری شفادارو,615e337e6520c320ab1d47a4,0.9999998041363292,,,,0.5,0.8801017318638765,0.57545461896819,0.9098196392785571,
شفا,1399,سرمایه گذاری شفادارو,bcc3b8d1555bb643a4c0e683,0.9999998743332994,0.8605499059473076,,,0.4166666666666667,1.0,0.4024957744877391,0.9300699300699301,
شفا,1400,سرمایه گذاری شفادارو,3fc3da67c533f7c0c9619415,0.9999996798303736,9.733988366364216e-10,,,0.5454545454545454,0.42871536523929477,0.5126686723578369,0.933253873659118,
شفا,1401,سرمایه گذاری شفادارو,8db04fe115a2a21117dfd29c,,0.9392539795657038,,,0.7777777777777778,0.8933615819209011,0.8284410218431779,0.9212765957446809,
شفن,1392,پتروشیمی فناوران,a8c90bb2d5c0c5853aef9e5f,0.6511858867184849,,0.9802936981049578,0.9802936981049578,1.0,0.9102744546094192,,0.9167591564927858,0.6817986017536135
شفن,1393,پتروشیمی فناوران,0dc41e01850c3170b3a2f700,,,0.49802355236972917,0.49802355236972917,1.0,0.9522237587545106,,0.9379310344827586,0.6764067897050063
شفن,1394,پتروشیمی فناوران,1083a8e35df149667aa7e4b8,,,1.0,1.0,0.8181818181818182,0.878252120166735,,0.9198782961460447,0.1644427147373745
شفن,1395,پتروشیمی فناوران,d1c8133f22c2e5bde07669a2,,,1.0,1.0,1.0,0.896518836432998,,0.9125840537944284,1.0
شفن,1396,پتروشیمی فناوران,9b5a95ff2da8f2d845d1e3d6,,,1.0,1.0,1.0,0.8329925017041594,,0.9248188405797102,1.0
شفن,1397,پتروشیمی فناوران,b2e89d7b2f2a252ebfac6576,0.9141603500007217,,,,1.0,1.0,,0.9452697419859265,
شفن,1398,پتروشیمی فناوران,5527e97345438e97e9b46320,0.9999993176498931,,0.9590406253448702,0.9590406253448702,0.7857142857142857,0.4975755699989719,,0.9298597194388778,0.8609351590441453
شفن,1399,پتروشیمی فناوران,57c8051f70892a7db8b02d16,0.9999996580470962,,0.17873930979529362,0.17873930979529362,0.75,0.504157218442935,,0.9230769230769231,0.26675510432141925
شفن,1400,پتروشیمی فناوران,38f560d0b3798d6d69f65924,0.9999995344066553,,0.5115008418617508,0.5115008418617508,0.7272727272727273,0.17380352644837097,,0.9034564958283671,1.0
شفن,1401,پتروشیمی فناوران,e20ca1bb3342bc5cd53092a5,,,0.4839331058317117,0.4839331058317117,0.8518518518518519,0.7796610169491517,,0.8659574468085106,0.312880476800085
شلعاب,1392,لعابیران,a19af9be53cdbac417cfb2d2,0.6511858867184849,,0.7992580638823167,0.7992580638823167,1.0,0.9102744546094192,,0.9800221975582686,0.5817848450154268
شلعاب,1393,لعابیران,0eb0a7369fafc65aaf2aa306,,0.9538169425496128,0.76707760695239,0.76707760695239,1.0,0.9522237587545106,,0.9733990147783251,0.49786527242593287
شلعاب,1394,لعابیران,324eeaaade179ff19bede916,,,1.0,1.0,0.8181818181818182,0.878252120166735,,0.9685598377281948,0.1644427147373745
شلعاب,1395,لعابیران,89bd1e59f3f4cb2e9d1234e5,,,1.0,1.0,1.0,0.896518836432998,1.0,0.9327569644572526,1.0
شلعاب,1396,لعابیران,0589d6337834ae2e8da8ebe5,,,1.0,1.0,1.0,0.8329925017041594,1.0,0.9601449275362319,1.0
شلعاب,1397,لعابیران,c05a08b370e0f8464f5f5470,0.9999999587710552,,,,1.0,1.0,0.9999999743715112,0.9577795152462861,
شلعاب,1398,لعابیران,8712f756ade4f2f9bff86634,0.9999999160281916,0.08682542723600799,0.9916001859807799,0.9916001859807799,0.8571428571428571,0.4448865897333848,0.9993115967882763,0.9789579158316634,0.8426157265628349
شلعاب,1399,لعابیران,c7f5c7d8a600c90d82a777b7,0.9999933002672321,1.338941704904629e-09,0.9485277645462132,0.9485277645462132,0.8333333333333334,0.43586005830903374,0.9956126981881077,0.9417249417249417,0.7674145129450913
شلعاب,1400,لعابیران,6a8b95a49f224b50ac4084d0,0.9999996508885839,6.946144405648039e-11,0.6255963432060314,0.6255963432060314,0.8181818181818182,0.060003598416694746,0.9637243741247297,0.9856972586412396,0.4435271861799089
شلعاب,1401,لعابیران,7ac3653f988a4bac2c0c0297,,0.9136086477222884,0.7265272016610923,0.7265272016610923,0.8888888888888888,0.7507846829880711,0.9409529316362741,0.9276595744680851,0.4697264446772599
شنفت,1392,نفت  پارس,bc8cef8a39f66599b73db639,0.6511858867184849,,0.8134124680354986,0.8134124680354986,1.0,0.9102744546094192,,0.9722530521642619,0.5896044941128489
شنفت,1393,نفت  پارس,86e7600bf0341ae5aab52b9e,,,0.5233860097839838,0.5233860097839838,1.0,0.9522237587545106,,0.9517241379310345,0.6595765225094763
شنفت,1394,نفت  پارس,4f2852747e6f25531dd71186,,,1.0,1.0,1.0,0.6112325467279283,,0.9726166328600405,0.1644427147373745
شنفت,1395,نفت  پارس,253fac4f582f7652a26b713d,,,1.0,1.0,1.0,0.896518836432998,,0.9538904899135446,1.0
شنفت,1396,نفت  پارس,12d38fe345ba33b615cbfc7c,,,1.0,1.0,1.0,0.8329925017041594,,0.9628623188405797,1.0
شنفت,1397,نفت  پارس,2d1096dafa21d09b53b6e389,0.9999999977886856,,,,1.0,1.0,,0.9835809225957779,
شنفت,1398,نفت  پارس,796ffcd24ee4857f41652385,0.9999996446725529,,0.9554431507484001,0.9554431507484001,0.7857142857142857,0.4975755699989719,,0.9438877755511021,0.8128197439286126
شنفت,1399,نفت  پارس,ca3262c2431f65e33d3ec53b,0.9999998352650141,,0.9986013507183644,0.9986013507183644,0.8333333333333334,0.43586005830903374,,0.9557109557109558,0.8018012382469906
شنفت,1400,نفت  پارس,564e418c176bdfd28d13b98c,0.9999996240507433,,0.5887567262382822,0.5887567262382822,0.8181818181818182,0.060003598416694746,,0.9511323003575686,0.4197698838087765
شنفت,1401,نفت  پارس,cca2a7bd99a636a6be920369,,,0.8120604010796542,0.8120604010796542,0.8518518518518519,0.7796610169491517,,0.925531914893617,0.5250267907247212
شهر,1400,گروه مالی شهر,73eeee4f8a49f9b824e53419,0.9999992429564875,,,,0.36363636363636365,1.0,,0.5423122765196663,
شهر,1401,گروه مالی شهر,ebb435b09c7fa0202f31f654,,,,,0.7407407407407407,1.0,,0.9595744680851064,
شوینده,1396,مدیریت صنعت شوینده ت.ص.بهشهر,c03ed8c2d996fb59782f7323,,,1.0,1.0,0.6666666666666666,0.7895705521472348,,0.9284420289855072,1.0
شوینده,1397,مدیریت صنعت شوینده ت.ص.بهشهر,01834f415453996bd59e107f,,,1.0,1.0,0.8,0.7142418661755624,,0.9413604378420641,1.0
شوینده,1398,مدیریت صنعت شوینده ت.ص.بهشهر,60899d5e3adac675ca38b7c2,0.9999999526787735,,,,0.5,0.8801017318638765,,0.9178356713426854,
شوینده,1399,مدیریت صنعت شوینده ت.ص.بهشهر,c54848889432f98e7a2180ec,0.9999999078800497,,,,0.4166666666666667,1.0,,0.9149184149184149,
شوینده,1400,مدیریت صنعت شوینده ت.ص.بهشهر,655dc3248622d42a0a15c023,0.9999997691241973,,,,0.36363636363636365,1.0,,0.9463647199046484,
شوینده,1401,مدیریت صنعت شوینده ت.ص.بهشهر,ba3c72846de5eb5e198cddb5,,,,,0.7407407407407407,1.0,,0.8319148936170213,
شپارس,1392,بین  المللی  محصولات   پارس,2d6ac27e7d78ef33c785ec03,0.6089173019246736,,0.775551038267266,0.775551038267266,1.0,0.9102744546094192,,0.9145394006659268,0.568687817443862
شپارس,1393,بین  المللی  محصولات   پارس,30a81274ad1de39c3bd7e547,0.707548045216801,0.46946221821604023,0.6997674681609996,0.6997674681609996,1.0,0.9522237587545106,,0.9211822660098522,0.54253159171527
شپارس,1394,بین  المللی  محصولات   پارس,c9938327a0c1e2855beb6601,,0.9528592360939031,0.6274823459824139,0.6274823459824139,1.0,0.9522237587545106,,0.9178498985801217,0.47570255444071075
شپارس,1395,بین  المللی  محصولات   پارس,03e00ca64e71393237509f98,,,1.0,1.0,1.0,0.896518836432998,0.9537174520306875,0.9298751200768491,1.0
شپارس,1396,بین  المللی  محصولات   پارس,ed561b8d1d7c85c86aaf5bec,,,1.0,1.0,1.0,0.8329925017041594,0.9620426959556988,0.9302536231884058,1.0
شپارس,1397,بین  المللی  محصولات   پارس,f1d4e0c3a3e478ffdc4c7642,,,,,1.0,1.0,0.9999999350731889,0.9499609069585614,
شپارس,1398,بین  المللی  محصولات   پارس,b538120feee67c4c20dd07f8,,,,,,,0.999999976231123,0.935871743486974,
شپارس,1399,بین  المللی  محصولات   پارس,1ac0779beaabe136ff8df1a4,0.9999999547723167,,0.8796236475550429,0.8796236475550429,0.75,0.504157218442935,,0.9207459207459208,0.7226002600790906
شپارس,1400,بین  المللی  محصولات   پارس,853cf48c7f1f248b1200ca7f,0.9999996304870385,1.181256766621572e-09,0.7763313838890391,0.7763313838890391,0.8181818181818182,0.060003598416694746,,0.9082240762812872,0.540733895537559
شپارس,1401,بین  المللی  محصولات   پارس,edab4e93a3fa0e758c60f192,,9.913152594444548e-10,0.6855506106546569,0.6855506106546569,0.9259259259259259,0.7657384987893442,,0.8638297872340426,0.4432335778383584
شپاکسا,1392,پاکسان,a8c30e4a9723c4ec54985981,0.8960369020649119,,0.4695466767836226,0.4695466767836226,1.0,0.9102744546094192,,0.974472807991121,0.39963465892253397
شپاکسا,1393,پاکسان,0516d3fcb68123f5f7e8b153,0.707548045216801,0.8500423161589484,0.706660498313533,0.706660498313533,1.0,0.9522237587545106,,0.9832512315270936,0.5379574474452916
شپاکسا,1394,پاکسان,a7ef88ae0e6ea6ddd1c9ba77,,8.586135813357052e-10,0.4599736102099413,0.4599736102099413,1.0,0.9522237587545106,,0.9726166328600405,0.6156656989605324
شپاکسا,1395,پاکسان,a0bbcf9b7183881b0af3d67a,,,1.0,1.0,1.0,0.896518836432998,0.9170970926673013,0.9740634005763689,1.0
شپاکسا,1396,پاکسان,0a3c0e6df68d93c2125888ec,,,1.0,1.0,1.0,0.8329925017041594,0.7455768251600725,0.9682971014492754,1.0
شپاکسا,1397,پاکسان,4062dc168e5c3d4ed3db85ea,0.9999998946450556,,,,1.0,1.0,0.9999978267183893,0.9913995308835027,
شپاکسا,1398,پاکسان,d41c311464948bcdf06de748,0.9999999371882088,0.5649503499199096,,,0.7142857142857143,1.0,0.789008764211009,0.9589178356713427,
شپاکسا,1399,پاکسان,298310d9f77c3ac1e351bb06,0.9999997470736474,2.2210738585481064e-09,0.6082036751381033,0.6082036751381033,0.8333333333333334,0.43586005830903374,0.6038393728718029,0.9568764568764568,0.5460725893401368
شپاکسا,1400,پاکسان,7f788f4fdb6eb6a6a87da018,0.9999986626746863,0.7707345786109159,0.814409257961356,0.814409257961356,0.8181818181818182,0.060003598416694746,0.6779775281400268,0.9606674612634089,0.5652897308704258
شپاکسا,1401,پاکسان,826dcce3b4a39fa21769c0e0,,3.5174048717942907e-10,0.5927542470176532,0.5927542470176532,0.9259259259259259,0.7657384987893442,0.5542168994124277,0.8531914893617021,0.9098361135376792
شپدیس,1392,پتروشیمی پردیس,a758323341fb93ae0e7e7fde,,,0.993223632680677,0.993223632680677,1.0,0.9102744546094192,,0.9977802441731409,0.6964290431468592
شپدیس,1394,پتروشیمی پردیس,b87b83249377173601792be4,,,0.0,0.0,1.0,0.9522237587545106,,0.9381338742393509,1.0
شپدیس,1395,پتروشیمی پردیس,099a080377afef52fb078019,,,1.0,1.0,1.0,0.896518836432998,,0.9577329490874159,1.0
شپدیس,1396,پتروشیمی پردیس,4045e653e0b7af13b0dc5cfd,,,1.0,1.0,1.0,0.8329925017041594,,0.9873188405797102,1.0
شپدیس,1397,پتروشیمی پردیس,5eb8bdae1109036ff4811d04,,,,,1.0,1.0,,0.9749804534792806,
شپدیس,1398,پتروشیمی پردیس,224daf095df6c601a1ba7716,,,,,,,,0.9498997995991983,
شپدیس,1399,پتروشیمی پردیس,a00a38ee772a8a8ecbd36e56,0.9999994256274473,,0.599613249672732,0.599613249672732,0.5,0.5476190476190427,,0.9487179487179487,0.5404854993977317
شپدیس,1400,پتروشیمی پردیس,603ce0b9a462b1c720a49fcf,0.999999524753003,,0.6317587187919105,0.6317587187919105,0.7272727272727273,0.17380352644837097,,0.933253873659118,0.4475012074148847
شپدیس,1401,پتروشیمی پردیس,006141ae04bd2929475ac823,,,0.0,0.0,0.8888888888888888,0.794099183929693,,0.874468085106383,0.0
شپنا,1392,پالایش نفت اصفهان,a7a1c50f8de50ec21acf9081,0.6511858867184849,,0.39966972938269607,0.39966972938269607,1.0,0.9102744546094192,,0.8901220865704772,0.3610308997843272
شپنا,1393,پالایش نفت اصفهان,b08286439037b006a4ecaacd,,,0.9649110787351783,0.9649110787351783,1.0,0.9522237587545106,,0.9113300492610837,0.3665850050630261
شپنا,1394,پالایش نفت اصفهان,729d43b7db5edfdfe9b4930d,,,1.0,1.0,0.8181818181818182,0.878252120166735,,0.9066937119675457,0.1644427147373745
شپنا,1395,پالایش نفت اصفهان,cfc6f540959563e352b5df93,,,1.0,1.0,1.0,0.896518836432998,,0.9087415946205571,1.0
شپنا,1396,پالایش نفت اصفهان,0ee31a6efe6cf27d105b7f8e,,,1.0,1.0,1.0,0.8329925017041594,,0.9221014492753623,1.0
شپنا,1397,پالایش نفت اصفهان,8899845b4e9751e8763cd124,0.9999999602542913,,,,1.0,1.0,,0.9429241594996091,
شپنا,1398,پالایش نفت اصفهان,f0d531aa36c132b02b501308,0.999999154696827,,0.8522122904067571,0.8522122904067571,0.7857142857142857,0.4975755699989719,,0.9148296593186372,0.9210414513517625
شپنا,1399,پالایش نفت اصفهان,b5f9b907a6fe58ee3e092abc,0.9999999738380388,,0.6110717867883713,0.6110717867883713,0.75,0.504157218442935,,0.8986013986013986,0.5479379681644458
شپنا,1400,پالایش نفت اصفهان,2ce2111c55216e4290645b62,0.9999993912178762,,0.8846828328177211,0.8846828328177211,0.7272727272727273,0.17380352644837097,,0.901072705601907,0.6106080784532636
شپنا,1401,پالایش نفت اصفهان,2ee27e3d18c7ef2c1f21746b,,,0.47522888653414563,0.47522888653414563,0.8518518518518519,0.7796610169491517,,0.8191489361702128,0.30725288023523656
شکربن,1392,کربن  ایران,53b63d09ddbe14625fd3dd97,0.6511858867184849,,0.9938649755743926,0.9938649755743926,1.0,0.9102744546094192,,0.9056603773584906,0.6892961005155713
شکربن,1393,کربن  ایران,a92f5317a3a096b6d3140a39,,,0.8154873352144785,0.8154873352144785,1.0,0.9522237587545106,,0.9645320197044335,0.4657410721480831
شکربن,1394,کربن  ایران,5bc6493f959d4b3283051853,,,1.0,1.0,0.8181818181818182,0.878252120166735,,0.947261663286004,0.1644427147373745
شکربن,1395,کربن  ایران,0c2a09dd43abebbb5b435cbc,,,1.0,1.0,1.0,0.896518836432998,,0.9538904899135446,1.0
شکربن,1396,کربن  ایران,7c859751b51147d9c504bad4,,,1.0,1.0,1.0,0.8329925017041594,,0.9619565217391304,1.0
شکربن,1397,کربن  ایران,68ffee8f5575b95f8090a5ff,0.9999998802049156,,,,1.0,1.0,,0.9718530101641908,
شکربن,1398,کربن  ایران,3b5ae978a2c68b2f6fcd91d9,0.9999998125539614,,0.8808565103380108,0.8808565103380108,0.8571428571428571,0.4448865897333848,,0.9559118236472945,0.7708540387311374
شکربن,1399,کربن  ایران,d157b7bb5335853a3a99926e,0.9999995651270251,,0.8350578171721709,0.8350578171721709,0.8333333333333334,0.43586005830903374,,0.9533799533799534,0.9081676149887107
شکربن,1400,کربن  ایران,197039ff1fd07aed887113a2,0.9999997639532475,,0.72461457854333,0.72461457854333,0.7272727272727273,0.17380352644837097,,0.9523241954707986,0.5073825231999308
شکربن,1401,کربن  ایران,0f9bc0fc00a5ef7084399a44,,,0.7316983910034369,0.7316983910034369,0.8518518518518519,0.7796610169491517,,0.9297872340425531,0.47306980798007753
شکلر,1392,نیروکلر,8e0c1ec49979743c95a17216,,,0.7694024406499052,0.7694024406499052,1.0,0.9102744546094192,,0.9844617092119867,0.5652910036120202
شکلر,1394,نیروکلر,b0da242d21a4222f07e190f5,,,0.6401752313064208,0.6401752313064208,1.0,0.9522237587545106,,0.9888438133874239,0.46509692163723365
شکلر,1395,نیروکلر,379897b1d4beb01883eb8875,,,1.0,1.0,1.0,0.896518836432998,,0.9846301633045149,1.0
شکلر,1396,نیروکلر,37cf7d45fa24c524a6bb9cf9,,,1.0,1.0,1.0,0.8329925017041594,,0.9855072463768116,1.0
شکلر,1398,نیروکلر,c5595b711928dc494dfeab04,,,,,,,,0.9779559118236473,
شکلر,1399,نیروکلر,9668b15994648f05327ab8fb,,,0.9985829704511451,0.9985829704511451,0.75,0.504157218442935,,0.9731934731934732,0.7999697034422107
شکلر,1401,نیروکلر,3aa11d5a409d2334e12ffaf9,,,0.9990549008292745,0.9990549008292745,0.8888888888888888,0.794099183929693,,0.9531914893617022,0.6471478602298476
شگل,1392,گلتاش,74d07db32d08f1c768dbd62f,1.0,,0.5034298983708497,0.5034298983708497,1.0,0.9102744546094192,,0.9811320754716981,0.41835356084414915
شگل,1393,گلتاش,d20608498d1191b21cab5857,0.707548045216801,0.23685415411775854,0.6634678545351235,0.6634678545351235,1.0,0.9522237587545106,,0.9881773399014778,0.5666196438483662
شگل,1394,گلتاش,8f1737dbf1b6147fc8e745c4,,9.375420104114366e-10,0.0,0.0,1.0,0.9522237587545106,,0.9908722109533469,1.0
شگل,1395,گلتاش,dcb755a9c2d443ad6964b00f,,,1.0,1.0,1.0,0.896518836432998,0.5761330003110982,0.9875120076849183,1.0
شگل,1396,گلتاش,857039929124e63f23deeea7,,,1.0,1.0,1.0,0.8329925017041594,0.06705911477633575,0.9836956521739131,1.0
شگل,1397,گلتاش,84c403a2b052e18fbc144d66,,,,,1.0,1.0,0.9999947926284461,1.0,
شگل,1398,گلتاش,1c2345e66b296f967cb183aa,,,,,,,0.9999979065582475,1.0,
شگل,1399,گلتاش,a36f386a3138e590e3f2393d,0.7730641652344108,,0.5848163257562788,0.5848163257562788,0.75,0.504157218442935,,0.9778554778554779,0.5308617915702896
شگل,1400,گلتاش,f3940a98e4e779185dafa3c4,0.9999995232380999,1.7300685285627327e-15,0.6509736135679327,0.6509736135679327,0.7272727272727273,0.17380352644837097,,0.9690107270560191,0.45989259752143996
شگل,1401,گلتاش,4bbf3cc7599180e08e93a3d5,,7.497671659996277e-10,0.999999869073585,0.999999869073585,0.8888888888888888,0.794099183929693,,0.9148936170212766,0.6465369036507712
شیراز,1392,پتروشیمی شیراز,a926433368c8583e3a021602,,,1.0,1.0,1.0,0.26988036593948167,,0.9877913429522752,0.6926854157910984
شیراز,1393,پتروشیمی شیراز,233b3913ea20b31d3341fe32,,,0.6535681268044592,0.6535681268044592,1.0,0.9522237587545106,,0.9733990147783251,0.5731890018624061
شیراز,1394,پتروشیمی شیراز,15fda264eb3a6f363fc9351a,,,1.0,1.0,0.8181818181818182,0.878252120166735,,0.9563894523326572,0.1644427147373745
شیراز,1395,پتروشیمی شیراز,dc642b7650bc00341abbae4c,,,1.0,1.0,1.0,0.896518836432998,1.0,0.9183477425552353,1.0
شیراز,1396,پتروشیمی شیراز,2c8d3df51922e260edce5a1e,,,1.0,1.0,1.0,0.8329925017041594,1.0,0.9501811594202898,1.0
شیراز,1397,پتروشیمی شیراز,e6ff8b592cf6f36946a3a70a,0.9999999065991875,,,,1.0,1.0,0.9999997329964616,0.944487881157154,
شیراز,1398,پتروشیمی شیراز,8f003f2a2dd95b0da77cc7bf,0.9999997243084915,0.7361837887818734,0.933706091154418,0.933706091154418,0.7857142857142857,0.4975755699989719,0.6426200038965273,0.905811623246493,0.800589523747601
شیراز,1399,پتروشیمی شیراز,792cd19369da2e22a829b27c,0.9999996325748963,0.9096965198217096,0.9412298287630707,0.9412298287630707,0.75,0.504157218442935,0.6608697144953266,0.9428904428904429,0.7626680398188558
شیراز,1400,پتروشیمی شیراز,21dd7a542494b1fb758500ce,0.0,0.18097599138422152,0.6305200712996717,0.6305200712996717,0.7272727272727273,0.17380352644837097,0.5702961604924368,0.9189511323003575,0.4467024226981456
شیراز,1401,پتروشیمی شیراز,0e89b4cb0f6e0f2af138d28d,,0.0,0.5578991021055142,0.5578991021055142,0.8518518518518519,0.7796610169491517,0.4445208553210609,0.8787234042553191,0.3607022023697104
شیران,1392,س. صنایع شیمیایی ایران,b81797cee73423f193858517,0.9076189606129437,,0.924421755596564,0.924421755596564,1.0,0.9102744546094192,,0.9456159822419534,0.6509319555791248
شیران,1393,س. صنایع شیمیایی ایران,fec9b1ef458472bba94d7587,0.707548045216801,,0.5291936278819209,0.5291936278819209,1.0,0.9522237587545106,,0.9802955665024631,0.03087806541095966
شیران,1394,س. صنایع شیمیایی ایران,67e8b4208b688330b56879f6,,,0.6356246462625976,0.6356246462625976,1.0,0.9522237587545106,,0.9776876267748479,0.4688991961228074
شیران,1395,س. صنایع شیمیایی ایران,fe7839ae9115e4c373afab2f,,,1.0,1.0,1.0,0.896518836432998,,0.9817483189241114,1.0
شیران,1396,س. صنایع شیمیایی ایران,e3e77b263ca24822e3598023,,,1.0,1.0,1.0,0.8329925017041594,,0.9873188405797102,1.0
شیران,1397,س. صنایع شیمیایی ایران,d77c0b701036ba750fbe0fcf,,,,,1.0,1.0,,0.9741985926505082,
شیران,1398,س. صنایع شیمیایی ایران,9596549d179bdb0718d12925,,,,,,,,0.9759519038076152,
شیران,1399,س. صنایع شیمیایی ایران,dddb521a8d2148cac8a4db8e,0.9999995341477064,,0.6276977943653597,0.6276977943653597,0.75,0.504157218442935,,0.9440559440559441,0.5587512858621775
شیران,1400,س. صنایع شیمیایی ایران,dfef37ddfb4a0471a9aca856,0.9999998253334277,,0.999999989919903,0.999999989919903,0.7272727272727273,0.17380352644837097,,0.9475566150178785,0.6849744127736748
شیران,1401,س. صنایع شیمیایی ایران,d4159be2478d1de841340125,,,0.8789487546653869,0.8789487546653869,0.8888888888888888,0.794099183929693,,0.9148936170212766,0.5682725610803341
صبا,1398,گروه مالی صبا تامین,f9a306574fa3f359fd94c370,0.9999984240552389,,,,0.5,0.8801017318638765,,0.7074148296593186,
صبا,1399,گروه مالی صبا تامین,3936db9a2c5bc73d12f490b2,0.9999998847521085,,,,0.4166666666666667,1.0,,0.9149184149184149,
صبا,1400,گروه مالی صبا تامین,ebc73a891bc3e5c5a6b5f2b5,0.9999998825538795,,,,0.36363636363636365,1.0,,0.9058402860548271,
صبا,1401,گروه مالی صبا تامین,25daf76d77480e16f5eeacd8,,,,,0.7407407407407407,1.0,,0.8468085106382979,
غاذر,1392,کشت وصنعت پیاذر,5cfff5e429c0e2ffb7c6c431,0.6511858867184849,,0.6253532095052012,0.6253532095052012,1.0,0.9102744546094192,,0.978912319644839,0.48571051204807003
غاذر,1393,کشت وصنعت پیاذر,ad18454353f4c4f4cbcd34f6,,5.082392198824627e-10,0.2693234499202385,0.2693234499202385,1.0,0.9522237587545106,,0.961576354679803,0.8281698373072744
غاذر,1394,کشت وصنعت پیاذر,6f8981600dce1622833ca395,,,1.0,1.0,0.8181818181818182,0.878252120166735,,0.9432048681541583,0.1644427147373745
غاذر,1395,کشت وصنعت پیاذر,0e419a6656a1f48aa255b1a2,,,1.0,1.0,1.0,0.896518836432998,1.0,0.9087415946205571,1.0
غاذر,1396,کشت وصنعت پیاذر,2efc775645306131b98fe146,,,1.0,1.0,1.0,0.8329925017041594,1.0,0.9239130434782609,1.0
غاذر,1397,کشت وصنعت پیاذر,8257aa26e24e9468d17f6909,0.9999998690928394,,,,1.0,1.0,0.9999981805772252,0.9421422986708365,
غاذر,1398,کشت وصنعت پیاذر,b7d9c6a122013b3972e12d14,0.5548674920214848,0.38194734701758326,0.8372073551153759,0.8372073551153759,0.7857142857142857,0.4975755699989719,0.7934343115096734,0.9198396793587175,0.7462951154425537
غاذر,1399,کشت وصنعت پیاذر,d8f25e6244e39008977da3d5,0.9999998601760162,3.302353500074609e-07,0.5629853416236904,0.5629853416236904,0.75,0.504157218442935,0.2778973676685089,0.9428904428904429,0.5166632315139024
غاذر,1400,کشت وصنعت پیاذر,4f4ed011f99f5e0347082871,0.9999996343381866,1.5025363746086687e-09,0.8583045053837767,0.8583045053837767,0.7272727272727273,0.17380352644837097,0.4573305639825743,0.901072705601907,0.5935971008027204
غاذر,1401,کشت وصنعت پیاذر,a637b227ca177499ad7dd63b,,0.3497440345902686,0.49020548780175843,0.49020548780175843,0.8518518518518519,0.7796610169491517,0.5842642275806798,0.8340425531914893,0.31693580146750494
غالبر,1392,لبنیات  کالبر,b188cfb8c139cd6217db061b,0.6511858867184849,,0.7660276621213996,0.7660276621213996,1.0,0.9102744546094192,,0.902330743618202,0.5634265956448012
غالبر,1393,لبنیات  کالبر,75ba4bb792d28b2589bad4a1,,0.8339957712779056,0.9324629989192673,0.9324629989192673,1.0,0.9522237587545106,,0.9182266009852217,0.38811721877417604
غالبر,1394,لبنیات  کالبر,12497bfa0e564cdb76fa63b4,,,1.0,1.0,0.8181818181818182,0.878252120166735,,0.9148073022312373,0.1644427147373745
غالبر,1395,لبنیات  کالبر,83f4819c51d2cb9b82ddb6b4,,,1.0,1.0,1.0,0.896518836432998,1.0,0.9154658981748319,1.0
غالبر,1396,لبنیات  کالبر,00d20c7de0915e9d0a115ebd,,,1.0,1.0,1.0,0.8329925017041594,1.0,0.9148550724637681,1.0
غالبر,1397,لبنیات  کالبر,33cb02cc4c3fce499e6252cf,0.9999998827992362,,,,1.0,1.0,0.9999991105594012,0.9397967161845191,
غالبر,1398,لبنیات  کالبر,391405674959ef3482517d2e,0.9999984322770036,1.2766056579881148e-10,0.8290774078991194,0.8290774078991194,0.7857142857142857,0.4975755699989719,0.9954891280484377,0.845691382765531,0.7417208516565562
غالبر,1399,لبنیات  کالبر,dbdc58742f56da0c9a44a714,0.9999996074239532,1.3928474358898893e-10,0.9887460087611508,0.9887460087611508,0.75,0.504157218442935,0.8681706582019653,0.9044289044289044,0.808211011796633
غالبر,1400,لبنیات  کالبر,e427e1cedaae43aa39251671,0.9999995108651049,7.6966389063064e-10,0.604342540904554,0.604342540904554,0.7272727272727273,0.17380352644837097,0.8716121361401757,0.902264600715137,0.42982093596958487
غالبر,1401,لبنیات  کالبر,3a47c1b1a0ef5873f1f42292,,0.46499782953016383,0.8942855216263538,0.8942855216263538,0.8518518518518519,0.7796610169491517,0.7867145396987795,0.8212765957446808,0.5781883426242977
غبهنوش,1392,بهنوش  ایران,c644d7fe87984df9f26520f7,0.6511858867184849,,0.8781926773222085,0.8781926773222085,1.0,0.9102744546094192,,0.9034406215316315,0.7599782887745704
غبهنوش,1393,بهنوش  ایران,d32fd7948321e45b60b5597a,,0.8681403455533405,0.582970152730925,0.582970152730925,1.0,0.9522237587545106,,0.9182266009852217,0.6200370949991887
غبهنوش,1394,بهنوش  ایران,fe99649a0b8a50c19b5b127f,,,1.0,1.0,0.8181818181818182,0.878252120166735,,0.907707910750507,0.1644427147373745
غبهنوش,1395,بهنوش  ایران,774081082ffe68e0db2db928,,,1.0,1.0,1.0,0.896518836432998,1.0,0.9135446685878963,1.0
غبهنوش,1396,بهنوش  ایران,aab2294d379a417f77c87abe,,,1.0,1.0,1.0,0.8329925017041594,1.0,0.9248188405797102,1.0
غبهنوش,1397,بهنوش  ایران,8073738cf795da730e62dea8,1.0,,,,1.0,1.0,0.9999997014794806,0.9405785770132916,
غبهنوش,1398,بهنوش  ایران,8f201dd08f9b7648ee4b8567,0.9999987515279091,0.004532496817414747,0.9261221258354471,0.9261221258354471,0.7857142857142857,0.4975755699989719,0.9973233705968267,0.8687374749498998,0.8794565462303049
غبهنوش,1399,بهنوش  ایران,cf933ecd95504df6de2d892e,0.9999997846836732,0.25533313569245186,0.8739180788180863,0.8739180788180863,0.75,0.504157218442935,0.8153292349949528,0.9137529137529138,0.7188894397204888
غبهنوش,1400,بهنوش  ایران,0c1dc497d3cd1656662d20a6,0.9999996655430082,1.40472787304959e-09,0.8124958183668471,0.8124958183668471,0.7272727272727273,0.17380352644837097,0.8238946941437703,0.901072705601907,0.8058929691021607
غبهنوش,1401,بهنوش  ایران,1842a5d57dd4ff9c1acd1c2f,,1.2893931084956757e-09,0.958966636769501,0.958966636769501,0.8518518518518519,0.7796610169491517,0.829255686818501,0.8340425531914893,0.6730663911630702
غدام,1392,خوراک   دام  پارس,db67031bc6e0367d711cdc64,0.6511858867184849,,0.928088430777472,0.928088430777472,1.0,0.9102744546094192,,0.9322974472807991,0.65295762285262
غدام,1393,خوراک   دام  پارس,63d04911ddc4cba041f5111e,,0.47732192027315334,0.8832183841475963,0.8832183841475963,1.0,0.9522237587545106,,0.9113300492610837,0.42079544119604406
غدام,1394,خوراک   دام  پارس,d9850fba7eb380632d81c68f,,,0.8063710743016119,0.8063710743016119,1.0,0.9522237587545106,,0.9563894523326572,0.32623077424223834
غدام,1395,خوراک   دام  پارس,c32499cc31b577d9b1e91317,,,1.0,1.0,1.0,0.896518836432998,1.0,0.9394812680115274,1.0
غدام,1396,خوراک   دام  پارس,24164fd7d834f5f5302fc1c3,,,1.0,1.0,1.0,0.8329925017041594,1.0,0.9420289855072463,1.0
غدام,1397,خوراک   دام  پارس,78f99a9f1409c97fc416f0fc,0.9999998784914953,,,,1.0,1.0,0.9999990266342714,0.9585613760750586,
غدام,1398,خوراک   دام  پارس,afd4f147ee507b2d7fda3f12,0.44027465358306295,3.168216955506191e-10,,,0.7142857142857143,1.0,0.7802591776602108,0.905811623246493,
غدام,1399,خوراک   دام  پارس,70e6557271fe877cc8217f6f,0.9999996346898726,0.0,0.3596104517926699,0.3596104517926699,0.8333333333333334,0.43586005830903374,0.5744031400996645,0.9358974358974359,0.38439110994168474
غدام,1400,خوراک   دام  پارس,5df7a482aa0f2caa8a4b84fe,0.999998922038142,0.9649704835950744,0.9250136748613056,0.9250136748613056,0.7272727272727273,0.17380352644837097,0.41256684715532144,0.9320619785458879,0.7333319340286777
غدام,1401,خوراک   دام  پارس,354a8dc0c96d12bd117570ff,,0.19909284726827817,0.7464132496814613,0.7464132496814613,0.8888888888888888,0.794099183929693,0.28342251912831695,0.9106382978723404,0.4825835030419466
غدشت,1392,دشت  مرغاب,d9f2f735f83d0727e1f68088,0.6511858867184849,,0.9531468976309238,0.9531468976309238,1.0,0.9102744546094192,,0.9001109877913429,0.6668012587692423
غدشت,1393,دشت  مرغاب,4118c5b4f611431e2c58bd05,,3.327523517101276e-10,0.9393927292744453,0.9393927292744453,1.0,0.9522237587545106,,0.9211822660098522,0.3835187206252912
غدشت,1394,دشت  مرغاب,64ca1fee7714323e9edfc725,,,1.0,1.0,0.8181818181818182,0.878252120166735,,0.9148073022312373,0.1644427147373745
غدشت,1395,دشت  مرغاب,a282866f5dde5bd86098856c,,,1.0,1.0,1.0,0.896518836432998,1.0,0.9221902017291066,1.0
غدشت,1397,دشت  مرغاب,0d96744b7da56056956cb60a,,,,,1.0,1.0,0.9999999912559105,0.9483971853010165,
غدشت,1398,دشت  مرغاب,1de1e0716f60f9e90139ea1a,,,,,,,0.9999999986026558,0.9188376753507014,
غدشت,1399,دشت  مرغاب,717598591dd3e56a441ce52e,0.46013519360482324,,0.998726719588357,0.998726719588357,0.75,0.504157218442935,,0.8904428904428905,0.8017197001258055
غدشت,1400,دشت  مرغاب,62b7800c2f886c50f9aed295,0.9999998716074234,3.4601370571254655e-16,0.7926639219155164,0.7926639219155164,0.7272727272727273,0.17380352644837097,,0.8104886769964244,0.8186822540993342
غدشت,1401,دشت  مرغاب,0f1562bb37dc7eed143599bf,,0.44379616628759216,0.8730302675064455,0.8730302675064455,0.8888888888888888,0.794099183929693,,0.8425531914893617,0.5644460423695669
غزر,1395,صنعتی زر ماکارون,f667b8d5acd5953590105724,0.8745812366634849,,,,0.8888888888888888,1.0,,0.0,
غزر,1396,صنعتی زر ماکارون,1ae1e3bc7c6cce4b2e9430c8,0.6883700631956146,,,,0.8888888888888888,1.0,,0.31068840579710144,
غزر,1397,صنعتی زر ماکارون,7a1d80b6f74e41513ec6db11,0.9999999068446955,,,,1.0,1.0,,0.6942924159499608,
غزر,1398,صنعتی زر ماکارون,51659a8e2e2242697411331f,0.9999996897155256,,0.9999995963659137,0.9999995963659137,0.7857142857142857,0.4975755699989719,,0.9649298597194389,0.8378891484646487
غزر,1399,صنعتی زر ماکارون,37adfef748945cf840de6e3e,0.9999999363014564,,0.5482869265320328,0.5482869265320328,0.75,0.504157218442935,,0.9230769230769231,0.5071035924181515
غزر,1400,صنعتی زر ماکارون,2cc02f91689246b06629db9d,0.999999732367365,,0.5672675582299203,0.5672675582299203,0.7272727272727273,0.17380352644837097,,0.9070321811680572,0.4059118498741226
غزر,1401,صنعتی زر ماکارون,bc6e5d6a7269784e49c18d49,,,0.5165846176970148,0.5165846176970148,0.8518518518518519,0.7796610169491517,,0.8425531914893617,0.3339908750711475
غشاذر,1392,پگاه آذربایجان غربی,c5da245a061e31fd9173263b,0.6511858867184849,,0.8148561283758577,0.8148561283758577,1.0,0.9102744546094192,,0.9678135405105438,0.7949687823652757
غشاذر,1393,پگاه آذربایجان غربی,b8452f94e90b9e0d0e09590d,,0.5363814648934643,0.8103463904077913,0.8103463904077913,1.0,0.9522237587545106,,0.9753694581280788,0.4691525505123755
غشاذر,1394,پگاه آذربایجان غربی,7f1db8d341e9bf1a18fda116,,,0.6232048017128653,0.6232048017128653,1.0,0.9522237587545106,,0.9787018255578094,0.4792766877181654
غشاذر,1395,پگاه آذربایجان غربی,9a8bb69a1051129e557b7b3f,,,1.0,1.0,1.0,0.896518836432998,1.0,0.989433237271854,1.0
غشاذر,1396,پگاه آذربایجان غربی,c21180b8a9334ca3f87d3512,,,1.0,1.0,1.0,0.8329925017041594,1.0,0.9963768115942029,1.0
غشاذر,1397,پگاه آذربایجان غربی,3e4b5d783258b2666d9e67a8,0.8215225439657977,,,,1.0,1.0,0.9999996373585929,0.9906176700547302,
غشاذر,1398,پگاه آذربایجان غربی,c674734b129ee1da88c66284,0.999999892692364,4.230472330647784e-06,0.9765221160385268,0.9765221160385268,0.7857142857142857,0.4975755699989719,0.9681039991189517,0.9719438877755511,0.8246796914790864
غشاذر,1399,پگاه آذربایجان غربی,e858c239d93464a5dd74e942,0.9999995341483723,1.2635387038187868e-09,0.8735513099145652,0.8735513099145652,0.75,0.504157218442935,0.8644304249157927,0.9813519813519813,0.883131997484545
غشاذر,1400,پگاه آذربایجان غربی,2129ab341ea030fe9a9b9895,0.9999995421918623,0.7485840119075384,0.999999635889278,0.999999635889278,0.7272727272727273,0.17380352644837097,0.8999863935696651,0.9737783075089392,0.684974111125147
غشاذر,1401,پگاه آذربایجان غربی,726100508968e06067a26a0c,,0.7610128112867498,0.9713206349581074,0.9713206349581074,0.8518518518518519,0.7796610169491517,0.8292054968469854,0.9617021276595745,0.627994364777222
غشان,1392,شیرپاستوریزه پگاه خراسان,ba1398198eb5d0e79ecaf902,0.6511858867184849,,0.8903983889668426,0.8903983889668426,1.0,0.9102744546094192,,0.9711431742508324,0.6321356300483496
غشان,1393,شیرپاستوریزه پگاه خراسان,bb08e59871ed9d711ee4b054,,0.32994201686586194,0.9609610472440576,0.9609610472440576,1.0,0.9522237587545106,,0.9753694581280788,0.3692062055382197
غشان,1394,شیرپاستوریزه پگاه خراسان,c332d3feb25c69c4c4ae7324,,,1.0,1.0,1.0,0.6112325467279283,,0.9726166328600405,0.1644427147373745
غشان,1395,شیرپاستوریزه پگاه خراسان,4f7f39e9ca2f49f56eea0470,,,1.0,1.0,1.0,0.896518836432998,1.0,0.9673390970220941,1.0
غشان,1396,شیرپاستوریزه پگاه خراسان,589b8880af20e438bf110f54,,,1.0,1.0,1.0,0.8329925017041594,1.0,0.9818840579710145,1.0
غشان,1397,شیرپاستوریزه پگاه خراسان,18c02fc70b50d1735b670480,0.9999999513864788,,,,1.0,1.0,0.999999811803549,0.9890539483971853,
غشان,1398,شیرپاستوریزه پگاه خراسان,3f858b73e9a114e91cf59e1a,0.6096562092331808,0.09855248937588446,0.9790651225633898,0.9790651225633898,0.7857142857142857,0.4975755699989719,0.9691711307606038,0.968937875751503,0.8261104981429939
غشان,1399,شیرپاستوریزه پگاه خراسان,4afa26c43bd9b9bdf3c2a23e,0.9999995341477925,1.20949206700772e-16,0.8019277533811288,0.8019277533811288,0.75,0.504157218442935,0.7684386305943822,0.9708624708624709,0.672067960991563
غشان,1400,شیرپاستوریزه پگاه خراسان,00fe5c73ea12ccb8fa144bae,0.9999984564291432,0.7696227934754317,0.9999997397244154,0.9999997397244154,0.7272727272727273,0.17380352644837097,0.7852511071848207,0.9702026221692491,0.68497417808683
غشان,1401,شیرپاستوریزه پگاه خراسان,083477d459f9acc0915177e4,,0.5479940811432065,0.6220347852370761,0.6220347852370761,0.8518518518518519,0.7796610169491517,0.6803640550098831,0.9574468085106383,0.40216827046111425
غشصفا,1392,شیرپاستوریزه پگاه اصفهان,2c8f5cb720705dfd25f31f72,0.6511858867184849,,0.9848643692724144,0.9848643692724144,1.0,0.9102744546094192,,0.9722530521642619,0.6843236847088846
غشصفا,1393,شیرپاستوریزه پگاه اصفهان,03be5a9f6409bb4cbb3bd6ef,,,0.5930469063037745,0.5930469063037745,1.0,0.9522237587545106,,0.9783251231527094,0.6133502644478537
غشصفا,1394,شیرپاستوریزه پگاه اصفهان,1f6e6865272f4d35fb1ec557,,,1.0,1.0,0.8181818181818182,0.878252120166735,,0.9726166328600405,0.1644427147373745
غشصفا,1395,شیرپاستوریزه پگاه اصفهان,0f127bbdd5e0cef0ba5c5c57,,,1.0,1.0,1.0,0.896518836432998,,0.9721421709894332,1.0
غشصفا,1396,شیرپاستوریزه پگاه اصفهان,e2e00a812644a5fcd8059e7f,,,1.0,1.0,1.0,0.8329925017041594,,0.9347826086956522,1.0
غشصفا,1397,شیرپاستوریزه پگاه اصفهان,3e065c413e08a4f71403da78,0.8596402706338853,,,,1.0,1.0,,0.9859265050820953,
غشصفا,1398,شیرپاستوریزه پگاه اصفهان,70dd7c4d35f7c3275488ca9d,0.9999998020979108,,0.9064917740522707,0.9064917740522707,0.8571428571428571,0.4448865897333848,,0.9819639278557114,0.8905014404811092
غشصفا,1399,شیرپاستوریزه پگاه اصفهان,f731d943f1695a3d4474055a,0.9999997546024613,,1.0,1.0,0.8333333333333334,0.43586005830903374,,0.9766899766899767,0.8008914814921277
غشصفا,1400,شیرپاستوریزه پگاه اصفهان,665bd8dfaba46d30c85290f9,0.0,,0.819101477898934,0.819101477898934,0.8181818181818182,0.060003598416694746,,0.9785458879618594,0.8016330808681998
غشصفا,1401,شیرپاستوریزه پگاه اصفهان,6fd1bf8ca1de3a75fde91527,,,0.9209283423768005,0.9209283423768005,0.8888888888888888,0.7507846829880711,,0.9574468085106383,0.6976595416271115
غشهد,1392,شهد ایران,13a84abc9d7bfabb332587b0,0.6511858867184849,,0.975996501231116,0.975996501231116,1.0,0.9102744546094192,,0.9234184239733629,0.6794246006093528
غشهد,1393,شهد ایران,b5ca0a8d87e7fb40951a8072,,0.535931373492726,0.9855175378643314,0.9855175378643314,1.0,0.9522237587545106,,0.9507389162561576,0.3529107696593821
غشهد,1394,شهد ایران,bd1a7fcea46b672edb9dacc9,,,1.0,1.0,0.8181818181818182,0.878252120166735,,0.9249492900608519,0.1644427147373745
غشهد,1395,شهد ایران,7d1ee66956c213b78a41305a,,,1.0,1.0,1.0,0.896518836432998,1.0,0.9193083573487032,1.0
غشهد,1396,شهد ایران,41014edb505c719bc6a6ffb5,,,1.0,1.0,1.0,0.8329925017041594,1.0,0.9528985507246377,1.0
غشهد,1397,شهد ایران,1ce8be732ca226671c0e4869,0.9999986135367115,,,,1.0,1.0,0.999999806196604,0.9781078967943706,
غشهد,1398,شهد ایران,53f4385eeae8775bbc8c2a57,0.9541284668855581,0.5900997850484847,0.40195001311738066,0.40195001311738066,0.7857142857142857,0.4975755699989719,0.16717335660855592,0.9308617234468938,0.501400303197059
غشهد,1399,شهد ایران,8142c2a335193a359f2d364d,0.9999995341483817,4.354171441227792e-15,0.8794593955231291,0.8794593955231291,0.75,0.504157218442935,0.23337877154172393,0.9347319347319347,0.722493432905137
غشهد,1400,شهد ایران,86d86a0f021df21ef10cdfe1,0.5849749670679574,0.5877209960298135,0.9999999064228543,0.9999999064228543,0.7272727272727273,0.17380352644837097,0.27646271063328565,0.9415971394517283,0.6849744666196373
غشهد,1401,شهد ایران,3277b593762c43f393b31e8a,,1.23261001401212e-06,0.6915641987363432,0.6915641987363432,0.8888888888888888,0.7507846829880711,0.5755252135706237,0.9212765957446809,0.44712158277871805
غمهرا,1392,تولیدی مهرام,ecedca2b82d7e97294507a87,0.6511858867184849,,0.9031873391972282,0.9031873391972282,1.0,0.9102744546094192,,0.9223085460599334,0.7461699021370141
غمهرا,1393,تولیدی مهرام,fcdfbf2c32c9fdcf28345285,,,0.7324127385236145,0.7324127385236145,1.0,0.9522237587545106,,0.9310344827586207,0.5208685243752602
غمهرا,1394,تولیدی مهرام,e466b61351345eb433d66f0c,,,1.0,1.0,0.8181818181818182,0.878252120166735,,0.9330628803245437,0.1644427147373745
غمهرا,1395,تولیدی مهرام,6bbb3d4ec530dca47cb9a516,,,1.0,1.0,1.0,0.896518836432998,,0.9193083573487032,1.0
غمهرا,1396,تولیدی مهرام,9376021aed2c506c2075e7c7,,,1.0,1.0,1.0,0.8329925017041594,,0.9284420289855072,1.0
غمهرا,1397,تولیدی مهرام,1ee38730d314ceb2fff8f641,0.9999995593601138,,,,1.0,1.0,,0.9687255668491008,
غمهرا,1398,تولیدی مهرام,e69a0dd7c5f9bd3e8197dcef,0.9999996051433068,,0.9363889101948539,0.9363889101948539,0.7857142857142857,0.4975755699989719,,0.9158316633266533,0.8020989950460753
غمهرا,1399,تولیدی مهرام,64c194a22d16cf2aea1ad035,0.9999999122264744,,0.6167490463156553,0.6167490463156553,0.75,0.504157218442935,,0.9090909090909091,0.5516303766176912
غمهرا,1400,تولیدی مهرام,7ea5c6df1f2e5b3070ce9a5b,,,0.5439973740310842,0.5439973740310842,0.7272727272727273,0.17380352644837097,,0.9046483909415971,0.390905265991134
غمهرا,1401,تولیدی مهرام,af943c5625613597e13c3910,,,,,0.0,0.0,,0.848936170212766,
غنوش,1392,نوش  مازندران,795853a1819a5b019efadeca,0.6511858867184849,,0.4437276183538913,0.4437276183538913,1.0,0.9102744546094192,,0.9478357380688124,1.0
غنوش,1393,نوش  مازندران,8b000aa6cd49cc07c15af6e5,,0.04420262327973326,0.46959399532612156,0.46959399532612156,1.0,0.9522237587545106,,0.9320197044334976,0.6952723528276695
غنوش,1394,نوش  مازندران,dc1a5af8c9c396ade8f08c48,,,1.0,1.0,0.8181818181818182,0.878252120166735,,0.934077079107505,0.1644427147373745
غنوش,1395,نوش  مازندران,6f93f312042e298336485f3c,,,1.0,1.0,1.0,0.896518836432998,1.0,0.9548511047070125,1.0
غنوش,1396,نوش  مازندران,65b5e60c7ade397e717b5aa1,,,1.0,1.0,1.0,0.8329925017041594,1.0,0.9492753623188406,1.0
غنوش,1397,نوش  مازندران,f17213ce0b40f0b53cb51662,0.0,,,,1.0,1.0,0.9999989739248797,0.9593432369038312,
غنوش,1398,نوش  مازندران,84c2dddb0227c5882d65e0ce,0.9999991052441117,3.971199354945456e-07,0.4134203512606226,0.4134203512606226,0.7857142857142857,0.4975755699989719,0.9835180618531814,0.938877755511022,0.5078540169772496
غنوش,1399,نوش  مازندران,112bde5c3464fa825b00a9b5,0.9999993412960192,1.0,0.0,0.0,0.75,0.504157218442935,0.9771919824209035,0.9090909090909091,0.15050561189577552
غنوش,1400,نوش  مازندران,2753335942e40c3ddafab8fe,0.9999996524464122,0.7990766397376398,0.5741476182612688,0.5741476182612688,0.7272727272727273,0.17380352644837097,0.9369418396137229,0.9082240762812872,0.9596000574380835
غنوش,1401,نوش  مازندران,a43617496ed4a41076f3f137,,8.315699555680304e-10,0.8663160973560937,0.8663160973560937,0.8518518518518519,0.7796610169491517,0.8372774280831777,0.8063829787234043,0.5601050854632429
غپاک,1392,لبنیات  پاک,cbd6046945d199ce06fba626,0.6511858867184849,,0.7652253963491952,0.7652253963491952,1.0,0.9102744546094192,,0.9012208657047724,0.8223874504135132
غپاک,1393,لبنیات  پاک,e2ef66d15efb9e340216d3fc,,0.40322102627546813,0.9254447656044416,0.9254447656044416,1.0,0.9522237587545106,,0.9270935960591133,0.39277444658139554
غپاک,1394,لبنیات  پاک,6fc5058e8b3908f9f4b1d7ba,,,1.0,1.0,0.8181818181818182,0.878252120166735,,0.907707910750507,0.1644427147373745
غپاک,1395,لبنیات  پاک,a2952af5db2bfeb7ba498946,,,1.0,1.0,1.0,0.896518836432998,1.0,0.914505283381364,1.0
غپاک,1396,لبنیات  پاک,05691cf4d2a10b99119830e0,,,1.0,1.0,1.0,0.8329925017041594,1.0,0.927536231884058,1.0
غپاک,1397,لبنیات  پاک,3a6ed6d702432c88ca680c5f,0.9999992028322098,,,,1.0,1.0,0.9999997046903457,0.9397967161845191,
غپاک,1398,لبنیات  پاک,be413261d5f37ed8c250b442,0.9999998502425989,9.767634969187985e-11,0.8281941490343462,0.8281941490343462,0.7857142857142857,0.4975755699989719,0.8910115453173829,0.8476953907815631,0.9345551078816722
غپاک,1399,لبنیات  پاک,f843596ddc57c0e87d6094c8,0.999998167896365,2.8636611494032303e-10,0.7838985518309762,0.7838985518309762,0.75,0.504157218442935,0.8779814054820037,0.8764568764568764,0.9414408699631982
غپاک,1400,لبنیات  پاک,28582ec2e652d0bb96b8d2a8,0.9999983962843737,2.2923246530393543e-10,0.6833296884426825,0.6833296884426825,0.7272727272727273,0.17380352644837097,0.7876301539602032,0.8438617401668653,0.8891902196518543
غپاک,1401,لبنیات  پاک,1e131e7bf26758aec1039378,,2.708589022411349e-10,0.7823313706776548,0.7823313706776548,0.8518518518518519,0.7796610169491517,0.5703471105929895,0.8638297872340426,0.5058058837545408
غپینو,1392,پارس  مینو,adfabc11fed4ebe40a301433,0.6511858867184849,,0.9836850338608254,0.9836850338608254,1.0,0.9102744546094192,,0.9644839067702553,0.6836721568178488
غپینو,1393,پارس  مینو,2b1ee869411504bf3f941501,,,0.5168063278610897,0.5168063278610897,1.0,0.9522237587545106,,0.9743842364532019,0.6639427321008887
غپینو,1394,پارس  مینو,757716e1ee750ec29ca6dc06,,,1.0,1.0,0.8181818181818182,0.878252120166735,,0.9675456389452333,0.1644427147373745
غپینو,1395,پارس  مینو,42338ab61264c3c12d24163e,,,1.0,1.0,1.0,0.896518836432998,,0.962536023054755,1.0
غپینو,1396,پارس  مینو,60cef75b7e6918e016880f44,,,1.0,1.0,1.0,0.8329925017041594,,0.9682971014492754,1.0
غپینو,1397,پارس  مینو,3a19043eef4981683ec730e9,0.9999997857081725,,,,1.0,1.0,,0.9757623143080532,
غپینو,1398,پارس  مینو,453d10e487f0d826843bdff1,0.9999999688404537,,0.8761226370368493,0.8761226370368493,0.7857142857142857,0.4975755699989719,,0.9408817635270541,0.7681905546231835
غپینو,1399,پارس  مینو,dbb68a8a21a60b5f59d509e3,0.9999998961988533,,0.9645508637877214,0.9645508637877214,0.75,0.504157218442935,,0.9766899766899767,0.7778357076786075
غپینو,1400,پارس  مینو,0f931403ad1d3f4d799577d6,0.9999987987552448,,0.9223154803453215,0.9223154803453215,0.7272727272727273,0.17380352644837097,,0.9690107270560191,0.7350719581724815
غپینو,1401,پارس  مینو,2829a808a2700727093a8ef4,,,0.9138026321958894,0.9138026321958894,0.8518518518518519,0.7796610169491517,,0.9595744680851064,0.7022665742357009
غچین,1392,کشت  و صنعت  چین  چین,0abb8727b9cb17c1cb0ec077,0.8872769562129009,,0.4502520947830446,0.4502520947830446,1.0,0.9102744546094192,,0.9067702552719201,0.9963955306300258
غچین,1393,کشت  و صنعت  چین  چین,efcb3e562f94e7a8ccaf0a72,0.707548045216801,6.71581665199154e-10,0.15633461261511672,0.15633461261511672,1.0,0.9522237587545106,,0.9270935960591133,0.0
غچین,1394,کشت  و صنعت  چین  چین,2c8c1577f45a02a7afd9db37,,7.807488405799494e-10,0.999329028396473,0.999329028396473,1.0,0.9522237587545106,,0.9158215010141988,0.1650033499489059
غچین,1395,کشت  و صنعت  چین  چین,c1b9bb5d75d3dcd5030bb0df,,,1.0,1.0,1.0,0.896518836432998,0.6275207296319958,0.914505283381364,1.0
غچین,1396,کشت  و صنعت  چین  چین,d88b1cb24b17954aea4172a6,,,1.0,1.0,1.0,0.8329925017041594,0.7129023958586849,0.927536231884058,1.0
غچین,1397,کشت  و صنعت  چین  چین,00890b96cf830d876ef75f84,,,,,1.0,1.0,0.9999993932608452,0.9397967161845191,
غچین,1398,کشت  و صنعت  چین  چین,3ed4cb0ab863d648bc47bcd0,,,,,,,0.9999998060958735,0.9138276553106213,
غچین,1399,کشت  و صنعت  چین  چین,90764f9abb570afdc6afa0da,0.9999998010402897,,0.7139586655377955,0.7139586655377955,0.75,0.504157218442935,,0.9055944055944056,0.6148541235729985
غچین,1400,کشت  و صنعت  چین  چین,63a68421097a100cc0710c1e,0.9999999797668323,1.0995101059437678e-09,0.3030742573138736,0.3030742573138736,0.7272727272727273,0.17380352644837097,,0.9046483909415971,0.23553765353584935
غچین,1401,کشت  و صنعت  چین  چین,7495c96c1910d86a104867c8,,0.1765599236219272,0.7185461163510589,0.7185461163510589,0.8888888888888888,0.794099183929693,,0.8361702127659575,0.4645663807198794
غکورش,1397,صنعت غذایی کورش,a226eb24ffab0d8426cd328c,0.9999999068435852,,,,1.0,1.0,,0.6239249413604379,
غکورش,1398,صنعت غذایی کورش,e15d5c5411daa66917fdba76,0.9999996067580784,,0.9999997592605229,0.9999997592605229,0.7857142857142857,0.4975755699989719,,0.875751503006012,0.8378892401162783
غکورش,1399,صنعت غذایی کورش,0a119042c16920e650ca3534,0.9999999362003669,,0.6297946683302617,0.6297946683302617,0.75,0.504157218442935,,0.9254079254079254,0.560115062718984
غکورش,1400,صنعت غذایی کورش,9a45b1a5364fe6ee5486fa03,0.9999992346666128,,0.7981563387624704,0.7981563387624704,0.7272727272727273,0.17380352644837097,,0.7747318235995233,0.5548084732569295
غکورش,1401,صنعت غذایی کورش,5f81c1d2bd339785d3667f08,,,0.6549468119049338,0.6549468119049338,0.8518518518518519,0.7796610169491517,,0.851063829787234,0.42344710109329137
غگرجی,1392,بیسکویت   گرجی,bd972ccefe8da833b597b3d9,0.6511858867184849,,0.7487022195489217,0.7487022195489217,1.0,0.9102744546094192,,0.9001109877913429,0.8315157360802581
غگرجی,1393,بیسکویت   گرجی,6227545dd9d12e9789567194,,0.7800588660669031,0.6994553018867381,0.6994553018867381,1.0,0.9522237587545106,,0.9408866995073891,0.5427387420603427
غگرجی,1394,بیسکویت   گرجی,0d733aa90e75adcf5eb6b045,,,1.0,1.0,0.8181818181818182,0.878252120166735,,0.9198782961460447,0.1644427147373745
غگرجی,1395,بیسکویت   گرجی,1bcdc4a68e0ad515ce779115,,,1.0,1.0,1.0,0.896518836432998,1.0,0.9423631123919308,1.0
غگرجی,1396,بیسکویت   گرجی,778826338725f673d2a252a2,,,1.0,1.0,1.0,0.8329925017041594,1.0,0.9248188405797102,1.0
غگرجی,1397,بیسکویت   گرجی,50e2a6894fcfe8edffb2c085,0.9999997759208031,,,,1.0,1.0,0.9999989024120923,0.9397967161845191,
غگرجی,1398,بیسکویت   گرجی,f48fa5c678432be9eedadaca,0.9999999722177028,0.8152958195718989,0.7376016650544248,0.7376016650544248,0.7857142857142857,0.4975755699989719,0.7489762681060361,0.9148296593186372,0.6902525989531433
غگرجی,1399,بیسکویت   گرجی,2cf8f94c070c0f9173d6d9ce,0.9999996659037231,0.5528099150040517,0.8393643299948927,0.8393643299948927,0.75,0.504157218442935,0.5263412303431139,0.9545454545454546,0.6964161753518401
غگرجی,1400,بیسکویت   گرجی,8a78b0b6c97cb7355d84c4f1,0.999999534875989,0.9137703101302839,0.9495042763017225,0.9495042763017225,0.7272727272727273,0.17380352644837097,0.6156624940044626,0.9487485101311085,0.7175383218372091
غگرجی,1401,بیسکویت   گرجی,31e54650cab5c0ff371778b0,,8.494154721933277e-10,0.9723177346766244,0.9723177346766244,0.8518518518518519,0.7796610169491517,0.6049997915280378,0.8361702127659575,0.62863902626367
غگل,1392,گلوکوزان,2f99538bb392ee86ce43302c,0.9941679485213468,,0.9795014318861174,0.9795014318861174,1.0,0.9102744546094192,,0.9056603773584906,0.6813609115650315
غگل,1393,گلوکوزان,833283665dc7f75b983688bd,0.707548045216801,,0.9321291346631645,0.9321291346631645,1.0,0.9522237587545106,,0.929064039408867,0.2982619443044608
غگل,1394,گلوکوزان,270916863a9f0e56375d6567,,,0.06171107220255534,0.06171107220255534,1.0,0.9522237587545106,,0.920892494929006,0.948436864039787
غگل,1395,گلوکوزان,3768e69d6c9f3336478dc943,,,1.0,1.0,1.0,0.896518836432998,,0.9250720461095101,1.0
غگل,1396,گلوکوزان,99a96f291ec2707e7a302f49,,,1.0,1.0,1.0,0.8329925017041594,,0.9311594202898551,1.0
غگل,1397,گلوکوزان,dc677a3d39173e2bb8885ac6,,,,,1.0,1.0,,0.9429241594996091,
غگل,1398,گلوکوزان,c955a74312ad3a44035fbffc,,,,,,,,0.9348697394789579,
غگل,1399,گلوکوزان,eaa49daf25af22cef958b269,0.9999995341491175,,0.8533564630724056,0.8533564630724056,0.75,0.504157218442935,,0.9090909090909091,0.8962664372320375
غگل,1400,گلوکوزان,3406ebfe45a3f88800ae6442,0.9999996283950031,,0.9999998892155748,0.9999998892155748,0.7272727272727273,0.17380352644837097,,0.9070321811680572,0.6849744777163472
غگل,1401,گلوکوزان,9c6403415c2516c2022fa8d7,,,0.4041702444968782,0.4041702444968782,0.8888888888888888,0.794099183929693,,0.8978723404255319,0.26131086566035794
فاذر,1392,صنایع  آذرآب,7fcfd94f8dd1c51d582f5edd,0.7438267529833832,,,,0.5555555555555556,0.8224489795918273,,0.9389567147613762,
فاذر,1393,صنایع  آذرآب,1c0fd96f9733a3f7a71f81fa,0.707548045216801,0.11284169112104704,,,0.625,0.9184993531694685,,0.9300492610837439,
فاذر,1394,صنایع  آذرآب,1d07e945dd519ac5781b3685,,5.616477906183271e-10,1.0,1.0,0.8181818181818182,0.878252120166735,,0.9158215010141988,0.1644427147373745
فاذر,1395,صنایع  آذرآب,186830ad999a48c031131276,,,1.0,1.0,1.0,0.896518836432998,0.7575996518439809,0.9164265129682997,1.0
فاذر,1396,صنایع  آذرآب,e0e78a86c0ead95685cba892,,,1.0,1.0,1.0,0.8329925017041594,0.7963016910969964,0.9157608695652174,1.0
فاذر,1397,صنایع  آذرآب,d16f8f1c8decfcfeb0727559,0.999999835973803,,,,1.0,1.0,0.9999999165491431,0.931196247068022,
فاذر,1398,صنایع  آذرآب,dd73401d4eca9f971aa0b3ee,0.9999998527968895,1.3719704834825723e-10,0.9901400268202527,0.9901400268202527,0.7857142857142857,0.4975755699989719,0.9997308981470101,0.8496993987975952,0.8434372759520408
فاذر,1399,صنایع  آذرآب,af4087baeec83c2664c9800f,0.9999846999665296,1.0382099688876283e-09,0.9975772948690207,0.9975772948690207,0.75,0.504157218442935,1.0,0.8391608391608392,0.7993156264174045
فاذر,1400,صنایع  آذرآب,453b0764f960219ff462793f,0.9999999165588497,3.1254610671701e-11,0.9432980728670195,0.9432980728670195,0.7272727272727273,0.17380352644837097,1.0,0.7759237187127532,0.7215406069777978
فاذر,1401,صنایع  آذرآب,31d4f939394d795efb3eb5bb,,0.2151835691950631,0.9989500080622552,0.9989500080622552,0.8888888888888888,0.794099183929693,1.0,0.8127659574468085,0.6458577664051309
فاراک,1393,ماشین  سازی  اراک,facdcca573e748d66d2cb466,0.9732354357621014,,,,0.5,0.9054592496765791,,0.9320197044334976,
فاراک,1394,ماشین  سازی  اراک,67142e70cd2d408f4c500572,0.0,1.081179283496982e-09,,,0.7272727272727273,0.9184993531694685,,0.9330628803245437,
فاراک,1395,ماشین  سازی  اراک,a62722e5ab84a8c0e1abd325,,0.902429800645688,1.0,1.0,1.0,0.896518836432998,,0.9164265129682997,1.0
فاراک,1396,ماشین  سازی  اراک,52b8770cd64252eb094b0c9a,,,1.0,1.0,1.0,0.8329925017041594,0.985954776873921,0.9284420289855072,1.0
فاراک,1397,ماشین  سازی  اراک,70d6b6d8cdfedb07731adbfe,,,,,1.0,1.0,0.6602965531097438,0.9468334636434714,
فاراک,1398,ماشین  سازی  اراک,40ceb84806ca735af56c6728,,,,,,,0.999999999564635,0.9258517034068137,
فاراک,1399,ماشین  سازی  اراک,a99d3109ab0425f49caf2e14,0.9999978677784946,,0.9906074510132042,0.9906074510132042,0.75,0.504157218442935,,0.9125874125874126,0.7947825395913862
فاراک,1400,ماشین  سازی  اراک,c86fcf2eac45e6cba5dbe0ab,0.9999998074339097,1.982171807786856e-10,0.8014850308489964,0.8014850308489964,0.7272727272727273,0.17380352644837097,,0.9046483909415971,0.5569550955866139
فاراک,1401,ماشین  سازی  اراک,03ce4dad2605c486f3a62275,,0.9987554265360338,0.810479358410559,0.810479358410559,0.8888888888888888,0.794099183929693,,0.8276595744680851,0.5240045887340192
فارس,1392,صنایع پتروشیمی خلیج فارس,b5d4954635b33421a1009272,0.6831617413759299,,,,0.2222222222222222,0.9165120593691957,,0.8956714761376249,
فارس,1393,صنایع پتروشیمی خلیج فارس,80ce0f44757277e50e4d10ef,0.8656848679380296,,,,0.125,0.9555451017287978,,0.9182266009852217,
فارس,1394,صنایع پتروشیمی خلیج فارس,04d4b8cc2afed68660bae291,0.0,,,,0.2727272727272727,0.9417852522639033,,0.9066937119675457,
فارس,1395,صنایع پتروشیمی خلیج فارس,72016a5c5aa87aa7a434365c,,,1.0,1.0,0.6666666666666666,0.8497854077253144,,0.909702209414025,1.0
فارس,1396,صنایع پتروشیمی خلیج فارس,d6b277f6b2992cc654ba5fad,,,1.0,1.0,0.6666666666666666,0.7895705521472348,,0.9221014492753623,1.0
فارس,1397,صنایع پتروشیمی خلیج فارس,31b94bb5e8e7e31ab5b0a012,,,1.0,1.0,0.8,0.7142418661755624,,0.9374511336982018,1.0
فارس,1398,صنایع پتروشیمی خلیج فارس,520e467fd31b818b90beec89,0.9999997766409789,,,,0.5,0.8801017318638765,,0.9168336673346693,
فارس,1399,صنایع پتروشیمی خلیج فارس,16c011651e6fb380cdd4ec97,0.9999996077994378,,,,0.5833333333333334,0.9199999999999996,,0.9067599067599068,
فارس,1400,صنایع پتروشیمی خلیج فارس,809a5ce6ad620e97cc18ab78,0.9999997896601083,,,,0.5454545454545454,0.8667002518891688,,0.9141835518474374,
فارس,1401,صنایع پتروشیمی خلیج فارس,4573a49de56bf63dca5d5689,,,,,0.8148148148148148,0.9667796610169489,,0.8297872340425532,
فاما,1392,صنعتی  آما,bbca192effcec699a761642b,0.6511858867184849,,0.9051905838143626,0.9051905838143626,1.0,0.9102744546094192,,0.9089900110987792,0.6403076288012818
فاما,1393,صنعتی  آما,acf51cd7fa8a2e7940a50b79,,,0.501077003408568,0.501077003408568,1.0,0.9522237587545106,,0.9261083743842364,0.6743805508428666
فاما,1394,صنعتی  آما,9c13813831aa8cb0ec728782,,,1.0,1.0,0.8181818181818182,0.878252120166735,,0.9198782961460447,0.1644427147373745
فاما,1395,صنعتی  آما,cbd03ce3d0ca4637b0573b7c,,,1.0,1.0,1.0,0.896518836432998,,0.9193083573487032,1.0
فاما,1396,صنعتی  آما,3d5b5a56f956ec37e4db8478,,,1.0,1.0,1.0,0.8329925017041594,,0.9320652173913043,1.0
فاما,1397,صنعتی  آما,22b3e0abf24efb99c9d17a8f,0.9999999711620245,,,,1.0,1.0,,0.9468334636434714,
فاما,1398,صنعتی  آما,4f82a1f1f0845310d63c5ce4,0.9999996035565553,,0.8585100003775077,0.8585100003775077,0.7857142857142857,0.4975755699989719,,0.9268537074148296,0.7582809151256895
فاما,1399,صنعتی  آما,dfa01724024c19672046b17c,0.9999999103046399,,0.4373193867539765,0.4373193867539765,0.75,0.504157218442935,,0.9230769230769231,0.43493189057094456
فاما,1400,صنعتی  آما,c11a2db8ce3708b52bb85d45,0.9999993833470755,,0.5948184371654299,0.5948184371654299,0.7272727272727273,0.17380352644837097,,0.901072705601907,0.42367898795360825
فاما,1401,صنعتی  آما,932efa13765b8f4413e46f21,,,0.5428410076555126,0.5428410076555126,0.8518518518518519,0.7796610169491517,,0.8680851063829788,0.35096659281036857
فایرا,1392,آلومینیوم ایران,0660d0eae9c7d7d567269084,0.6511858867184849,,0.7953931531007403,0.7953931531007403,1.0,0.9102744546094192,,0.902330743618202,0.8057211697774301
فایرا,1393,آلومینیوم ایران,35dbc138050d9346a37267f0,,,0.6563661037283892,0.6563661037283892,1.0,0.9522237587545106,,0.9231527093596059,0.571332293008547
فایرا,1394,آلومینیوم ایران,1f93ae48bffccafe402d9bbf,,,1.0,1.0,0.8181818181818182,0.878252120166735,,0.8752535496957403,0.1644427147373745
فایرا,1395,آلومینیوم ایران,296cbea3768a24b45c1fc749,,,1.0,1.0,1.0,0.896518836432998,,0.9173871277617676,1.0
فایرا,1396,آلومینیوم ایران,a26ee510065623a1b93cd03a,,,1.0,1.0,1.0,0.8329925017041594,,0.9239130434782609,1.0
فایرا,1397,آلومینیوم ایران,73c22ee2fbdd27201391b81d,0.9999999997516462,,,,1.0,1.0,,0.9319781078967944,
فایرا,1398,آلومینیوم ایران,4fda61992757bb7318a07f56,0.9999996173623881,,0.8790836746232177,0.8790836746232177,0.8571428571428571,0.4448865897333848,,0.9158316633266533,0.7698565638407119
فایرا,1399,آلومینیوم ایران,3922b3323fc951816407c6ed,0.9999995318826571,,0.6899118691916242,0.6899118691916242,0.75,0.504157218442935,,0.9044289044289044,0.5992144309228099
فایرا,1400,آلومینیوم ایران,3e14eb94aa5cae85181851db,0.9999999398516696,,0.2825207880325874,0.2825207880325874,0.7272727272727273,0.17380352644837097,,0.902264600715137,0.22228303731878146
فایرا,1401,آلومینیوم ایران,105ef3cd3c47a13c2aca5265,,,0.8458429699479919,0.8458429699479919,0.8518518518518519,0.7796610169491517,,0.8276595744680851,0.5468684587728107
فباهنر,1392,مس  شهیدباهنر,efaa0000380e7d8e1df72386,0.6511858867184849,,0.965814179610077,0.965814179610077,1.0,0.9102744546094192,,0.9400665926748057,0.7115714894586079
فباهنر,1393,مس  شهیدباهنر,2ad82495eac8e16e3df39ac9,,,0.7900412363553841,0.7900412363553841,1.0,0.9522237587545106,,0.9822660098522168,0.48262684295047115
فباهنر,1394,مس  شهیدباهنر,d5414dc48bae360a31450554,,,1.0,1.0,0.8181818181818182,0.878252120166735,,0.9726166328600405,0.1644427147373745
فباهنر,1395,مس  شهیدباهنر,d8f166444319bf4339d85ae3,,,1.0,1.0,1.0,0.896518836432998,,0.9692603266090298,1.0
فباهنر,1396,مس  شهیدباهنر,ce0864d39b562b14693625c2,,,1.0,1.0,1.0,0.8329925017041594,,0.9755434782608695,1.0
فباهنر,1397,مس  شهیدباهنر,ca4da0343f121048871710cd,0.9999997505849043,,,,1.0,1.0,,0.9788897576231431,
فباهنر,1398,مس  شهیدباهنر,51002b18a04f5d924dd78ce2,0.9999997532537921,,0.8902217078148614,0.8902217078148614,0.8571428571428571,0.4448865897333848,,0.9729458917835672,0.7761233083250915
فباهنر,1399,مس  شهیدباهنر,4a60c8a612fd6260d51acb56,0.9999995150796726,,0.7267452089928788,0.7267452089928788,0.8333333333333334,0.43586005830903374,,0.9627039627039627,0.6231703086821065
فباهنر,1400,مس  شهیدباهنر,6e4d3222fc93aa91a0eef059,0.9999999334868859,,0.4249002283627632,0.4249002283627632,0.8181818181818182,0.060003598416694746,,0.9618593563766389,0.31410134852211996
فباهنر,1401,مس  شهیدباهنر,97c727efeec12804eb5f1b2f,,,0.958960061908046,0.958960061908046,0.8888888888888888,0.7507846829880711,,0.9212765957446809,0.6730706420518029
فجام,1392,جام دارو,77b3d4e48cb635da0560be0b,0.6511858867184849,,0.9911096407484862,0.9911096407484862,1.0,0.9102744546094192,,0.9100998890122086,0.6877739063453807
فجام,1393,جام دارو,163d775011c48e30e92bb2b5,,0.5043074039983336,0.20991355114601784,0.20991355114601784,1.0,0.9522237587545106,,0.9211822660098522,0.8675936381676579
فجام,1394,جام دارو,9bf29151b30b9e0527b0ac16,,,1.0,1.0,0.8181818181818182,0.878252120166735,,0.9198782961460447,0.1644427147373745
فجام,1395,جام دارو,f96473aa23f80e55a6db2555,,,1.0,1.0,1.0,0.896518836432998,1.0,0.9221902017291066,1.0
فجام,1396,جام دارو,ed950945709e735035cd9e3a,,,1.0,1.0,1.0,0.8329925017041594,1.0,0.9311594202898551,1.0
فجام,1397,جام دارو,b19e60a30c11e087bf1e7432,0.8537952352165674,,,,1.0,1.0,0.9999965723473314,0.9452697419859265,
فجام,1398,جام دارو,a9ca28766a7808e09dbce98a,0.9999997822916384,7.276199987733763e-06,0.9317837088282012,0.9317837088282012,0.7857142857142857,0.4975755699989719,0.9727533426907408,0.9168336673346693,0.7995079073946593
فجام,1399,جام دارو,026a645d3f9054c6e8d68077,0.9999995341478602,5.916296967831947e-10,0.7293403262120166,0.7293403262120166,0.75,0.504157218442935,0.5391137764250121,0.9230769230769231,0.6248581358302328
فجام,1400,جام دارو,b8a32898393d281032fa9a5d,0.999999841025715,0.8215521692021479,0.9999996090707611,0.9999996090707611,0.7272727272727273,0.17380352644837097,0.5768832899498877,0.9201430274135876,0.684974093830298
فجام,1401,جام دارو,a56c1ba571a4a23907d7d946,,0.6823128763338973,0.9093887855702985,0.9093887855702985,0.8518518518518519,0.7796610169491517,0.629630686446579,0.8638297872340426,0.5879531559157908
فجر,1392,فولاد امیرکبیرکاشان,e5389f32f2c66e177b41b544,0.6511858867184849,,0.8685707277832719,0.8685707277832719,1.0,0.9102744546094192,,0.9522752497225305,0.765293967782554
فجر,1393,فولاد امیرکبیرکاشان,702f82914d84e50ff1b01806,,,0.7668660885245019,0.7668660885245019,1.0,0.9522237587545106,,0.9645320197044335,0.4980056338901234
فجر,1394,فولاد امیرکبیرکاشان,abfcf0a77a885fa8a0c6b559,,,1.0,1.0,0.8181818181818182,0.878252120166735,,0.9543610547667343,0.1644427147373745
فجر,1395,فولاد امیرکبیرکاشان,26c5197e61d1fc3c653408b7,,,1.0,1.0,1.0,0.896518836432998,,0.9759846301633045,1.0
فجر,1396,فولاد امیرکبیرکاشان,b194e18d3ab0dd7288b5d97c,,,1.0,1.0,1.0,0.8329925017041594,,0.9846014492753623,1.0
فجر,1397,فولاد امیرکبیرکاشان,1c7699352a1d6fd7ddcc1a45,0.9027839137876708,,,,1.0,1.0,,0.9913995308835027,
فجر,1398,فولاد امیرکبیرکاشان,c9514a24d2b8788f265e0ce8,0.9999998020989302,,0.6104499019548131,0.6104499019548131,0.7857142857142857,0.4975755699989719,,0.9649298597194389,0.6187114573194971
فجر,1399,فولاد امیرکبیرکاشان,b3476b2e172b6c52fcdcc45b,0.9999998683954352,,0.9999998051128771,0.9999998051128771,0.75,0.504157218442935,,0.972027972027972,0.8008911924558253
فجر,1400,فولاد امیرکبیرکاشان,a131e266f4c51a9fcc559040,0.9999999803866039,,0.0,0.0,0.7272727272727273,0.17380352644837097,,0.9702026221692491,0.0
فجر,1401,فولاد امیرکبیرکاشان,166b51b1b68f573ddc0c9893,,,0.8687266601667346,0.8687266601667346,0.8518518518518519,0.7796610169491517,,0.8723404255319149,0.7314098410441796
فخاس,1392,فولاد خراسان,0de1171121f485485c31b84a,0.6511858867184849,,0.9776716260477566,0.9776716260477566,1.0,0.9102744546094192,,0.9722530521642619,0.680350029056835
فخاس,1393,فولاد خراسان,3b8a5e1d2f25a19eef4e0707,,0.5580499091233224,0.7635554857263436,0.7635554857263436,1.0,0.9522237587545106,,0.9753694581280788,0.5002025160282066
فخاس,1394,فولاد خراسان,8824582cdde09805a7cb322a,,,1.0,1.0,0.8181818181818182,0.878252120166735,,0.9655172413793104,0.1644427147373745
فخاس,1395,فولاد خراسان,533bc1df28124831259357df,,,1.0,1.0,1.0,0.896518836432998,1.0,0.9673390970220941,1.0
فخاس,1396,فولاد خراسان,ad1e6b187a3a0297ffcdc67c,,,1.0,1.0,1.0,0.8329925017041594,1.0,0.9846014492753623,1.0
فخاس,1397,فولاد خراسان,b19a971f44f3c0801f577f8b,0.9999999327812065,,,,1.0,1.0,0.9999993127273759,0.980453479280688,
فخاس,1398,فولاد خراسان,54ff498441e4721bc2f647e1,0.9999995253949945,0.6070718600490846,0.874808143898724,0.874808143898724,0.7857142857142857,0.4975755699989719,0.6510579278923226,0.9298597194388778,0.7674509633074311
فخاس,1399,فولاد خراسان,d7a774960a343120d4be3b0f,0.42600589953674084,0.1183363010222552,0.8821703278048985,0.8821703278048985,0.75,0.504157218442935,0.3595192761251854,0.9207459207459208,0.7242565845146901
فخاس,1400,فولاد خراسان,dc0ea3972bd82c9375e4f117,0.9999995232381312,3.4601370571254655e-16,0.0,0.0,0.7272727272727273,0.17380352644837097,0.6577620196295748,0.9189511323003575,0.04008972642478788
فخاس,1401,فولاد خراسان,e05765c75fa2007b1177d69c,,0.5583756649413316,0.9999995189360235,0.9999995189360235,0.8518518518518519,0.7796610169491517,0.16204483555699778,0.8787234042553191,0.646536313622989
فرآور,1392,فرآوری موادمعدنی ایران,284d67fdffbceb32323a9439,0.6511858867184849,,0.7948238991270838,0.7948238991270838,1.0,0.9102744546094192,,0.9889012208657048,0.5793351754955492
فرآور,1393,فرآوری موادمعدنی ایران,c470f7b880b6a6600dfe0a1f,,,0.8908712882111429,0.8908712882111429,1.0,0.9522237587545106,,0.9891625615763546,0.415717052374823
فرآور,1394,فرآوری موادمعدنی ایران,a4cf833c5b2a934d59781a23,,,0.5298998965465853,0.5298998965465853,1.0,0.9522237587545106,,0.9898580121703854,0.5572382809805891
فرآور,1395,فرآوری موادمعدنی ایران,fd93bdc287ff5ada72457035,,,1.0,1.0,1.0,0.896518836432998,,0.9798270893371758,1.0
فرآور,1396,فرآوری موادمعدنی ایران,38831008a50cee023893e3c1,,,1.0,1.0,1.0,0.8329925017041594,,0.9855072463768116,1.0
فرآور,1397,فرآوری موادمعدنی ایران,73c111937a57ba116ce4e97f,0.9999999652970617,,,,1.0,1.0,,0.9898358092259578,
فرآور,1398,فرآوری موادمعدنی ایران,42d89609f6e2df47c7d0f64b,0.9999997349561945,,0.9202861665807625,0.9202861665807625,0.7857142857142857,0.4975755699989719,,0.9258517034068137,0.7930388873959475
فرآور,1399,فرآوری موادمعدنی ایران,9f5efa3846b4bdf726aedf07,0.999999390715652,,0.6608449993414418,0.6608449993414418,0.75,0.504157218442935,,0.9557109557109558,0.5803097542159575
فرآور,1400,فرآوری موادمعدنی ایران,1a5606ff530cb04ea7340786,0.9999998303729134,,0.670480758852959,0.670480758852959,0.7272727272727273,0.17380352644837097,,0.9404052443384983,0.4724724554862958
فرآور,1401,فرآوری موادمعدنی ایران,a4e65d5eb9f7b3040b4b9617,,,0.635367428440903,0.635367428440903,0.8518518518518519,0.7796610169491517,,0.9085106382978724,0.4107883125957589
فسازان,1394,غلتک سازان سپاهان,c1ab52b54e749051a2afc6d5,,,1.0,1.0,0.8181818181818182,0.878252120166735,,0.0,0.1644427147373745
فسازان,1395,غلتک سازان سپاهان,ba1baa7d52406af79f888655,,,1.0,1.0,1.0,0.896518836432998,,0.29779058597502406,1.0
فسازان,1396,غلتک سازان سپاهان,a8bb6e4be010a372274e44c4,,,1.0,1.0,1.0,0.8329925017041594,,0.6748188405797102,1.0
فسازان,1397,غلتک سازان سپاهان,5458b27ea9b13dec15fb0bd2,0.8487436907710992,,,,1.0,1.0,,0.9835809225957779,
فسازان,1398,غلتک سازان سپاهان,867d99d79991df2d563b6236,0.9999996280492833,2.872656421859879e-05,0.8131624123460629,0.8131624123460629,0.7857142857142857,0.4975755699989719,,0.9529058116232465,0.7327663792748552
فسازان,1399,غلتک سازان سپاهان,52d688c1574c94a50933b624,0.9999998523188972,0.5252301827261844,0.7319015248208858,0.7319015248208858,0.75,0.504157218442935,0.5777208890800305,0.9254079254079254,0.6265239027990281
فسازان,1400,غلتک سازان سپاهان,17ae0154d93a7ce9a1328872,0.9999995232388152,0.5658435380518922,0.5614804363060832,0.5614804363060832,0.7272727272727273,0.17380352644837097,0.6670075820185596,0.930870083432658,0.40217982395421226
فسازان,1401,غلتک سازان سپاهان,2df4b5f246f6d3f620350b41,,8.361827881651432e-10,1.0,1.0,0.8518518518518519,0.7796610169491517,0.5858255721410366,0.9297872340425531,0.6465367433754426
فسبزوار,1397,پارس فولاد سبزوار,4088f204c88635b689ede821,0.9999999584802242,,,,1.0,1.0,,0.2541047693510555,
فسبزوار,1398,پارس فولاد سبزوار,65821ce05385fb60f970a637,0.9999991443508917,,,,0.7142857142857143,1.0,,0.41583166332665333,
فسبزوار,1399,پارس فولاد سبزوار,4c1c6c0922f0dc1bff4e31f2,0.9999995341483117,,0.5079851188247173,0.5079851188247173,0.5833333333333334,0.544489795918368,,0.7517482517482518,0.4808918727064829
فسبزوار,1400,پارس فولاد سبزوار,3c501186674392d2d8bb1ef9,0.9999997865631266,,0.9999986763378262,0.9999986763378262,0.7272727272727273,0.17380352644837097,,0.9618593563766389,0.6849734923251741
فسبزوار,1401,پارس فولاد سبزوار,dc9a8f05cfc1b3d9aea48bda,,,0.8652556311443493,0.8652556311443493,0.9259259259259259,0.7657384987893442,,1.0,0.7336539884323693
فسرب,1392,ملی  سرب وروی  ایران,68ba812e34a1546e908d636c,0.6511858867184849,,0.962957112167994,0.962957112167994,1.0,0.9102744546094192,,0.9733629300776915,0.67222094542084
فسرب,1393,ملی  سرب وروی  ایران,1bd3003451b615c6c98f182c,,0.7254112546819527,0.9500916330728526,0.9500916330728526,1.0,0.9522237587545106,,0.993103448275862,0.376419037550998
فسرب,1394,ملی  سرب وروی  ایران,bfc8544e2c595070e2eefcc4,,,0.8031939669035519,0.8031939669035519,1.0,0.9522237587545106,,0.9888438133874239,0.0
فسرب,1395,ملی  سرب وروی  ایران,12ecdd89bd1638a102e7348c,,,1.0,1.0,1.0,0.896518836432998,1.0,0.968299711815562,1.0
فسرب,1396,ملی  سرب وروی  ایران,b3511c6d4162591e0ce007c9,,,1.0,1.0,1.0,0.8329925017041594,1.0,0.9846014492753623,1.0
فسرب,1397,ملی  سرب وروی  ایران,5cd9651396238c8f77ab5055,0.9999999991798221,,,,1.0,1.0,0.9999959028670384,0.9867083659108679,
فسرب,1398,ملی  سرب وروی  ایران,e274667b546eb24a699f97dc,0.9999991932926161,2.0506796511890616e-10,0.965363018994937,0.965363018994937,0.7857142857142857,0.4975755699989719,0.9304221013018666,0.9198396793587175,0.8184010955505846
فسرب,1399,ملی  سرب وروی  ایران,cc43f43d30ce2c27e836d0da,0.9999998995616393,0.415986631412122,0.32701879462520944,0.32701879462520944,0.75,0.504157218442935,0.44914995865049656,0.9627039627039627,0.3631939619423607
فسرب,1400,ملی  سرب وروی  ایران,0f0e5057d40d3d4b36c726fd,0.9999995802406084,0.3938535098203797,0.9543587997780602,0.9543587997780602,0.7272727272727273,0.17380352644837097,0.5179899847816082,0.934445768772348,0.6555410378954567
فسرب,1401,ملی  سرب وروی  ایران,71eadf70ad6f904a2509fd4b,,6.75560200588985e-10,0.9715680714633901,0.9715680714633901,0.8518518518518519,0.7796610169491517,0.4042509820162907,0.8276595744680851,0.664919102110355
فسپا,1392,گروه صنعتی سپاهان,ac288724a747e580624a8c11,0.6511858867184849,,0.7285559423769984,0.7285559423769984,1.0,0.9102744546094192,,0.9078801331853497,0.842645615967744
فسپا,1393,گروه صنعتی سپاهان,75809a40cd29d904058009fe,,,0.4390706201493607,0.4390706201493607,1.0,0.9522237587545106,,0.9300492610837439,0.7155273522365821
فسپا,1394,گروه صنعتی سپاهان,34bf1074291203714fd31112,,,1.0,1.0,0.8181818181818182,0.878252120166735,,0.920892494929006,0.1644427147373745
فسپا,1395,گروه صنعتی سپاهان,6a0d52a3843f18347e2ccf94,,,1.0,1.0,1.0,0.896518836432998,,0.9250720461095101,1.0
فسپا,1396,گروه صنعتی سپاهان,518fb1acd3eebf590560a129,,,1.0,1.0,1.0,0.8329925017041594,,0.927536231884058,1.0
فسپا,1397,گروه صنعتی سپاهان,9c83f49df9bc2c676e6c2d3e,0.8586213389413397,,,,1.0,1.0,,0.9616888193901485,
فسپا,1398,گروه صنعتی سپاهان,04018e84c68a307a726c1f65,0.9999992905557801,,0.000550190195915623,0.000550190195915623,0.7857142857142857,0.4975755699989719,,0.9128256513026052,0.2755552116048311
فسپا,1399,گروه صنعتی سپاهان,da8fe27b6506d1ede153b15f,0.9999999585809607,,0.05170195022683577,0.05170195022683577,0.75,0.504157218442935,,0.9114219114219114,0.18413182136345815
فسپا,1400,گروه صنعتی سپاهان,99da46bd594dc944cf02b953,0.999999963216133,,0.8977402590304762,0.8977402590304762,0.7272727272727273,0.17380352644837097,,0.9129916567342073,0.619028611788253
فسپا,1401,گروه صنعتی سپاهان,cf5718e94594b922f1862005,,,0.7374021193163384,0.7374021193163384,0.8518518518518519,0.7796610169491517,,0.8404255319148937,0.4767574772314127
فلامی,1392,لامیران,144dab9ef3c923d5c314cf65,0.9517440033341575,,0.6318780748228943,0.6318780748228943,1.0,0.9102744546094192,,0.9378468368479467,0.48931519626085124
فلامی,1393,لامیران,1cd04ebe9ef55c2f18352377,0.707548045216801,0.881045944073096,0.8282459961230821,0.8282459961230821,1.0,0.9522237587545106,,0.9763546798029556,0.22932615664860076
فلامی,1394,لامیران,797e2c53fc3b06d656b9c603,,8.959242273517765e-10,0.944373633368267,0.944373633368267,1.0,0.9522237587545106,,0.9685598377281948,0.11796369884554017
فلامی,1395,لامیران,cd9d924d104b4f2676969aff,,,1.0,1.0,1.0,0.896518836432998,0.43449222023953304,0.9577329490874159,1.0
فلامی,1396,لامیران,85b58ee5d14ffd23071c0dff,,,1.0,1.0,1.0,0.8329925017041594,0.5779311583391524,0.9329710144927537,1.0
فلامی,1397,لامیران,f573684e26d64e255bb58446,,,,,1.0,1.0,0.9999985071296527,0.947615324472244,
فلامی,1398,لامیران,7faf79b31d00c74915bd6c47,,,,,,,0.9999991785477487,0.9218436873747495,
فلامی,1399,لامیران,536ef9bb866a73806131be7b,0.9999997697308829,,0.566938229890529,0.566938229890529,0.8333333333333334,0.43586005830903374,,0.921911421911422,0.5192341335452549
فلامی,1400,لامیران,551c734b0e01030b91065782,0.9999995232383981,8.748377552674181e-10,0.9045334300546211,0.9045334300546211,0.8181818181818182,0.060003598416694746,,0.9201430274135876,0.6234094232994234
فلامی,1401,لامیران,5c95cdbfd0c6afc1cf2c551f,,0.6247820648011558,0.9999987144287485,0.9999987144287485,0.9259259259259259,0.7657384987893442,,0.848936170212766,0.6465357934795709
فلوله,1392,لوله وماشین سازی ایران,e179009325b833ca3bcde7a1,0.6511858867184849,,0.9733369601790168,0.9733369601790168,1.0,0.9102744546094192,,0.9156492785793563,0.7074155035443022
فلوله,1393,لوله وماشین سازی ایران,d43ca1b07c1b2529f78c2f0c,,,0.576376665699821,0.576376665699821,1.0,0.9522237587545106,,0.9270935960591133,0.6244124655191358
فلوله,1394,لوله وماشین سازی ایران,64b9854adb8f01e0af92a172,,,1.0,1.0,0.8181818181818182,0.878252120166735,,0.9259634888438134,0.1644427147373745
فلوله,1395,لوله وماشین سازی ایران,b996d90978f3ccac8c96aa15,,,1.0,1.0,1.0,0.896518836432998,,0.9125840537944284,1.0
فلوله,1396,لوله وماشین سازی ایران,f2d61ca54e384e3a279c0c18,,,1.0,1.0,1.0,0.8329925017041594,,0.9719202898550725,1.0
فلوله,1397,لوله وماشین سازی ایران,b0ba3350f6afa449d9d2f3b6,0.9999992713109946,,,,1.0,1.0,,0.9812353401094606,
فلوله,1398,لوله وماشین سازی ایران,415e39bfd031fb961d16ed04,0.9999998188354978,,0.9923145882468253,0.9923145882468253,0.8571428571428571,0.4448865897333848,,0.9959919839679359,0.8335652268696905
فلوله,1399,لوله وماشین سازی ایران,0937eec71898635dc5221b97,0.0,,0.6813159740521335,0.6813159740521335,0.8333333333333334,0.43586005830903374,,0.9254079254079254,1.0
فلوله,1400,لوله وماشین سازی ایران,4c20c62dc4b6d93cf420faca,0.9999709722475721,,0.9789085912976051,0.9789085912976051,0.8181818181818182,0.060003598416694746,,1.0,0.6713728208585825
فلوله,1401,لوله وماشین سازی ایران,76c7f6216fe581f8c96032c2,,,0.7369580212208191,0.7369580212208191,0.8888888888888888,0.7507846829880711,,0.9446808510638298,0.4764703515477228
فمراد,1392,آلومراد,922ed4e1df104f267404eeee,0.6511858867184849,,0.0,0.0,1.0,0.9102744546094192,,0.9567147613762486,0.1402319876710412
فمراد,1393,آلومراد,33cd48cb4576aea8b58d50bd,,0.8850385393334784,0.9777555861701929,0.9777555861701929,1.0,0.9522237587545106,,0.9477832512315271,0.3580615213723342
فمراد,1394,آلومراد,abecccdce23b24b737493d18,,,1.0,1.0,0.8181818181818182,0.878252120166735,,0.9158215010141988,0.1644427147373745
فمراد,1395,آلومراد,44b92daf94221d40de6363a9,,,1.0,1.0,1.0,0.896518836432998,1.0,0.8914505283381364,1.0
فمراد,1396,آلومراد,5a6c547aa7979e0acf305c76,,,1.0,1.0,1.0,0.8329925017041594,1.0,0.927536231884058,1.0
فمراد,1397,آلومراد,225549a299730882a27df238,0.9999998154629617,,,,1.0,1.0,0.9999993438479975,0.9507427677873339,
فمراد,1398,آلومراد,19ebf5ed2692884cc60ab89c,0.9999937296405205,8.515751046061262e-11,0.0,0.0,0.7857142857142857,0.4975755699989719,0.9880208709345694,0.9188376753507014,0.27524565054352984
فمراد,1399,آلومراد,5fd67d07cad754961cd4ab0d,0.9999999313443823,0.07464602572390197,0.2510080174805458,0.2510080174805458,0.75,0.504157218442935,0.09162586809059592,0.9102564102564102,0.3137576388858053
فمراد,1400,آلومراد,9172f4844841e2e0a247eef7,0.5050738546685754,0.3106642440358915,0.5834072519176087,0.5834072519176087,0.7272727272727273,0.17380352644837097,0.2848388839473496,0.965435041716329,0.4163200900969116
فمراد,1401,آلومراد,04bb33148512f888c640119f,,1.6862872405028688e-06,0.39818905620968104,0.39818905620968104,0.8518518518518519,0.7796610169491517,0.35482916031031664,0.9659574468085106,0.2574438083737665
فملی,1392,ملی  صنایع  مس  ایران,878949451e728aed6ef97d29,0.6511858867184849,,0.8584658749715908,0.8584658749715908,1.0,0.9102744546094192,,0.9134295227524972,0.7708764283590159
فملی,1393,ملی  صنایع  مس  ایران,72c3a0a7c1ba03f91ae1102f,,,0.7738439066044911,0.7738439066044911,1.0,0.9522237587545106,,0.922167487684729,0.4933752252191555
فملی,1394,ملی  صنایع  مس  ایران,7905206fde81baaaef49cb57,,,1.0,1.0,0.8181818181818182,0.878252120166735,,0.9249492900608519,0.1644427147373745
فملی,1395,ملی  صنایع  مس  ایران,6e8d6f73a513e3226c5a8076,,,1.0,1.0,1.0,0.896518836432998,,0.9154658981748319,1.0
فملی,1396,ملی  صنایع  مس  ایران,9e2bc1e289cce7fa9e20e3f8,,,1.0,1.0,1.0,0.8329925017041594,,0.9356884057971014,1.0
فملی,1397,ملی  صنایع  مس  ایران,f2cda420c7753251d14fcd68,0.9999998801309695,,,,1.0,1.0,,0.944487881157154,
فملی,1398,ملی  صنایع  مس  ایران,11a66dbb12e873ac52f05824,0.9999997766248893,,0.8734133369843561,0.8734133369843561,0.7857142857142857,0.4975755699989719,,0.9128256513026052,0.766666183949443
فملی,1399,ملی  صنایع  مس  ایران,68af6ab5131f0454a651998f,0.9999995684866642,,0.7976166600199474,0.7976166600199474,0.75,0.504157218442935,,0.9020979020979021,0.6692640874865636
فملی,1400,ملی  صنایع  مس  ایران,656f221c218983f2d8945638,0.999999997079146,,0.4969204558890571,0.4969204558890571,0.7272727272727273,0.17380352644837097,,0.9046483909415971,0.3605460855474206
فملی,1401,ملی  صنایع  مس  ایران,43d09b70fc5e9cb4233e5fe3,,,0.9165880420085999,0.9165880420085999,0.8148148148148148,0.8108474576271186,,0.8340425531914893,0.5926077388733889
فنوال,1392,نورد آلومینیوم,35cc588de8fdfc544e596612,0.6511858867184849,,0.3472513180872515,0.3472513180872515,1.0,0.9102744546094192,,0.9378468368479467,1.0
فنوال,1393,نورد آلومینیوم,2c27b0898d1616ed35fad474,,,0.6457654363916758,0.6457654363916758,1.0,0.9522237587545106,,0.9458128078817734,0.5783667873721547
فنوال,1394,نورد آلومینیوم,c03d681a5ae37bb3c98474d9,,,1.0,1.0,0.8181818181818182,0.878252120166735,,0.9350912778904665,0.1644427147373745
فنوال,1395,نورد آلومینیوم,2eb832a7cffd669e2eda2b28,,,1.0,1.0,1.0,0.896518836432998,,0.9193083573487032,1.0
فنوال,1396,نورد آلومینیوم,fd2177b96e626fd773fb08a9,,,1.0,1.0,1.0,0.8329925017041594,,0.9329710144927537,1.0
فنوال,1397,نورد آلومینیوم,4efdcbdf552fb6a0affbdd17,0.9999998461693003,,,,1.0,1.0,,0.9421422986708365,
فنوال,1398,نورد آلومینیوم,f3513f7393368746fed1d94e,0.9999992030623389,,0.9332717076054109,0.9332717076054109,0.7857142857142857,0.4975755699989719,,0.9148296593186372,0.8003451205694987
فنوال,1399,نورد آلومینیوم,d9315dc454be35c6a9060b15,0.9999995832678673,,0.7625391475173268,0.7625391475173268,0.75,0.504157218442935,,0.8974358974358975,0.6464501747068064
فنوال,1400,نورد آلومینیوم,d33d2354bd8b322b54320593,0.9999999358792703,,0.4474170038579095,0.4474170038579095,0.7272727272727273,0.17380352644837097,,0.9046483909415971,0.3286220707198942
فنوال,1401,نورد آلومینیوم,220b6bce7fa62e547249df5a,,,0.825333953239803,0.825333953239803,0.8518518518518519,0.7796610169491517,,0.8382978723404255,0.5336086283354392
فنورد,1392,نوردوقطعات  فولادی,5893c0425390d4efe286c3c7,0.6511858867184849,,0.9590277467260624,0.9590277467260624,1.0,0.9102744546094192,,0.9112097669256382,0.7153206775700885
فنورد,1393,نوردوقطعات  فولادی,bc00890eda29d6685fcd2506,,6.637716069805308e-10,0.6601303424946747,0.6601303424946747,1.0,0.9522237587545106,,0.9310344827586207,0.5688343826842599
فنورد,1394,نوردوقطعات  فولادی,aadbea33aed9ad2e8df8def9,,,1.0,1.0,0.8181818181818182,0.878252120166735,,0.9148073022312373,0.1644427147373745
فنورد,1395,نوردوقطعات  فولادی,133b15ed243416dbe2022edf,,,1.0,1.0,1.0,0.896518836432998,1.0,0.9135446685878963,1.0
فنورد,1396,نوردوقطعات  فولادی,4009992bdee2f90328c95e2e,,,1.0,1.0,1.0,0.8329925017041594,1.0,0.9284420289855072,1.0
فنورد,1397,نوردوقطعات  فولادی,f460efdb200c8e07acd9e3ad,0.9999988782049961,,,,1.0,1.0,0.9999995438650662,0.9382329945269742,
فنورد,1398,نوردوقطعات  فولادی,331e3d1f10ebfac6600cba2f,0.9999992705082724,6.556024450127277e-11,0.9131752272026534,0.9131752272026534,0.7857142857142857,0.4975755699989719,0.9374658824425074,0.9118236472945892,0.7890379619758334
فنورد,1399,نوردوقطعات  فولادی,56c7e6fc22e12aae7fd441ef,,0.9397188917636305,0.4709620350008763,0.4709620350008763,0.75,0.504157218442935,0.1748210749093012,0.9347319347319347,0.4568125881468482
فنورد,1400,نوردوقطعات  فولادی,ea65a127ab7ed6fc8cb71dee,,,,,,,0.0,0.9415971394517283,
فنورد,1401,نوردوقطعات  فولادی,48d67fd8ebfacae5d3d66000,,,0.9440094914046601,0.9440094914046601,0.8518518518518519,0.7796610169491517,,0.9680851063829787,0.682736733441631
فولاژ,1392,فولاد آلیاژی ایران,07abc69b3f6f207c3ae511e8,0.6511858867184849,,0.8371886910358455,0.8371886910358455,1.0,0.9102744546094192,,0.9178690344062153,0.6027397500171374
فولاژ,1393,فولاد آلیاژی ایران,4f242fb7355bdc846704d0a2,,,0.8046687637199041,0.8046687637199041,1.0,0.9522237587545106,,0.9211822660098522,0.47292016548094346
فولاژ,1394,فولاد آلیاژی ایران,3d70b3baa8872581fa1645ba,,,1.0,1.0,0.8181818181818182,0.878252120166735,,0.9219066937119675,0.1644427147373745
فولاژ,1395,فولاد آلیاژی ایران,631da933d80d69316c2fe280,,,1.0,1.0,1.0,0.896518836432998,,0.9164265129682997,1.0
فولاژ,1396,فولاد آلیاژی ایران,550a66745875c263736e0b16,,,1.0,1.0,1.0,0.8329925017041594,,0.927536231884058,1.0
فولاژ,1397,فولاد آلیاژی ایران,ab04c3b99c938b5519a17acc,,,,,,,,0.9421422986708365,
فولاژ,1398,فولاد آلیاژی ایران,810b241a5132b8febc1828fb,0.9999995726810459,,0.9619993485372205,0.9619993485372205,0.7857142857142857,0.4975755699989719,,0.9158316633266533,0.816508547474504
فولاژ,1399,فولاد آلیاژی ایران,4d9f01421a078869063e1115,0.41762281014000247,,0.7255270234775072,0.7255270234775072,0.75,0.504157218442935,,0.9044289044289044,0.6223780182340545
فولاژ,1400,فولاد آلیاژی ایران,73db8747badea4f9ce5dd23e,0.9999995232384638,,0.465639849514322,0.465639849514322,0.7272727272727273,0.17380352644837097,,0.9046483909415971,0.3403737036074149
فولاژ,1401,فولاد آلیاژی ایران,61c804e878609fdd07e27b87,,,0.9999995297649469,0.9999995297649469,0.8518518518518519,0.7796610169491517,,0.8446808510638297,0.6465363206242846
فپنتا,1392,سپنتا,3524a6975e16582554f3a3fd,0.0,,,,0.2222222222222222,0.9165120593691957,,0.9112097669256382,
فپنتا,1393,سپنتا,ddc4a91eab63e076bac344cd,0.7708693581023451,,,,0.0,0.9417852522639033,,0.9270935960591133,
فپنتا,1394,سپنتا,f2ad4b8b108b86a39d64751b,0.0,,,,0.2727272727272727,0.9417852522639033,,0.9219066937119675,
فپنتا,1395,سپنتا,82575e0cc2010722b6919b30,,,1.0,1.0,1.0,0.896518836432998,,0.9221902017291066,1.0
فپنتا,1396,سپنتا,8014ef565afffff92b9c9475,,,1.0,1.0,1.0,0.8329925017041594,,0.9338768115942029,1.0
فپنتا,1397,سپنتا,559459a4ea2d641a1264714d,0.0,,,,1.0,1.0,,0.9468334636434714,
فپنتا,1398,سپنتا,7b6fd0558a657b67a71762f3,0.9999993340879565,,0.0,0.0,0.7857142857142857,0.4975755699989719,,0.9108216432865731,0.0
فپنتا,1399,سپنتا,3d3e3fafd825bc960ffa473a,0.9999999298781637,,0.0,0.0,0.75,0.504157218442935,,0.9300699300699301,0.0
فپنتا,1400,سپنتا,fdf0ec84351ced494c8297bd,,,0.8643991274917089,0.8643991274917089,0.7272727272727273,0.17380352644837097,,0.901072705601907,0.5975274288618501
قثابت,1392,قند ثابت  خراسان,221ea11da1ac05256550d7d8,0.8783252643589151,,0.8612072119767336,0.8612072119767336,1.0,0.9102744546094192,,0.904550499445061,0.7693619673328924
قثابت,1393,قند ثابت  خراسان,78c9d33b5dc249cc2f17f576,0.707548045216801,0.6445087307884267,0.8665274941334336,0.8665274941334336,1.0,0.9522237587545106,,0.9241379310344827,0.254729366977788
قثابت,1394,قند ثابت  خراسان,46d9eb29e8b617f06db67ea4,,8.032753485508465e-10,0.9969682368328404,0.9969682368328404,1.0,0.9522237587545106,,0.9178498985801217,0.16190950293586348
قثابت,1395,قند ثابت  خراسان,4bbf9faa4264395f2ef6cad2,,,1.0,1.0,1.0,0.896518836432998,0.9835877379346581,0.9087415946205571,1.0
قثابت,1396,قند ثابت  خراسان,51a87ae360e67570795946c5,,,1.0,1.0,1.0,0.8329925017041594,0.9661111107195248,0.9284420289855072,1.0
قثابت,1397,قند ثابت  خراسان,8dd1f2dbce1df6cd27e316de,,,,,1.0,1.0,0.999999349879014,0.8553557466770915,
قثابت,1398,قند ثابت  خراسان,e78f73405f6da04e83cea2c1,,,,,,,0.9999996761240717,0.905811623246493,
قثابت,1399,قند ثابت  خراسان,1c0bee8845d9648b7b089b99,0.9999989907753624,,0.8249318472952112,0.8249318472952112,0.8333333333333334,0.43586005830903374,,0.9055944055944056,0.9147534010693557
قثابت,1400,قند ثابت  خراسان,b2ff68f13f0361bf2271883d,0.999998055252253,0.6493249314894874,0.9705793675575066,0.9705793675575066,0.7272727272727273,0.17380352644837097,,0.8963051251489869,0.6660014325761374
قثابت,1401,قند ثابت  خراسان,a40bfcf3f65332d38b628584,,2.2568628209606897e-10,0.8893428065287796,0.8893428065287796,0.8888888888888888,0.794099183929693,,0.8404255319148937,0.7180807473620042
قرن,1395,پدیده شیمی قرن,63dbcd9bb4ad584f4f409f04,,,,,,,,0.0,
قرن,1396,پدیده شیمی قرن,b14b5ca2538098df9e5797e0,,,,,,,,0.3940217391304348,
قرن,1397,پدیده شیمی قرن,84c8a4db8688d73459dcaf4c,,,,,,,,0.766223612197029,
قرن,1398,پدیده شیمی قرن,de6ddca3093ad8271a6c51de,0.99999987916443,,0.842482876295667,0.842482876295667,0.7857142857142857,0.4975755699989719,,0.9128256513026052,0.749263354330872
قرن,1399,پدیده شیمی قرن,7e7ab0a91a030438596689ae,0.999999849281487,,0.6300640856823609,0.6300640856823609,0.5,0.5476190476190427,,0.9067599067599068,0.5602902879140913
قرن,1400,پدیده شیمی قرن,a136ee99012e8c729c8136c9,0.9999993211521642,,0.8821878283421164,0.8821878283421164,0.7272727272727273,0.17380352644837097,,0.9046483909415971,0.6089990884413381
قرن,1401,پدیده شیمی قرن,1aced6a77c98cb559ba563d8,,,0.8277479745857896,0.8277479745857896,0.8518518518518519,0.7796610169491517,,0.8723404255319149,0.5351693815483027
قزوین,1392,کارخانجات  قند قزوین,7fa35b223c57923fb825dedf,0.6511858867184849,,0.809001819876118,0.809001819876118,1.0,0.9102744546094192,,0.9322974472807991,0.5871678164169677
قزوین,1393,کارخانجات  قند قزوین,2c2980a165187558da491d0c,,0.7997375392462422,0.6023387035212131,0.6023387035212131,1.0,0.9522237587545106,,0.9211822660098522,0.6071843229011847
قزوین,1394,کارخانجات  قند قزوین,7e5be58127dd30380c0ef2fb,,,1.0,1.0,0.8181818181818182,0.878252120166735,,0.9137931034482758,0.1644427147373745
قزوین,1395,کارخانجات  قند قزوین,0af7ad5f87187e4ca1909cb5,,,1.0,1.0,1.0,0.896518836432998,1.0,0.9365994236311239,1.0
قزوین,1396,کارخانجات  قند قزوین,74311830cb395148eecbea86,,,1.0,1.0,1.0,0.8329925017041594,1.0,0.9311594202898551,1.0
قزوین,1397,کارخانجات  قند قزوین,bec18b43915dd933ab03d2a0,0.9999999848191974,,,,1.0,1.0,0.9999964725206729,0.9507427677873339,
قزوین,1398,کارخانجات  قند قزوین,06522b27e2aa3e7bc663cc17,0.9999999930943322,6.43561780823406e-10,0.8714033533525074,0.8714033533525074,0.7857142857142857,0.4975755699989719,0.5135299601228682,0.9398797595190381,0.910243720208809
قزوین,1399,کارخانجات  قند قزوین,f19e0ccd844b30714fc84cf7,0.9999989932531796,0.13797878507939662,0.4705644045385472,0.4705644045385472,0.75,0.504157218442935,0.679276306376867,0.9044289044289044,0.45655397497735756
قزوین,1400,کارخانجات  قند قزوین,6722df6e0d1cd01f97f811e1,0.9999997898443873,3.409315717409426e-10,0.7867898253252084,0.7867898253252084,0.7272727272727273,0.17380352644837097,0.6715560494152495,0.9070321811680572,0.5474783835637882
قزوین,1401,کارخانجات  قند قزوین,2ee5fe63ac792bba0ff8f53e,,0.7026099657762874,0.801886355953995,0.801886355953995,0.8518518518518519,0.7796610169491517,0.8959278422008629,0.8553191489361702,0.5184488979301564
قشکر,1392,شکر,3db7256c449e71f8bc59d3fa,0.8944043259534752,,0.745572324732245,0.745572324732245,1.0,0.9102744546094192,,0.9345172031076582,0.5521259743808105
قشکر,1393,شکر,2f1a025104c2b93d4dfeb766,0.707548045216801,0.733478200596116,0.8188808458248124,0.8188808458248124,1.0,0.9522237587545106,,0.9477832512315271,0.22311153874814477
قشکر,1394,شکر,7b648c3ab446ae11a89b9707,,5.802184555059026e-10,0.8241478446016253,0.8241478446016253,1.0,0.9522237587545106,,0.9259634888438134,0.3113772643096218
قشکر,1395,شکر,c82194d6a73a5c7b6c5b3bcf,,,1.0,1.0,1.0,0.896518836432998,0.8353655210962245,0.9212295869356388,1.0
قشکر,1396,شکر,04df33bb83cc5ff83dca695f,,,1.0,1.0,1.0,0.8329925017041594,0.8449269517160578,0.9311594202898551,1.0
قشکر,1397,شکر,9e58a53b646a9fe6beced899,,,,,1.0,1.0,0.9999996359861194,0.9429241594996091,
قشکر,1398,شکر,dfcd3801f838cb82cfa5cbe6,,,,,,,0.9999999367552883,0.9198396793587175,
قشکر,1399,شکر,03508fcbc6097fc775cfd4ff,,,,,,,,0.9417249417249417,
قشکر,1400,شکر,4c056909092549e18f12182e,0.9999748022140237,,0.9027767976861314,0.9027767976861314,0.7272727272727273,0.17380352644837097,,0.9320619785458879,0.6222765981028514
قشکر,1401,شکر,296b7da1d7f93c0374619d98,,1.9198440167926935e-11,0.6073660836920967,0.6073660836920967,0.8888888888888888,0.794099183929693,,0.8851063829787233,0.9003890259742698
قصفها,1392,قنداصفهان,a39d1d2b4f25a432e3ea6320,0.6511858867184849,,0.845114911035577,0.845114911035577,1.0,0.9102744546094192,,0.9311875693673696,0.607118617428023
قصفها,1393,قنداصفهان,6e4ad7623522a1f9c324af9c,,,0.41429888078560995,0.41429888078560995,1.0,0.9522237587545106,,0.9261083743842364,0.7319656249788611
قصفها,1394,قنداصفهان,10134a9be4dcb33ac34c3d89,,,1.0,1.0,0.8181818181818182,0.878252120166735,,0.9411764705882353,0.1644427147373745
قصفها,1395,قنداصفهان,94766498ef0e3033d4833f68,,,1.0,1.0,1.0,0.896518836432998,,0.9462055715658021,1.0
قصفها,1396,قنداصفهان,339feb48317d00685095769f,,,1.0,1.0,1.0,0.8329925017041594,,0.970108695652174,1.0
قصفها,1397,قنداصفهان,879b7bc3acaba3c4472ba4ef,0.9999999962660115,,,,1.0,1.0,,0.9687255668491008,
قصفها,1398,قنداصفهان,3132a49fd48d0a86e6931284,0.9999999615731346,,0.7091525441624237,0.7091525441624237,0.7857142857142857,0.4975755699989719,,0.9258517034068137,1.0
قصفها,1399,قنداصفهان,22dfa090c64d52cf40ba9611,0.9999996520910647,,0.7973017468075926,0.7973017468075926,0.75,0.504157218442935,,0.9055944055944056,0.6690592724342044
قصفها,1400,قنداصفهان,fdd69879feb2ea72b248503e,0.9999999376224753,,0.8890164925750579,0.8890164925750579,0.7272727272727273,0.17380352644837097,,0.8951132300357568,0.7565459632307682
قصفها,1401,قنداصفهان,97c3da621f441a437d544ef7,,,0.8959625429391296,0.8959625429391296,0.7777777777777778,0.8121468926553649,,0.8276595744680851,0.5792725983233235
قلرست,1392,قند لرستان,79abf5c3c5e6c7788f959f72,0.88225355085602,,0.9789206410654493,0.9789206410654493,1.0,0.9102744546094192,,0.9367369589345172,0.704330779897064
قلرست,1393,قند لرستان,5de6367900466a5e09dd0af7,0.707548045216801,0.8235060838289027,0.5910972091961904,0.5910972091961904,1.0,0.9522237587545106,,0.9763546798029556,0.07195664848602931
قلرست,1394,قند لرستان,8153b6e6b13a6575512f9cac,,1.0,0.0,0.0,1.0,0.9522237587545106,,0.9168356997971603,1.0
قلرست,1395,قند لرستان,be9efecf57abb4234ad77cf5,,,1.0,1.0,1.0,0.896518836432998,0.20682344791597673,0.9183477425552353,1.0
قلرست,1396,قند لرستان,ca12ce2e5ebeb422827668c5,,,1.0,1.0,1.0,0.8329925017041594,0.4142113871080464,0.9311594202898551,1.0
قلرست,1397,قند لرستان,f8c6a9d5c1d1fb2261dec8e0,,,,,1.0,1.0,0.9999961450079599,0.9437060203283816,
قلرست,1398,قند لرستان,60188b106a38cf607a994b51,,,,,,,0.9999988425225551,0.9158316633266533,
قلرست,1399,قند لرستان,a7b65052f916c49816618a8e,0.9999998237749665,,0.648713361164714,0.648713361164714,0.75,0.504157218442935,,0.9079254079254079,0.572419510139535
قلرست,1400,قند لرستان,bc9d07e36a7e0f2a94cfc7f7,0.9999997730805087,1.1264644582808733e-09,0.8492080898272013,0.8492080898272013,0.7272727272727273,0.17380352644837097,,0.9070321811680572,0.5877309623176156
قلرست,1401,قند لرستان,462bf00ff3fb8740113d320d,,8.834817714923842e-10,0.8522718777597773,0.8522718777597773,0.8888888888888888,0.794099183929693,,0.8425531914893617,0.5510249831296187
قمرو,1392,قند مرودشت,087b6afe48486e8a9bfa4604,0.9218429414809979,,0.7860402851735578,0.7860402851735578,1.0,0.9102744546094192,,0.9189789123196448,0.5744826378556407
قمرو,1393,قند مرودشت,568761887d688c825a07de45,0.707548045216801,0.5251000449318534,0.0,0.0,1.0,0.9522237587545106,,0.9251231527093596,0.0
قمرو,1394,قند مرودشت,9639d1a0b97e5660ae19c9a1,,6.968507812217783e-10,0.0,0.0,1.0,0.9522237587545106,,0.922920892494929,1.0
قمرو,1395,قند مرودشت,d9beda4b9bdde1ba9506bc54,,,1.0,1.0,1.0,0.896518836432998,0.7884459456785091,0.9221902017291066,1.0
قمرو,1396,قند مرودشت,ab1c946a3c1176bb1eb25eda,,,1.0,1.0,1.0,0.8329925017041594,0.8257608801486712,0.9284420289855072,1.0
قمرو,1397,قند مرودشت,7e0e1b3f255bcd75bcb2e1c4,,,,,1.0,1.0,0.9999979694290981,0.9437060203283816,
قمرو,1398,قند مرودشت,7e599e66dea1e87073c57243,,,,,,,0.9999992434482503,0.9168336673346693,
قمرو,1399,قند مرودشت,16fa2aee36f69cdb15672791,0.9999992233569761,,0.8020693587645901,0.8020693587645901,0.75,0.504157218442935,,0.9090909090909091,0.6721600591090445
قمرو,1400,قند مرودشت,03ecfe49136cba1be96115cb,0.9999995118346096,5.072150322815153e-10,0.7646615647758583,0.7646615647758583,0.7272727272727273,0.17380352644837097,,0.9094159713945172,0.5332082086790076
قمرو,1401,قند مرودشت,3582b5c619dc9ddcccf9bd32,,5.967071497838141e-10,0.23301820963924524,0.23301820963924524,0.8888888888888888,0.794099183929693,,0.8531914893617021,0.15065480674178686
قنیشا,1392,قند  نیشابور,b79f556ddf81689d6713c92c,0.8642998595870545,,0.7076851490466401,0.7076851490466401,1.0,0.9102744546094192,,0.9345172031076582,0.5311950742915112
قنیشا,1393,قند  نیشابور,7fc3255f91dc5facf4d54fb7,0.707548045216801,0.7225079557829044,0.9997499731472048,0.9997499731472048,1.0,0.9522237587545106,,0.9477832512315271,0.3431344407303213
قنیشا,1394,قند  نیشابور,b1eed2a3962b81023035cf7d,,6.814472237908325e-10,0.8180124271430276,0.8180124271430276,1.0,0.9522237587545106,,0.9279918864097363,0.31650375706528056
قنیشا,1395,قند  نیشابور,467d3f294a0f1c7753a058bb,,,1.0,1.0,1.0,0.896518836432998,0.9381101272719663,0.9231508165225745,1.0
قنیشا,1396,قند  نیشابور,b495400f4fbd1ccdb26744e4,,,1.0,1.0,1.0,0.8329925017041594,0.9385963456501362,0.9311594202898551,1.0
قنیشا,1397,قند  نیشابور,cf2f1bcff647fc3c2f1974c7,,,,,1.0,1.0,0.9999981578683929,0.9483971853010165,
قنیشا,1398,قند  نیشابور,6529f00bf344181d09033edb,,,,,,,0.9999991954993998,0.9228456913827655,
قنیشا,1399,قند  نیشابور,423736ac50cddea266ace6cd,0.9999991539249733,,0.839359133917602,0.839359133917602,0.5833333333333334,0.5820408163265322,,0.9533799533799534,0.6964127958974361
قنیشا,1400,قند  نیشابور,e73df8b28608380a1ee6e796,0.9999996223595483,4.494346649161848e-10,0.4602089414008773,0.4602089414008773,0.8181818181818182,0.22759985606333508,,0.9523241954707986,0.33687139449508363
قنیشا,1401,قند  نیشابور,e4da1b2bb0c3244fbc7d6aad,,0.9474553538758597,0.9692879680266129,0.9692879680266129,0.9259259259259259,0.8075060532687646,,0.9063829787234042,0.6266801711602991
قپیرا,1392,فرآورده های غدایی وقندپیرانشهر,fda2fe90c40bd06f75336c72,0.9330341514691732,,0.8368095005153767,0.8368095005153767,1.0,0.9102744546094192,,0.9456159822419534,0.6025302649141939
قپیرا,1393,فرآورده های غدایی وقندپیرانشهر,02f9befc2a025949a60298e1,0.707548045216801,,0.9393412461436285,0.9393412461436285,1.0,0.9522237587545106,,0.9310344827586207,0.383552884304053
قپیرا,1394,فرآورده های غدایی وقندپیرانشهر,4a22edf41e517410376574e4,,,0.6344599024518933,0.6344599024518933,1.0,0.9522237587545106,,0.922920892494929,0.46987240629930577
قپیرا,1395,فرآورده های غدایی وقندپیرانشهر,48cb47e6e6024a5001a83826,,,1.0,1.0,1.0,0.896518836432998,,0.9221902017291066,1.0
قپیرا,1396,فرآورده های غدایی وقندپیرانشهر,75c74741a3cd7d88ba940941,,,1.0,1.0,1.0,0.8329925017041594,,0.9356884057971014,1.0
قپیرا,1397,فرآورده های غدایی وقندپیرانشهر,cd2ca0d9764b0db097a63e20,,,,,1.0,1.0,,0.9382329945269742,
قپیرا,1398,فرآورده های غدایی وقندپیرانشهر,9403466654ea7c0dfce63bfd,,,,,,,,0.9208416833667334,
قپیرا,1399,فرآورده های غدایی وقندپیرانشهر,9fd8216e48ff7349838af03b,0.9999995341484464,,0.8229656867563812,0.8229656867563812,0.75,0.504157218442935,,0.9207459207459208,0.9160321637820913
قپیرا,1400,فرآورده های غدایی وقندپیرانشهر,c31c48d3d6e432b6868d1a6b,0.9999999732770495,,0.9999981375638316,0.9999981375638316,0.7272727272727273,0.17380352644837097,,0.9153754469606674,0.6849731448781115
قپیرا,1401,فرآورده های غدایی وقندپیرانشهر,75073ac3a47db85b499e2bc0,,,0.6515805471263723,0.6515805471263723,0.8888888888888888,0.794099183929693,,0.8638297872340426,0.8718027560248301
لابسا,1392,آبسال,d3e5194bc5e5139d0287e35f,0.6511858867184849,,0.8915932421560561,0.8915932421560561,1.0,0.9102744546094192,,0.9167591564927858,0.6327957307888308
لابسا,1393,آبسال,120d3578799ddc993d6a8acc,,0.3803554478767243,0.6693405859586894,0.6693405859586894,1.0,0.9522237587545106,,0.9270935960591133,0.5627225593737897
لابسا,1394,آبسال,789ada51e0f029d28607e74a,,,1.0,1.0,0.8181818181818182,0.878252120166735,,0.922920892494929,0.1644427147373745
لابسا,1395,آبسال,927831d8b8c9bee91fed1f44,,,1.0,1.0,1.0,0.896518836432998,1.0,0.9212295869356388,1.0
لابسا,1396,آبسال,f8b2127536ba5666e65bc523,,,1.0,1.0,1.0,0.8329925017041594,1.0,0.927536231884058,1.0
لابسا,1397,آبسال,678519ae710d9bebffebb6c2,0.9999998657251946,,,,1.0,1.0,0.9999998646220049,0.947615324472244,
لابسا,1398,آبسال,43560f47c72c6635a2978e48,0.999999642612371,0.634037077594358,0.7368410098641206,0.7368410098641206,0.8571428571428571,0.4448865897333848,0.6541333626656094,0.9108216432865731,0.6898246210834122
لابسا,1399,آبسال,235847ff98d9a102f8a2a4f5,0.99999988991329,0.3892661337923271,0.6602935464319549,0.6602935464319549,0.8333333333333334,0.43586005830903374,0.3961709956241263,0.9125874125874126,0.5799510971253717
لابسا,1400,آبسال,30d7840dc1fedb26e0d428e5,,0.46603954849119883,0.6628851799172951,0.6628851799172951,0.8181818181818182,0.060003598416694746,0.5286755492867707,0.9106078665077473,0.4675741834544138
لابسا,1401,آبسال,6689da5a5d6cd8e6f0a08b3f,,,,,,,0.6129694517821129,0.8680851063829788,
لبوتان,1392,گروه صنعتی بوتان,145846ae7434933cd3ad98b9,0.6511858867184849,,0.9279997518066564,0.9279997518066564,1.0,0.9102744546094192,,0.9078801331853497,0.732462199731006
لبوتان,1393,گروه صنعتی بوتان,d0de4ee599e38fe2e9514c0d,,0.2232705901629681,0.5333535221360649,0.5333535221360649,1.0,0.9522237587545106,,0.9527093596059113,0.6529621833143324
لبوتان,1394,گروه صنعتی بوتان,4191c7a64c3a258b67a4e1ae,,,1.0,1.0,0.8181818181818182,0.878252120166735,,0.920892494929006,0.1644427147373745
لبوتان,1395,گروه صنعتی بوتان,6ffda97dbc698cb260ac10e5,,,1.0,1.0,1.0,0.896518836432998,1.0,0.9596541786743515,1.0
لبوتان,1396,گروه صنعتی بوتان,b670bfe0f203c4b83eaa94d0,,,1.0,1.0,1.0,0.8329925017041594,1.0,0.9728260869565217,1.0
لبوتان,1397,گروه صنعتی بوتان,46ba8a639d6489bd88431ae6,0.9999998534519462,,,,1.0,1.0,0.9999993080018987,0.9835809225957779,
لبوتان,1398,گروه صنعتی بوتان,a996aaf1dd33c343a876837c,0.999999641091772,0.6352140695210037,0.7587102266166708,0.7587102266166708,0.8571428571428571,0.4448865897333848,0.9479146157663998,0.9378757515030061,0.7021291986604092
لبوتان,1399,گروه صنعتی بوتان,46d36ccd2866d027b354fef1,0.9999997697037657,0.4224067868817898,0.33060519609742,0.33060519609742,0.8333333333333334,0.43586005830903374,0.6982150071904659,0.9428904428904429,0.3655265062005686
لبوتان,1400,گروه صنعتی بوتان,3969d43128683293b56fa411,0.9999995215862831,0.8184726314050003,0.582989382902785,0.582989382902785,0.8181818181818182,0.060003598416694746,0.7717860052736564,0.9415971394517283,0.4160506127962822
لبوتان,1401,گروه صنعتی بوتان,ee22051bd0ca7b5777cb584d,,5.94803228522917e-10,0.9693869748788039,0.9693869748788039,0.8888888888888888,0.7507846829880711,0.7990938374864163,0.8829787234042553,0.6663292609341857
لخزر,1392,پارس  خزر,3ce1e261f19a224bfaf66b41,0.6511858867184849,,0.8003106800540618,0.8003106800540618,1.0,0.9102744546094192,,0.9156492785793563,0.582366366428002
لخزر,1393,پارس  خزر,45f8692fd362373b2be23478,,0.5338241527080254,0.9894315162489538,0.9894315162489538,1.0,0.9522237587545106,,0.9408866995073891,0.35031349365671444
لخزر,1394,پارس  خزر,e0d4fdf0a8a506106289323c,,,1.0,1.0,0.8181818181818182,0.878252120166735,,0.9350912778904665,0.1644427147373745
لخزر,1395,پارس  خزر,301c18a6ba3079583443778e,,,1.0,1.0,1.0,0.896518836432998,1.0,0.9221902017291066,1.0
لخزر,1396,پارس  خزر,286d72f47dd477986e97e839,,,1.0,1.0,1.0,0.8329925017041594,1.0,0.9384057971014492,1.0
لخزر,1397,پارس  خزر,f8952362bd73dda7384b142b,0.9999998935596037,,,,1.0,1.0,0.9999993435569148,0.9515246286161063,
لخزر,1398,پارس  خزر,80f4515f8fa0c0e233ae3ec9,0.41341544329731683,0.5263481124149029,0.9501198959486453,0.9501198959486453,0.7857142857142857,0.4975755699989719,0.873266283052299,0.9268537074148296,0.8098246480188304
لخزر,1399,پارس  خزر,aeffea2debd2c8e1e9c97402,0.9999995341479301,9.681691634345886e-07,0.4752577870587351,0.4752577870587351,0.75,0.504157218442935,0.28166846886094254,0.9289044289044289,0.459606483887435
لخزر,1400,پارس  خزر,37e20e7230a8326cd1dce2e2,0.9999998863183883,0.6464587518337238,0.9999992993970955,0.9999992993970955,0.8181818181818182,0.060003598416694746,0.2919439135339985,0.9189511323003575,0.6849738941265139
لخزر,1401,پارس  خزر,d542950600f4c8188cc175e8,,9.386122993194742e-10,0.7902546461555615,0.7902546461555615,0.8888888888888888,0.7507846829880711,0.24269313841572182,0.8680851063829788,0.7821448721123306
لوتوس,1397,تامین سرمایه لوتوس پارسیان,dbf545bb9125a0f888fad4c5,,,,,1.0,1.0,,0.9945269741985927,
لوتوس,1398,تامین سرمایه لوتوس پارسیان,05a55a9de50167e45667b19d,,,,,,,,0.9759519038076152,
لوتوس,1399,تامین سرمایه لوتوس پارسیان,aacfeeceb14d0b0a82409f9c,0.9999997780439788,,0.6634678844293511,0.6634678844293511,0.75,0.504157218442935,,0.9906759906759907,0.5820156411890551
لوتوس,1400,تامین سرمایه لوتوس پارسیان,cd0402faa67e6c08c8e6f592,0.9999998567636321,1.0851960956279492e-09,0.5250016727559922,0.5250016727559922,0.7272727272727273,0.17380352644837097,,0.8963051251489869,0.3786552304020252
لوتوس,1401,تامین سرمایه لوتوس پارسیان,a3ceec13e688e2fb48a491d8,,2.2185348295259664e-09,0.47925470157571337,0.47925470157571337,0.8888888888888888,0.794099183929693,,0.8914893617021277,0.3098557171036708
لپارس,1392,پارس  الکتریک,46aa12f938f25e4ee7bb177d,0.6511858867184849,,0.8670081615893221,0.8670081615893221,1.0,0.9102744546094192,,0.8945615982241953,0.6192136187491307
لپارس,1393,پارس  الکتریک,dc55e3ee2ed934509dd85be8,,4.69946098672388e-10,0.9951930583157399,0.9951930583157399,1.0,0.9522237587545106,,0.9113300492610837,0.34649019330145014
لپارس,1394,پارس  الکتریک,b0ba036382a13891af037a4d,,,1.0,1.0,0.8181818181818182,0.878252120166735,,0.9046653144016227,0.1644427147373745
لپارس,1395,پارس  الکتریک,255fc6aa14e1fb7f3f2e1270,,,1.0,1.0,1.0,0.896518836432998,1.0,0.899135446685879,1.0
لپارس,1396,پارس  الکتریک,83d6360a2d0a5385bd4dd34a,,,1.0,1.0,1.0,0.8329925017041594,1.0,0.9184782608695652,1.0
لپارس,1397,پارس  الکتریک,ad2c64dbb3088a4516bb0503,0.9999999467304841,,,,1.0,1.0,0.9999959979982763,0.9452697419859265,
لپارس,1398,پارس  الکتریک,4c88c69c7c3d41bea225a48b,0.9999998759994337,1.152075684351168e-10,0.9086235990459095,0.9086235990459095,0.8571428571428571,0.4448865897333848,0.9676542690094356,0.905811623246493,0.786477016954802
لپارس,1399,پارس  الکتریک,876671e7d4b5d661f3907cf3,0.9999997684598292,1.0,0.7820292326380811,0.7820292326380811,0.8333333333333334,0.43586005830903374,0.800771625417648,0.9020979020979021,0.6591262475036365
لپارس,1400,پارس  الکتریک,24912f70684b493630fa5128,0.9999996593780804,2.027560732323209e-09,0.46675793254191345,0.46675793254191345,0.8181818181818182,0.060003598416694746,0.7890058868138337,0.8915375446960667,0.34109473815524355
لپارس,1401,پارس  الکتریک,847fe860f71ae87ecf6c355f,,1.2359922935880738e-09,0.6266342470838042,0.6266342470838042,0.8888888888888888,0.7507846829880711,0.9411287982959352,0.8617021276595744,0.4051419909986973
ما,1393,بیمه  ما,408ccdd672b03545d54dcc7a,0.9690341833297881,,0.2907019104834009,0.2907019104834009,0.125,0.4097377396213097,,0.994088669950739,0.8139833096522334
ما,1394,بیمه  ما,658e57437d0d81bce1a60e15,0.8576778625367237,5.5739005816703e-10,0.6645359281431386,0.6645359281431386,0.2727272727272727,0.36998706338938914,,0.9797160243407708,0.44474216392123994
ما,1395,بیمه  ما,c51f44ca37bf5e1ba25e44e2,0.76497958395769,2.88377651790776e-09,0.0,0.0,0.3333333333333333,0.0,,0.951969260326609,0.0
ما,1396,بیمه  ما,8ccff18277a1c8afb9cde61e,0.8826104714162686,0.11394768424806155,0.0,0.0,0.3333333333333333,0.0,0.9998080047690358,0.9619565217391304,0.0
ما,1397,بیمه  ما,7d33671c446336fb19c5a27f,0.9999999847710911,1.135432835750352e-09,,,0.3,0.0,0.7694471620582118,0.9781078967943706,
ما,1398,بیمه  ما,106ffcf6c6e251fe10508f4d,0.9999988739838459,0.15354924346602525,,,0.21428571428571427,0.20392904266236675,0.9080583900869053,0.9308617234468938,
ما,1399,بیمه  ما,d5f8de639176db42d2aecd37,0.9999998569822024,0.07187468015139033,,,0.08333333333333333,0.12352309344790542,0.8365406631396297,0.9673659673659674,
ما,1400,بیمه  ما,163da5cc8caddfaaa6f4faa2,0.9999999149147105,0.9180836325176776,0.6317493413195521,0.6317493413195521,0.2727272727272727,0.5424776734600514,0.8600295652588893,0.9713945172824792,0.9224535921805357
ما,1401,بیمه  ما,51912c64ee27fceedca73a92,,2.4631952940162657e-09,0.9265775758720587,0.9265775758720587,0.7037037037037037,0.8859784283513115,0.8599925354876918,0.9787234042553191,0.5990663383792811
محتشم,1398,نساجی هدیه البرز مشهد,ce4d6b0c2f0ff2820adc9753,0.9999995448721997,,0.8255995938147573,0.8255995938147573,0.7857142857142857,0.4975755699989719,,0.0,0.7397640813851922
محتشم,1399,نساجی هدیه البرز مشهد,df744d668d6b42f7949d0a62,0.9999996047064046,,0.9960679967271332,0.9960679967271332,0.75,0.504157218442935,,0.0,0.7983340004778485
محتشم,1400,نساجی هدیه البرز مشهد,604fc803ae0dfabb4d5bf810,0.9999982676965571,,0.8866167518499949,0.8866167518499949,0.7272727272727273,0.17380352644837097,,0.0,0.7580935191151724
محتشم,1401,نساجی هدیه البرز مشهد,7530fa9ae4c912cf83da274d,,,0.5605326908877526,0.5605326908877526,0.8518518518518519,0.7796610169491517,,0.0,0.362404913971691
مداران,1392,داده پردازی ایران,603ba52c73c4302812a9f6a0,0.967090927193212,,,,0.5555555555555556,0.8224489795918273,,0.9067702552719201,
مداران,1393,داده پردازی ایران,92af2785757bd77794594609,0.9996798988722374,0.4116443617823933,,,0.625,0.9184993531694685,,0.9714285714285714,
مداران,1394,داده پردازی ایران,1704267d7b64787c25271650,0.0,3.1509926220281164e-09,,,0.7272727272727273,0.9184993531694685,,0.9726166328600405,
مداران,1395,داده پردازی ایران,eb00fec9542b6b66d061dc63,,3.962145532713118e-10,1.0,1.0,1.0,0.896518836432998,0.7299934220142561,0.9433237271853987,1.0
مداران,1396,داده پردازی ایران,5fc73819f7a602100f77a340,,,1.0,1.0,1.0,0.8329925017041594,0.703947701562972,0.9329710144927537,1.0
مداران,1397,داده پردازی ایران,5607071d6fd9cfe3f484d9aa,0.9999999305356093,,,,1.0,1.0,0.7981762047353064,0.9812353401094606,
مداران,1398,داده پردازی ایران,ac11e895b3befe2c08da25e6,0.9999999467145737,0.3676595817296297,0.898882521867387,0.898882521867387,0.8571428571428571,0.4448865897333848,0.9907076288453989,0.9549098196392786,0.7809962610053386
مداران,1399,داده پردازی ایران,17725f76d354ace9d8167aeb,0.9999997450612705,0.7456250092517821,0.7349240997237076,0.7349240997237076,0.8333333333333334,0.43586005830903374,0.8215561811952907,0.9708624708624709,0.628489742315103
مداران,1400,داده پردازی ایران,22fe0d11c43bc3e1f48441c3,0.9999997666854562,1.0266202427531856e-09,0.7577495005633984,0.7577495005633984,0.8181818181818182,0.060003598416694746,0.7958910584847352,0.9630512514898689,0.5287507247793284
مداران,1401,داده پردازی ایران,5f04e69c20a0adef889b4037,,1.0660946723300595e-09,0.7974432555996336,0.7974432555996336,0.9259259259259259,0.7657384987893442,0.957183234790013,0.9595744680851064,0.515576270824073
ملت,1393,بیمه ملت,2b4d7ead2b76a62e60d245b3,0.9062804686783689,,0.9076517775162728,0.9076517775162728,0.0,0.0,,0.9605911330049262,0.28201902058875383
ملت,1394,بیمه ملت,6f4d88fa371e9c50d5baafad,0.5776063971485731,,0.8664846053949278,0.8664846053949278,0.2727272727272727,0.0,,0.9148073022312373,0.052882954080392126
ملت,1395,بیمه ملت,432661e669dd48a0e8244615,0.0,,0.0,0.0,0.3333333333333333,0.0,,0.9048991354466859,0.0
ملت,1396,بیمه ملت,809b17c4f5b8a666225cd579,0.8826104529535382,,0.0,0.0,0.3333333333333333,0.0,,0.9284420289855072,0.0
ملت,1397,بیمه ملت,51049a8b654334b0900fdfdf,0.900850720748201,,,,0.3,0.0,,0.9429241594996091,
ملت,1398,بیمه ملت,0d2f7a357478196332a3f289,0.9999998020986466,,,,0.21428571428571427,0.20392904266236675,,0.8657314629258517,
ملت,1399,بیمه ملت,a55dc5009d3daad333ed808b,0.9999995851871156,,,,0.08333333333333333,0.12352309344790542,,0.9300699300699301,
ملت,1400,بیمه ملت,7a4f597f1ecd472f438eb134,0.9999983905220139,,0.943394037716812,0.943394037716812,0.2727272727272727,0.5424776734600514,,0.8367103694874851,0.7214787207221529
ملت,1401,بیمه ملت,537b4e8e39cfb422b3868c7e,,,0.9665460012143092,0.9665460012143092,0.7037037037037037,0.8859784283513115,,0.8340425531914893,0.6249073891925742
مهرگان,1399,گروه مالی مهرگان تامین پارس,d24d17d5fb3d04b4c6827efd,,,,,0.0,0.0,,0.9475524475524475,
مهرگان,1400,گروه مالی مهرگان تامین پارس,0b02516ac94587d2f64a71d9,,,1.0,1.0,0.45454545454545453,0.7676322418135878,,0.9523241954707986,0.6849743761038634
مهرگان,1401,گروه مالی مهرگان تامین پارس,4c9190da8d942102192d35d9,,,1.0,1.0,0.7777777777777778,0.942090395480222,,0.8340425531914893,0.6465367218252587
میدکو,1392,توسعه معادن وص.معدنی خاورمیانه,f202904a6a2d74400886c116,0.7938876618955997,,,,0.2222222222222222,0.9165120593691957,,0.9933407325194229,
میدکو,1393,توسعه معادن وص.معدنی خاورمیانه,df5a235d3299a138513e05e2,0.8977864181375432,,,,0.0,0.9417852522639033,,0.9970443349753695,
میدکو,1394,توسعه معادن وص.معدنی خاورمیانه,10fa98ace72c203296db14d5,0.0,,,,0.2727272727272727,0.9417852522639033,,0.9898580121703854,
میدکو,1395,توسعه معادن وص.معدنی خاورمیانه,46fe89c2864841265291b9ac,,,1.0,1.0,0.6666666666666666,0.8497854077253144,,0.9769452449567724,1.0
میدکو,1396,توسعه معادن وص.معدنی خاورمیانه,1256b79e5f78a3636ab024fe,,,1.0,1.0,0.6666666666666666,0.7895705521472348,,0.9728260869565217,1.0
میدکو,1397,توسعه معادن وص.معدنی خاورمیانه,44171eeb3ba7f169c99d4772,,,1.0,1.0,0.8,0.7142418661755624,,1.0,1.0
میدکو,1398,توسعه معادن وص.معدنی خاورمیانه,4c45d1cb77cc8891af0e256c,,,,,0.5,0.8801017318638765,,0.968937875751503,
میدکو,1399,توسعه معادن وص.معدنی خاورمیانه,065b24d884caa0d411bfdd26,,,,,,,,0.9755244755244755,
میدکو,1400,توسعه معادن وص.معدنی خاورمیانه,7a0e9f22853f049cb432c45e,0.9999999312081037,,,,0.36363636363636365,1.0,,0.966626936829559,
میدکو,1401,توسعه معادن وص.معدنی خاورمیانه,9d805768550ffb6a18d493d9,,1.1094060437460654e-09,,,0.7407407407407407,1.0,,0.9446808510638298,
نماد,1397,گروه مالی نماد غدیر,0945ec06a475ffc4ff198176,0.9999998631564857,,,,0.7,0.849387460965654,,0.0,
نماد,1398,گروه مالی نماد غدیر,d75fd41a70724c710cf0df40,0.9999993031359128,,,,0.5,0.8801017318638765,,0.0,
نماد,1399,گروه مالی نماد غدیر,e5e9d375d58225be8652eb15,0.9999995856821514,,,,0.4166666666666667,1.0,,0.0,
نماد,1400,گروه مالی نماد غدیر,e880d8cdf570afc22245605c,0.9999997100096468,,,,0.36363636363636365,1.0,,0.0,
نماد,1401,گروه مالی نماد غدیر,61f7767428d96eb41bb11956,,,,,0.7407407407407407,1.0,,0.0,
نمرینو,1392,ایران  مرینوس,ae71cdd9110d2787802ca79c,0.6511858867184849,,0.0,0.0,1.0,0.9102744546094192,,0.9211986681465039,0.0
نمرینو,1393,ایران  مرینوس,07e06d90aab51c50031b51eb,,0.5752061459132168,0.8693560469374518,0.8693560469374518,1.0,0.9522237587545106,,0.9201970443349754,0.429994346309637
نمرینو,1394,ایران  مرینوس,8f39e8cf308299407bd3ac99,,,1.0,1.0,0.8181818181818182,0.878252120166735,,0.9148073022312373,0.1644427147373745
نمرینو,1395,ایران  مرینوس,de4bd691dc61d3b84b1c4edf,,,1.0,1.0,1.0,0.896518836432998,1.0,0.9125840537944284,1.0
نمرینو,1396,ایران  مرینوس,909341d583ccfe061fd12abc,,,1.0,1.0,1.0,0.8329925017041594,1.0,0.9248188405797102,1.0
نمرینو,1397,ایران  مرینوس,151ad3e803014405ca3b0d61,0.4242918649962115,,,,1.0,1.0,0.9999999884997279,0.9429241594996091,
نمرینو,1398,ایران  مرینوس,c1f017d44ed9d0105353f345,0.999999715816297,1.3514228261892086e-06,0.8103531435823824,0.8103531435823824,0.8571428571428571,0.4448865897333848,0.9205193322936122,0.9288577154308617,0.7311857618330664
نمرینو,1399,ایران  مرینوس,ad8af1c394063ccf59229e36,0.9999995341408121,3.7096899648465275e-10,0.993632594304157,0.993632594304157,0.8333333333333334,0.43586005830903374,0.8636113432044573,0.9067599067599068,0.8050328464019051
نمرینو,1400,ایران  مرینوس,79915bd30f67062b2742ba01,0.9999999431617624,0.30118853310500354,0.9999973863276848,0.9999973863276848,0.8181818181818182,0.060003598416694746,0.8788843905467506,0.9082240762812872,0.6849726604174747
نمرینو,1401,ایران  مرینوس,81541ab5636e3d769b37642e,,0.3915793855436406,,,0.48148148148148145,0.48728813559321976,0.7978681084467726,0.8042553191489361,
نوری,1392,پتروشیمی نوری,9c603c8e2307920710c34c23,0.6511858867184849,,0.6313529503318369,0.6313529503318369,1.0,0.9102744546094192,,0.8879023307436182,0.4890250894355767
نوری,1393,پتروشیمی نوری,80a9d4412d18b4144c1e07d0,,,0.9432442974584013,0.9432442974584013,1.0,0.9522237587545106,,0.9399014778325123,0.3809628593931162
نوری,1394,پتروشیمی نوری,9d19c8d80d93b02c1377f374,,,1.0,1.0,0.8181818181818182,0.878252120166735,,0.949290060851927,0.1644427147373745
نوری,1395,پتروشیمی نوری,7d5f45e09f1050833d2c2e17,,,1.0,1.0,1.0,0.896518836432998,,0.9529298751200769,1.0
نوری,1396,پتروشیمی نوری,12dcc3a246524ecfddf9b298,,,1.0,1.0,1.0,0.8329925017041594,,0.9501811594202898,1.0
نوری,1397,پتروشیمی نوری,2f37cb14428165204894919b,0.8466083131783276,,,,1.0,1.0,,0.947615324472244,
نوری,1398,پتروشیمی نوری,e8dfcadbe9571f7e43dbd2a7,0.9999998020983623,8.421688891279798e-05,0.7118773943853591,0.7118773943853591,0.7857142857142857,0.4975755699989719,,0.9258517034068137,1.0
نوری,1399,پتروشیمی نوری,d8952c8b2ae7b3eefe676daa,0.9999999799858904,1.0096945001190276e-09,0.9999993346818744,0.9999993346818744,0.75,0.504157218442935,1.0,0.9184149184149184,0.8008908864942249
نوری,1400,پتروشیمی نوری,47a12a710b2989310f690453,0.9999999520667364,0.21896575490072923,0.47330533113929607,0.47330533113929607,0.7272727272727273,0.17380352644837097,0.5149578254893559,0.9129916567342073,0.3453170548084954
نوری,1401,پتروشیمی نوری,eebfc4f7ec3389736ec95e03,,2.682446762594714e-09,0.5823272985999063,0.5823272985999063,0.8518518518518519,0.7796610169491517,0.5191371452040375,0.8574468085106383,0.9165775175730732
های_وب,1393,داده گسترعصرنوین-های وب,5287d5d55135e9ddeb9ae54d,,,1.0,1.0,0.75,0.878252120166735,,0.15172413793103445,0.3433003559912075
های_وب,1394,داده گسترعصرنوین-های وب,4812567e446cf38f8a33674e,,,1.0,1.0,0.8181818181818182,0.878252120166735,,0.49188640973630826,0.1644427147373745
های_وب,1395,داده گسترعصرنوین-های وب,5c6e59541692d633836e605e,,,1.0,1.0,1.0,0.896518836432998,,0.8655139289145053,1.0
های_وب,1396,داده گسترعصرنوین-های وب,5eb51a4868bf649a9cf1f5e5,,,1.0,1.0,1.0,0.8329925017041594,,0.9030797101449275,1.0
های_وب,1397,داده گسترعصرنوین-های وب,05595def5be8175434141f28,0.9999997338621246,,,,1.0,1.0,,0.9390148553557467,
های_وب,1398,داده گسترعصرنوین-های وب,4b87ea51fb123d1c6f62391f,0.999999635460503,,0.9262012037787328,0.9262012037787328,0.7857142857142857,0.4975755699989719,,0.9028056112224448,0.8794120535217275
های_وب,1399,داده گسترعصرنوین-های وب,7be4fa5e09021cce67130435,0.999999248724985,,0.9679302106779842,0.9679302106779842,0.75,0.504157218442935,,0.9487179487179487,0.7800335865960834
های_وب,1400,داده گسترعصرنوین-های وب,f282a028d052c728a7dac5c9,0.999999540147601,,0.6335514883614278,0.6335514883614278,0.7272727272727273,0.17380352644837097,,0.9511323003575686,0.4486573369365916
های_وب,1401,داده گسترعصرنوین-های وب,466205717e2dac1ffca2a995,,,0.5061471247276297,0.5061471247276297,0.8888888888888888,0.794099183929693,,0.8978723404255319,0.3272426535969291
همراه,1392,شرکت ارتباطات سیار ایران,e9ef94fda1437798fb9b5fab,0.9705262684240704,,,,0.5555555555555556,0.8224489795918273,,1.0,
همراه,1393,شرکت ارتباطات سیار ایران,1e664e0fa134b85945527134,1.0,1.3750504528536261e-09,,,0.625,0.9184993531694685,,1.0,
همراه,1394,شرکت ارتباطات سیار ایران,a68c6af0979bd7cee634f60c,0.0,0.04570629997410405,,,0.7272727272727273,0.9184993531694685,,1.0,
همراه,1395,شرکت ارتباطات سیار ایران,d0418b2fd65d3f15da2a7c15,,0.08884143463196838,1.0,1.0,1.0,0.896518836432998,0.3704559482654979,1.0,1.0
همراه,1396,شرکت ارتباطات سیار ایران,4355c232d92ffb8fcf73de82,,,1.0,1.0,1.0,0.8329925017041594,0.2996493146132224,1.0,1.0
همراه,1397,شرکت ارتباطات سیار ایران,0631771fddd3df79d83390f3,0.9999999923497476,,,,1.0,1.0,0.025914931671981112,0.9992181391712275,
همراه,1398,شرکت ارتباطات سیار ایران,0ee112e21613a220c4bb9a5a,0.9999999736717403,9.258230922555925e-09,0.8279376408573171,0.8279376408573171,0.7857142857142857,0.4975755699989719,0.6789538696850885,0.9448897795591182,0.9346994305978946
همراه,1399,شرکت ارتباطات سیار ایران,3e54d3727cd28da69ca42e72,0.9999998678548595,0.5533597110539662,0.6938610104482843,0.6938610104482843,0.75,0.504157218442935,0.860021895856427,0.9766899766899767,1.0
همراه,1400,شرکت ارتباطات سیار ایران,d45fddb92b64d6e86751b9cb,0.9999999807232732,1.0173579172028684e-09,0.7103972694355043,0.7103972694355043,0.7272727272727273,0.17380352644837097,0.8367156003270491,0.9749702026221693,0.8717347529822487
همراه,1401,شرکت ارتباطات سیار ایران,3748ec040fcea14dda5056b2,,2.4434404085728156e-09,0.775994930073556,0.775994930073556,0.8888888888888888,0.794099183929693,0.949692343043094,0.9063829787234042,0.7913643008164359
وآذر,1392,سرمایه گذاری توسعه آذربایجان,9c5d3ee5b64311e681f4ffe8,0.9107926667848298,,,,0.2222222222222222,0.9165120593691957,,0.9067702552719201,
وآذر,1393,سرمایه گذاری توسعه آذربایجان,0d85eb5bd3b69922b0dac265,0.0,2.536921023967215e-09,,,0.125,0.9555451017287978,,0.9339901477832513,
وآذر,1394,سرمایه گذاری توسعه آذربایجان,b4f601ae9d8831a8c38c5cfd,0.0,0.020003341330618762,,,0.36363636363636365,0.8592261554745322,,0.9188640973630832,
وآذر,1395,سرمایه گذاری توسعه آذربایجان,4aef4b39a5f0af26e1c88580,,0.0,1.0,1.0,0.6666666666666666,0.8497854077253144,0.8096024613964243,0.8914505283381364,1.0
وآذر,1396,سرمایه گذاری توسعه آذربایجان,307ab94b17a073588233e364,,,1.0,1.0,0.6666666666666666,0.7895705521472348,0.8367874522496879,0.9284420289855072,1.0
وآذر,1397,سرمایه گذاری توسعه آذربایجان,7be0b9a744f3b0282b7305dd,,,1.0,1.0,0.8,0.7142418661755624,0.6995298478657219,0.9319781078967944,1.0
وآذر,1398,سرمایه گذاری توسعه آذربایجان,47dde9ed94a968b2dd14c0f8,0.9999845225358839,,,,0.5,0.8801017318638765,0.9733196853072855,0.8767535070140281,
وآذر,1399,سرمایه گذاری توسعه آذربایجان,463313be74a245e2eff845b6,0.9999998614298643,1.3937944681783564e-11,,,0.4166666666666667,1.0,0.4059985408432407,0.87995337995338,
وآذر,1400,سرمایه گذاری توسعه آذربایجان,8e6d25f9d35c401a61859d26,,1.7216621255824463e-09,,,0.36363636363636365,1.0,0.4463836329441261,0.9201430274135876,
وآذر,1401,سرمایه گذاری توسعه آذربایجان,dde192bfe9f834d53e8de535,,,,,0.0,0.0,0.6559405144489003,0.8340425531914893,
وآفری,1393,بیمه کارآفرین,0e459414995eb76f78604a63,0.8895829451466085,,0.9537743747909181,0.9537743747909181,0.0,0.0,,0.9211822660098522,0.31262550414849843
وآفری,1394,بیمه کارآفرین,23a6529cb85c15b54951fa47,0.07971051680643648,,0.9722935026814277,0.9722935026814277,0.2727272727272727,0.0,,0.9127789046653144,0.14129234905373203
وآفری,1395,بیمه کارآفرین,4736c998f5f6373e6197279d,0.7641068731132078,,0.9728634852298091,0.9728634852298091,0.3333333333333333,0.0,,0.8924111431316042,0.9761761227334489
وآفری,1396,بیمه کارآفرین,b6949710aae633551cf47765,0.0,,0.9800703461179237,0.9800703461179237,0.3333333333333333,0.0,,0.901268115942029,0.988132411529545
وآفری,1397,بیمه کارآفرین,cb602cebd43995c0cfdd9392,0.9999994642083907,,0.0,0.0,0.5,0.0,,0.9413604378420641,0.9822404059727665
وآفری,1398,بیمه کارآفرین,903db80bc23e310f3c2ff5c6,0.999999473302927,,0.9874329504123988,0.9874329504123988,0.35714285714285715,0.0,,0.9078156312625251,0.8308186039743141
وآفری,1399,بیمه کارآفرین,06185cd5fc9d91dd3dc943da,0.9999995341478408,,0.9427539197822327,0.9427539197822327,0.25,0.0,,0.9044289044289044,0.763659286834361
وآفری,1400,بیمه کارآفرین,6c9da8e78839a3a342b53cd4,0.9999995900716494,,0.9999999926872807,0.9999999926872807,0.2727272727272727,0.5424776734600514,,0.9201430274135876,0.684974341218691
وآفری,1401,بیمه کارآفرین,c0e7edacc89df9ae0ddbeddc,,,0.9566509471082417,0.9566509471082417,0.7037037037037037,0.8859784283513115,,0.8659574468085106,0.6185098743101233
واعتبار,1392,سرمایه گذاری اعتبار ایران,059bd5cce4b887354d2c6904,0.7940099933858327,,,,0.3333333333333333,0.5363797692990229,,0.9334073251942286,
واعتبار,1393,سرمایه گذاری اعتبار ایران,c7122ea22a90f049e822f828,,,,,0.125,0.7308008938021885,,0.9251231527093596,
واعتبار,1395,سرمایه گذاری اعتبار ایران,b91acd3aefa37da92a781b27,,,1.0,1.0,0.6666666666666666,0.8497854077253144,,0.9193083573487032,1.0
واعتبار,1396,سرمایه گذاری اعتبار ایران,2b4d0dc489430be331eac05e,,,1.0,1.0,0.6666666666666666,0.7895705521472348,,0.9257246376811594,1.0
واعتبار,1397,سرمایه گذاری اعتبار ایران,23705f1655a1d2c9c11fd9fd,,,1.0,1.0,0.8,0.7142418661755624,,0.9538702111024238,1.0
واعتبار,1398,سرمایه گذاری اعتبار ایران,c0b1340296141da58dc540d8,0.9999999550869332,,,,0.5,0.8801017318638765,,0.9408817635270541,
واعتبار,1399,سرمایه گذاری اعتبار ایران,ee6d874cbc84afda646dd7ab,0.9999984147599346,,,,0.4166666666666667,1.0,,0.9079254079254079,
واعتبار,1400,سرمایه گذاری اعتبار ایران,8f14e9cc838d845225906584,0.9999997729649506,,,,0.36363636363636365,1.0,,0.9630512514898689,
واعتبار,1401,سرمایه گذاری اعتبار ایران,2311682a67f622d1737f1bbf,,,,,0.7407407407407407,1.0,,0.951063829787234,
والبر,1392,سرمایه  گذاری  البرز(هلدینگ,56c1bddb35596aea6d972416,0.9159145062318397,,,,0.3333333333333333,0.7670807453416002,,0.9622641509433962,
والبر,1393,سرمایه  گذاری  البرز(هلدینگ,2c7f88d0fb621d950c49b6ba,1.0,,,,0.125,0.8592261554745322,,0.967487684729064,
والبر,1394,سرمایه  گذاری  البرز(هلدینگ,f7f169c8df5386638b0f6a49,0.0,,,,0.36363636363636365,0.8592261554745322,,0.9574036511156186,
والبر,1395,سرمایه  گذاری  البرز(هلدینگ,b6706f79eb632d38bab67179,,,1.0,1.0,0.6666666666666666,0.8497854077253144,,0.9404418828049952,1.0
والبر,1396,سرمایه  گذاری  البرز(هلدینگ,52f24fe841ca7576cf3c1b12,,,1.0,1.0,0.6666666666666666,0.7895705521472348,,0.9393115942028986,1.0
والبر,1397,سرمایه  گذاری  البرز(هلدینگ,c9f6196d60e80f2d2b4e4436,,,1.0,1.0,0.8,0.7142418661755624,,0.9562157935887412,1.0
والبر,1398,سرمایه  گذاری  البرز(هلدینگ,b93ee50eb89a543ae148a716,0.9999998227817916,,,,0.5,0.8801017318638765,,0.9158316633266533,
والبر,1399,سرمایه  گذاری  البرز(هلدینگ,2c694e030b8db7b8f3d6aeb6,0.9999998833622675,,,,0.4166666666666667,1.0,,0.9382284382284383,
والبر,1400,سرمایه  گذاری  البرز(هلدینگ,776426432f2394b0214ead7c,0.9999997059069857,,,,0.36363636363636365,1.0,,0.9272943980929678,
والبر,1401,سرمایه  گذاری  البرز(هلدینگ,5a9b28c59f38fdae96a38b42,,,,,0.7407407407407407,1.0,,0.8808510638297873,
وایران,1392,لیزینگ ایرانیان,ac518d28b21350a81851128e,0.957134669645231,,,,0.4444444444444444,0.9617346938775471,,0.9611542730299667,
وایران,1393,لیزینگ ایرانیان,73212f3ef7e90134a0b2a0c3,0.8665053719576352,1.0,,,0.375,0.9796248382923651,,0.9694581280788177,
وایران,1394,لیزینگ ایرانیان,32f43a19698d4e35d1a3e2fa,0.9357466944132469,0.7718087493341694,,,0.5454545454545454,0.9796248382923651,,0.962474645030426,
وایران,1395,لیزینگ ایرانیان,cd3f4fca7e07ad5b995892e2,0.9866743261006864,1.0,,,0.6666666666666666,1.0,0.9255272398124814,0.9365994236311239,
وایران,1396,لیزینگ ایرانیان,cbcc76467feb2f7346174837,0.882610405641651,1.0,,,0.6666666666666666,0.9291411042944815,0.9208540289779095,0.9710144927536232,
وایران,1397,لیزینگ ایرانیان,7ad3bbf83d7d14443fa216e2,0.9999998902586368,1.0,,,0.8,0.9037753222836138,0.7431042313931566,0.9749804534792806,
وایران,1398,لیزینگ ایرانیان,a6db3855499402aefa30f7e7,0.9999999100520557,0.4137323875759445,,,1.0,0.7604456824512547,0.9151404647322511,0.9619238476953907,
وایران,1399,لیزینگ ایرانیان,8ea20565a1cea8568fc56720,0.999999861510431,1.106606745276915e-09,,,1.0,0.8448979591836712,0.9324467516897562,0.9801864801864801,
وایران,1400,لیزینگ ایرانیان,a892ac99c4dbdc430e17b375,0.9999999963318641,9.320155974332012e-10,,,1.0,0.7415617128463452,0.915849336404527,0.9785458879618594,
وایران,1401,لیزینگ ایرانیان,70b006e485ebc47d266d22d5,,1.1149050123234527e-09,,,1.0,0.935593220338982,0.9602876086049756,0.9680851063829787,
وبشهر,1392,توسعه  صنایع  بهشهر(هلدینگ,bcee1d741886e7a23cb21e4e,0.7135182146009672,,,,0.2222222222222222,0.9165120593691957,,0.9100998890122086,
وبشهر,1393,توسعه  صنایع  بهشهر(هلدینگ,06abbfaca7560b57172bac2f,0.707548045216801,,,,0.0,0.9417852522639033,,0.9251231527093596,
وبشهر,1394,توسعه  صنایع  بهشهر(هلدینگ,385971eecc77ff5ada2ccd4e,,,1.0,1.0,0.5454545454545454,0.8324708926261227,,0.9137931034482758,0.1644427147373745
وبشهر,1395,توسعه  صنایع  بهشهر(هلدینگ,edd2bccb0e43d5c2a4417ca1,,,1.0,1.0,0.6666666666666666,0.8497854077253144,,0.9164265129682997,1.0
وبشهر,1396,توسعه  صنایع  بهشهر(هلدینگ,0609ef5397a4a1475a93b35e,,,1.0,1.0,0.6666666666666666,0.7895705521472348,,0.9239130434782609,1.0
وبشهر,1397,توسعه  صنایع  بهشهر(هلدینگ,9fe6f08123ed690b34275a40,,,1.0,1.0,0.8,0.7142418661755624,,0.9421422986708365,1.0
وبشهر,1398,توسعه  صنایع  بهشهر(هلدینگ,a0895bd0f4ea8ab70b6b9371,0.9999997086887866,,,,0.5,0.8801017318638765,,0.9228456913827655,
وبشهر,1399,توسعه  صنایع  بهشهر(هلدینگ,e4a1beacf4c9e2aa2c23943a,1.0,,,,0.4166666666666667,1.0,,0.9265734265734266,
وبشهر,1400,توسعه  صنایع  بهشهر(هلدینگ,c420c2c58958574e6b663b1f,0.99999993739747,,,,0.36363636363636365,1.0,,0.9261025029797378,
وبشهر,1401,توسعه  صنایع  بهشهر(هلدینگ,a89f3ab4a9d1468732bdbd84,,,,,0.7407407407407407,1.0,,0.8787234042553191,
وبصادر,1393,بانک صادرات ایران,7a918f111090d00525acbe5e,0.707548045216801,,0.9779661218103738,0.9779661218103738,0.0,0.2690815006468267,,0.916256157635468,0.32867889990640603
وبصادر,1394,بانک صادرات ایران,fd9a2307b08b1d769b9abeaf,,8.130241904107607e-10,1.0,1.0,0.0,0.3027166882276756,,0.7778904665314401,0.1644427147373745
وبصادر,1395,بانک صادرات ایران,1946f29d936cd91f05bba0e4,,,1.0,1.0,0.0,0.3090128755364725,,0.7512007684918348,1.0
وبصادر,1396,بانک صادرات ایران,325eea721c1fff3a04b19bdd,,,1.0,1.0,0.0,0.2871165644171712,1.0,0.8894927536231884,1.0
وبصادر,1397,بانک صادرات ایران,e5436f33cb73ed4cb2d5b07e,0.9999998969846895,,,,0.0,0.6763351749539632,0.9999998697265333,0.9397967161845191,
وبصادر,1398,بانک صادرات ایران,9259fbdb967e7dc8ac23c614,0.9999897664921954,5.628278458908149e-10,,,0.07142857142857142,0.6411600852040007,0.9994989432054727,0.9038076152304609,
وبصادر,1399,بانک صادرات ایران,d31445783ee1d3a267da265a,0.9999996339691498,0.10512018462482398,0.9095897119828155,0.9095897119828155,0.08333333333333333,0.8152524167561737,0.9846903866775876,0.8962703962703963,0.7420897600873
وبصادر,1400,بانک صادرات ایران,7611ae687246401b4f736119,0.9999999372328985,0.5307495884122702,0.9917569269613741,0.9917569269613741,0.09090909090909091,0.5069269521410574,0.9989889286904212,0.8915375446960667,0.6796585149144458
وبصادر,1401,بانک صادرات ایران,64781e3650448aa02bc9a8f3,,5.975971331014005e-09,0.9744905905583955,0.9744905905583955,0.6296296296296297,0.8771186440677956,0.9957694059078923,0.8787234042553191,0.6630295864791994
وبملت,1393,بانک ملت,6e82b5d84999a7331e4747f8,0.707548045216801,,0.9988932173149291,0.9988932173149291,0.0,0.2690815006468267,,0.9123152709359605,0.3440348056548533
وبملت,1394,بانک ملت,5ac6b6461b9b1747412eb50c,,,1.0,1.0,0.0,0.3027166882276756,,0.8336713995943205,0.1644427147373745
وبملت,1395,بانک ملت,d412773e16b34af828bfad64,,,1.0,1.0,0.0,0.3090128755364725,,0.9000960614793467,1.0
وبملت,1396,بانک ملت,715409e821e12a18432a374c,,,1.0,1.0,0.0,0.2871165644171712,,0.9157608695652174,1.0
وبملت,1397,بانک ملت,4887a191d9fe262ff7760b61,0.9999999265769353,,,,0.0,0.6763351749539632,,0.9366692728694292,
وبملت,1398,بانک ملت,ddb3c9ea9e576c33b224ec88,0.9999988936969672,,,,0.0,0.7423398328690839,,0.9038076152304609,
وبملت,1399,بانک ملت,6453a45fb6a0a5c579fda812,0.9999999827906415,,0.9524262574926621,0.9524262574926621,0.0,0.9387755102040791,,0.9055944055944056,0.7699500370375179
وبملت,1400,بانک ملت,1f101315800e551b3c101042,0.9999991159548365,,0.9853352106150661,0.9853352106150661,0.0,0.6921649211189157,,0.9284862932061979,0.6755172488118575
وبملت,1401,بانک ملت,65a00af43224ea4cd95ba16e,,,0.9613667467174044,0.9613667467174044,0.5925925925925926,0.9232827832292584,,0.8851063829787233,0.6215588114719499
وبهمن,1392,سرمایه گذاری بهمن,d5be701bb5e4549168cc5293,0.9616187406263047,,,,0.2222222222222222,0.9165120593691957,,0.9589345172031076,
وبهمن,1393,سرمایه گذاری بهمن,e321cd59a22ef12a45f74886,0.8579705040821406,,,,0.125,0.9555451017287978,,0.9773399014778326,
وبهمن,1394,سرمایه گذاری بهمن,fabc07628c0a536a6041c257,0.0,,,,0.36363636363636365,0.7308008938021885,,0.9634888438133874,
وبهمن,1395,سرمایه گذاری بهمن,3e7b712fb1238c9dbeba7d2b,,,1.0,1.0,0.6666666666666666,0.8497854077253144,,0.9567723342939481,1.0
وبهمن,1396,سرمایه گذاری بهمن,19ccf41a3a38fbb9d30a1fd7,,,1.0,1.0,0.6666666666666666,0.7895705521472348,,0.957427536231884,1.0
وبهمن,1397,سرمایه گذاری بهمن,641d22e3de6973e3e2fa04ef,,,1.0,1.0,0.8,0.7142418661755624,,0.9429241594996091,1.0
وبهمن,1398,سرمایه گذاری بهمن,706d4901020aceccf5f0401d,0.9999994004966444,,,,0.5,0.8801017318638765,,0.9218436873747495,
وبهمن,1399,سرمایه گذاری بهمن,fb49c42ef73f14d7a745f2a0,0.9999998946397507,,,,0.4166666666666667,1.0,,0.9079254079254079,
وبهمن,1400,سرمایه گذاری بهمن,6db6579b7a11a7ae1f1026f7,0.9999997556348786,,,,0.36363636363636365,1.0,,0.9058402860548271,
وبهمن,1401,سرمایه گذاری بهمن,b3c652529b2178900e709ab3,,,,,0.7407407407407407,1.0,,0.8468085106382979,
وبوعلی,1392,سرمایه گذاری بوعلی,93f6232f0213e96597a7c72d,0.9367420879182494,,,,0.4444444444444444,0.40901360544217974,,0.9245283018867925,
وبوعلی,1393,سرمایه گذاری بوعلی,c47cfa6f6833835a59cee9b4,0.8871544809715389,,,,0.125,0.7308008938021885,,0.967487684729064,
وبوعلی,1394,سرمایه گذاری بوعلی,0b4752fa608d3ce13c01cb74,0.0,,,,0.36363636363636365,0.7308008938021885,,0.960446247464503,
وبوعلی,1395,سرمایه گذاری بوعلی,2ad281343d2d1f004b52193d,,,1.0,1.0,0.6666666666666666,0.8497854077253144,,0.9538904899135446,1.0
وبوعلی,1396,سرمایه گذاری بوعلی,faf1b1ab5428c61881ee3cd8,,,1.0,1.0,0.6666666666666666,0.7895705521472348,,0.9682971014492754,1.0
وبوعلی,1397,سرمایه گذاری بوعلی,08e290d9dba22cb0a88a3733,,,1.0,1.0,0.8,0.7142418661755624,,0.9663799843627834,1.0
وبوعلی,1398,سرمایه گذاری بوعلی,d730e97a77b2677869a4e30b,0.9999990543755294,,,,0.5,0.8801017318638765,,0.9298597194388778,
وبوعلی,1399,سرمایه گذاری بوعلی,3fb5c3c6d3201c95aff84169,0.9999998393620869,,,,0.4166666666666667,1.0,,0.9522144522144522,
وبوعلی,1400,سرمایه گذاری بوعلی,e0b5008cf09a364e785a79e4,0.9999999504795187,,,,0.36363636363636365,1.0,,0.9427890345649583,
وبوعلی,1401,سرمایه گذاری بوعلی,e355f7d86dfb499d4d04807a,,,,,0.7407407407407407,1.0,,0.951063829787234,
وبیمه,1392,سرمایه  گذاری  صنعت  بیمه,16e768f4d479acaac07e7cde,0.8662684966564844,,,,0.3333333333333333,0.7670807453416002,,0.9012208657047724,
وبیمه,1393,سرمایه  گذاری  صنعت  بیمه,a16cb56efcfa40476173057a,0.6897287933709797,0.9439654903066247,,,0.125,0.8592261554745322,,0.638423645320197,
وبیمه,1394,سرمایه  گذاری  صنعت  بیمه,4e4fcecd62b74351746f08c0,0.0,6.599282964119814e-10,,,0.36363636363636365,0.8592261554745322,,0.9614604462474645,
وبیمه,1395,سرمایه  گذاری  صنعت  بیمه,b815bee81fab9063a633c55a,,2.9485582840340704e-10,1.0,1.0,0.6666666666666666,0.8497854077253144,0.9927244359494103,0.9164265129682997,1.0
وبیمه,1396,سرمایه  گذاری  صنعت  بیمه,72201aeb2c3412b0b992af68,,,1.0,1.0,0.6666666666666666,0.7895705521472348,0.9875520571433829,0.9628623188405797,1.0
وبیمه,1397,سرمایه  گذاری  صنعت  بیمه,088190e42ed3137421143a80,,,1.0,1.0,0.8,0.7142418661755624,0.9937054582535391,0.980453479280688,1.0
وبیمه,1398,سرمایه  گذاری  صنعت  بیمه,7d548b5dc8cd6fac4699630c,0.999998058756957,,,,0.5,0.8801017318638765,0.9607684855512999,0.9398797595190381,
وبیمه,1399,سرمایه  گذاری  صنعت  بیمه,cf00aec1713fa44f9c95a464,0.9999997615441555,1.0878824776383618e-10,,,0.4166666666666667,1.0,0.9810086809589667,0.9207459207459208,
وبیمه,1400,سرمایه  گذاری  صنعت  بیمه,121a115f941e6adeda2940b5,0.9999998566068066,1.1348889693117586e-09,,,0.36363636363636365,1.0,0.9555344272594097,0.9082240762812872,
وبیمه,1401,سرمایه  گذاری  صنعت  بیمه,07ef7f4d01e66ac7ec39d64d,,2.6469754474867694e-09,,,0.7407407407407407,1.0,0.9153999306448409,0.8468085106382979,
وتجارت,1393,بانک تجارت,c4f6ef4c201670ac635300bf,0.707548045216801,,0.8816619391835769,0.8816619391835769,0.0,0.2690815006468267,,0.9172413793103449,0.2647724298359959
وتجارت,1394,بانک تجارت,a5ac81c0240291968c110ad6,,8.086803102533064e-10,1.0,1.0,0.0,0.3027166882276756,,0.8874239350912779,0.1644427147373745
وتجارت,1395,بانک تجارت,fc91d859394744f83b23e5f2,,,1.0,1.0,0.0,0.3090128755364725,,0.9020172910662825,1.0
وتجارت,1396,بانک تجارت,e07890754ffa54535653773b,,,1.0,1.0,0.0,0.2871165644171712,1.0,0.8885869565217391,1.0
وتجارت,1397,بانک تجارت,3a76146b69d5beffaf075a93,0.9999998669980984,,,,0.0,0.6763351749539632,0.9999999612638641,0.9351055512118843,
وتجارت,1398,بانک تجارت,e9c027ae077d4e8e4df75285,0.0,4.802993853808534e-10,,,0.0,0.7423398328690839,0.9993880697351665,0.8877755511022044,
وتجارت,1399,بانک تجارت,4ec4175299e03e6ed99ef479,0.9999995341473964,8.941583461363391e-08,0.8747756754404603,0.8747756754404603,0.0,0.9387755102040791,0.961723849647588,0.9020979020979021,0.7194472083063198
وتجارت,1400,بانک تجارت,b35c091a91fffe01ce7a5b38,0.9999985286741403,0.5223856370396398,1.0,1.0,0.0,0.6921649211189157,0.9745552188471953,0.9296781883194278,0.6849743459345514
وتجارت,1401,بانک تجارت,fa9f2c407f288f5f419578f9,,0.0327857954823064,0.9968054944432015,0.9968054944432015,0.5925925925925926,0.9232827832292584,0.9585377218270691,0.8851063829787233,0.6444712598083553
وتوس,1392,توسعه شهری توس گستر,80f2aab33ef4c5998efaec76,0.8705375773281245,,,,0.6666666666666666,1.0,,0.9500554938956715,
وتوس,1393,توسعه شهری توس گستر,ecd69675f2150f65bcda84cf,0.871541554458672,0.6214954756982833,,,0.625,1.0,,0.9379310344827586,
وتوس,1394,توسعه شهری توس گستر,6d3a83bc3e50c80956551217,0.0,0.7266052872856702,,,0.7272727272727273,1.0,,0.9259634888438134,
وتوس,1395,توسعه شهری توس گستر,0bb963e043527f50abf26cdb,,3.036508972360325e-10,1.0,1.0,1.0,0.896518836432998,0.8817463867499351,0.9221902017291066,1.0
وتوس,1396,توسعه شهری توس گستر,3de969c64ace24312cf27015,,,1.0,1.0,1.0,0.8329925017041594,0.7728117575016513,0.9347826086956522,1.0
وتوس,1397,توسعه شهری توس گستر,844fe0fc750c5293aab19be4,0.9999994848369088,,,,1.0,1.0,0.7255093731709783,0.9437060203283816,
وتوس,1398,توسعه شهری توس گستر,fadd216d4c879282441bedef,0.9999997262112965,0.6663569467770509,,,0.7142857142857143,1.0,0.9472062955012899,0.9569138276553106,
وتوس,1399,توسعه شهری توس گستر,1ad93bc5ede78dadcc293e76,0.41721956164202945,0.9663234589169574,0.3421827677613064,0.3421827677613064,0.6666666666666666,0.46938775510203956,0.8920874012782628,0.9487179487179487,0.37305639333613894
وتوس,1400,توسعه شهری توس گستر,0a1d610736ecdbc7f69e7bab,0.9999995232382322,3.4601370571254655e-16,0.3347945652331402,0.3347945652331402,0.6363636363636364,0.11586901763224441,0.7122522459335008,0.902264600715137,0.2559935922390981
وتوس,1401,توسعه شهری توس گستر,a84e46d28426364216e22de0,,4.794777604732746e-10,1.0,1.0,0.8518518518518519,0.7796610169491517,0.7054697610047376,0.9297872340425531,0.6465366246484686
وتوشه,1392,سرمایه  گذاری  پارس  توشه,675e4260e819d53a72245d2a,0.8813671297090241,,,,0.3333333333333333,0.5363797692990229,,0.9078801331853497,
وتوشه,1393,سرمایه  گذاری  پارس  توشه,e0375aa26e9e10a3935787cf,0.873796624205616,,,,0.25,0.661004555936777,,0.9270935960591133,
وتوشه,1394,سرمایه  گذاری  پارس  توشه,8e2f24a96e12dff8eacf2b2c,0.0,,,,0.45454545454545453,0.661004555936777,,0.9219066937119675,
وتوشه,1395,سرمایه  گذاری  پارس  توشه,10af9ea0073d9de23490d927,,,1.0,1.0,0.6666666666666666,0.8497854077253144,,0.9164265129682997,1.0
وتوشه,1396,سرمایه  گذاری  پارس  توشه,8921896781661da165dc7a69,,,1.0,1.0,0.6666666666666666,0.7895705521472348,,0.9257246376811594,1.0
وتوشه,1397,سرمایه  گذاری  پارس  توشه,c2c0b668a6cb6b99220d3676,,,1.0,1.0,0.8,0.7142418661755624,,0.9413604378420641,1.0
وتوشه,1398,سرمایه  گذاری  پارس  توشه,ff4430cc314ff6996e085b14,0.9999997801358567,,,,0.5,0.8801017318638765,,0.9168336673346693,
وتوشه,1399,سرمایه  گذاری  پارس  توشه,8fe4d0127a37c6d04c090a0f,0.9999998360426738,,,,0.4166666666666667,1.0,,0.9114219114219114,
وتوشه,1400,سرمایه  گذاری  پارس  توشه,83a009fb93675297505630f5,0.9999998055938324,,,,0.36363636363636365,1.0,,0.902264600715137,
وتوشه,1401,سرمایه  گذاری  پارس  توشه,384f36a5ba4debd10aa182fa,,,,,0.7407407407407407,1.0,,0.8382978723404255,
وتوصا,1392,گروه س توسعه صنعتی ایران,b8c0358f8cce084ed1ccbd60,0.9920659848868564,,,,0.3333333333333333,0.7670807453416002,,0.9700332963374029,
وتوصا,1393,گروه س توسعه صنعتی ایران,4cfa505f3a44400bbb6f9fa7,0.8822221356009555,,,,0.25,0.8759772765622277,,0.9763546798029556,
وتوصا,1394,گروه س توسعه صنعتی ایران,ef9ea0692f0a60202dabfa52,0.0,,,,0.36363636363636365,0.8592261554745322,,0.9655172413793104,
وتوصا,1395,گروه س توسعه صنعتی ایران,4a4d0de7a18d7f6b0cfdd0fc,,,1.0,1.0,0.6666666666666666,0.8497854077253144,,0.8914505283381364,1.0
وتوصا,1396,گروه س توسعه صنعتی ایران,5ff3621e51222dc670ccf14f,,,1.0,1.0,0.6666666666666666,0.7895705521472348,,0.9284420289855072,1.0
وتوصا,1397,گروه س توسعه صنعتی ایران,fb392c626bfc240b4985e11a,,,1.0,1.0,0.8,0.7142418661755624,,0.9421422986708365,1.0
وتوصا,1398,گروه س توسعه صنعتی ایران,3d6a478d35eb8736794b0a78,0.9999999078848698,,,,0.5,0.8801017318638765,,0.9218436873747495,
وتوصا,1399,گروه س توسعه صنعتی ایران,2bdd743b75889e4d5d737c0f,0.9999999326758168,,,,0.4166666666666667,1.0,,0.9242424242424242,
وتوصا,1400,گروه س توسعه صنعتی ایران,4ca26bbfde6b0c0305fc778d,0.9999998944103902,,,,0.36363636363636365,1.0,,0.9284862932061979,
وتوصا,1401,گروه س توسعه صنعتی ایران,af4ff22e8838adabdede7613,,,,,0.7407407407407407,1.0,,0.9446808510638298,
وتوکا,1392,سرمایه گذاری توکافولاد(هلدینگ,84beaf099f68b36027a5d83a,0.5240835465123976,,,,0.3333333333333333,0.5363797692990229,,0.9078801331853497,
وتوکا,1393,سرمایه گذاری توکافولاد(هلدینگ,4bfdaed7900e113a35d2ded1,0.9825027645805124,,,,0.25,0.7531357219191158,,0.9359605911330049,
وتوکا,1394,سرمایه گذاری توکافولاد(هلدینگ,92a2925b9628e3a1047c8d05,0.0,,,,0.2727272727272727,0.9417852522639033,,0.920892494929006,
وتوکا,1395,سرمایه گذاری توکافولاد(هلدینگ,d2dd11589d027554a203916c,,,1.0,1.0,0.6666666666666666,0.8497854077253144,,0.9462055715658021,1.0
وتوکا,1396,سرمایه گذاری توکافولاد(هلدینگ,6b998ce3cf8180d631cab404,,,1.0,1.0,0.6666666666666666,0.7895705521472348,,0.9538043478260869,1.0
وتوکا,1397,سرمایه گذاری توکافولاد(هلدینگ,ba7b0f02a7f3bb6f5308dc71,,,1.0,1.0,0.8,0.7142418661755624,,0.962470680218921,1.0
وتوکا,1398,سرمایه گذاری توکافولاد(هلدینگ,eb95094d6abfeba63af9e9b3,0.9999997876141193,,,,0.5,0.8801017318638765,,0.9468937875751503,
وتوکا,1399,سرمایه گذاری توکافولاد(هلدینگ,eaf77adde8ddc023b78c61dc,0.9999998532465286,,,,0.4166666666666667,1.0,,0.9417249417249417,
وتوکا,1400,سرمایه گذاری توکافولاد(هلدینگ,8ef1fcfa841b6ae412939f42,0.9999999537674226,,,,0.36363636363636365,1.0,,0.9415971394517283,
وتوکا,1401,سرمایه گذاری توکافولاد(هلدینگ,76a8f3fb1abfcd1e790ae54b,,,,,0.7407407407407407,1.0,,0.9148936170212766,
وخارزم,1392,سرمایه گذاری خوارزمی,32507dfbe109e38c5ac87e23,0.7460382232274743,,,,0.3333333333333333,0.7670807453416002,,0.9145394006659268,
وخارزم,1393,سرمایه گذاری خوارزمی,908c37277350cecbded82819,0.9437561280151416,,,,0.125,0.9555451017287978,,0.922167487684729,
وخارزم,1394,سرمایه گذاری خوارزمی,be32d88e8791524316ef266e,0.0,,,,0.2727272727272727,0.9417852522639033,,0.9158215010141988,
وخارزم,1395,سرمایه گذاری خوارزمی,1134b382db0697d4a2b31178,,,1.0,1.0,0.6666666666666666,0.8497854077253144,,0.9193083573487032,1.0
وخارزم,1396,سرمایه گذاری خوارزمی,fb1743f9ce9aa2d8470f5d37,,,1.0,1.0,0.6666666666666666,0.7895705521472348,,0.927536231884058,1.0
وخارزم,1397,سرمایه گذاری خوارزمی,eb40f1fac5c272a0f45ecf53,,,1.0,1.0,0.8,0.7142418661755624,,0.9405785770132916,1.0
وخارزم,1398,سرمایه گذاری خوارزمی,c13a5b30df49c0cbf57a0bd4,0.9999993734999415,,,,0.5,0.8801017318638765,,0.9028056112224448,
وخارزم,1399,سرمایه گذاری خوارزمی,bd25641246162fc76a929548,0.9999986496736198,,,,0.4166666666666667,1.0,,0.9067599067599068,
وخارزم,1400,سرمایه گذاری خوارزمی,213a498f2210b2c784baacf7,0.9999999212473187,,,,0.36363636363636365,1.0,,0.9034564958283671,
وخارزم,1401,سرمایه گذاری خوارزمی,ede67953750f059947d082aa,,,,,0.7407407407407407,1.0,,0.8595744680851064,
وخاور,1392,بانک خاورمیانه,546f9687866f3e881f15dfbe,0.9963270728109029,,0.7944838648343708,0.7944838648343708,0.0,0.0,,0.9245283018867925,0.8062235091973353
وخاور,1393,بانک خاورمیانه,9f57a40e8822856ae32d715c,0.707548045216801,,0.9926297146615719,0.9926297146615719,0.0,0.2690815006468267,,0.9280788177339901,0.3481912019185949
وخاور,1394,بانک خاورمیانه,77ee714152624be9307c7e37,,,1.0,1.0,0.0,0.3027166882276756,,0.920892494929006,0.1644427147373745
وخاور,1395,بانک خاورمیانه,bb8282dfff0f4f027ae63e2f,,,1.0,1.0,0.0,0.3090128755364725,,0.9048991354466859,1.0
وخاور,1396,بانک خاورمیانه,d66d3dbabb8f6b4c9d62bfc2,,,1.0,1.0,0.0,0.2871165644171712,,0.9202898550724637,1.0
وخاور,1397,بانک خاورمیانه,92dd3717ae3c146afa6ef7bc,0.9999999684724578,,,,0.0,0.6763351749539632,,0.9358874120406567,
وخاور,1398,بانک خاورمیانه,c51fce7450323415aa9bc117,0.9999997818579389,,,,0.0,0.7423398328690839,,0.9378757515030061,
وخاور,1399,بانک خاورمیانه,5ab7d5258702dd8ffc1ba331,0.47206964196805445,,0.9746043563809236,0.9746043563809236,0.0,0.9387755102040791,,0.9195804195804196,0.7843743555697918
وخاور,1400,بانک خاورمیانه,509856f1cd3dac94185da4c0,0.9999997340510545,,0.8839398984300574,0.8839398984300574,0.0,0.6921649211189157,,0.9189511323003575,0.6101289714933543
وخاور,1401,بانک خاورمیانه,b1212d09427f9e563e7d901a,,,0.9962101669169325,0.9962101669169325,0.5925925925925926,0.9232827832292584,,0.8723404255319149,0.644086358758961
ورنا,1392,سرمایه گذاری  رنا(هلدینگ,d5c273f34e89597ef15dabbf,0.4078923647017615,,,,0.4444444444444444,0.40901360544217974,,0.9067702552719201,
ورنا,1393,سرمایه گذاری  رنا(هلدینگ,b1fdc914887ebce4a5a0dc98,0.0,0.102433669724581,,,0.25,0.7531357219191158,,0.929064039408867,
ورنا,1394,سرمایه گذاری  رنا(هلدینگ,55467295b2f4c7e99236ff2c,0.0,0.0,,,0.36363636363636365,0.7308008938021885,,0.9168356997971603,
ورنا,1395,سرمایه گذاری  رنا(هلدینگ,18994103f06c7b81cd4c1940,,0.8922670901266978,1.0,1.0,0.6666666666666666,0.8497854077253144,0.9640197410199967,0.914505283381364,1.0
ورنا,1396,سرمایه گذاری  رنا(هلدینگ,f5958a7c9939565e8c19017a,,,1.0,1.0,0.6666666666666666,0.7895705521472348,0.9697825439491798,0.927536231884058,1.0
ورنا,1397,سرمایه گذاری  رنا(هلدینگ,beb5d6025649e2e5ee73e1c2,,,1.0,1.0,0.8,0.7142418661755624,0.9399633222123389,0.9483971853010165,1.0
ورنا,1398,سرمایه گذاری  رنا(هلدینگ,e846332de6465092c4d3d298,0.999999580889057,,,,0.5,0.8801017318638765,0.9686563140690126,0.9509018036072144,
ورنا,1399,سرمایه گذاری  رنا(هلدینگ,397f70a477b3a1b1cb72a154,0.9999996161986369,0.6130835775410841,,,0.4166666666666667,1.0,0.7655053135389563,0.9230769230769231,
ورنا,1400,سرمایه گذاری  رنا(هلدینگ,ba956a37e294c7b00d12b22d,0.9999997051663229,8.096348172250439e-10,,,0.36363636363636365,1.0,0.7086775752422515,0.9117997616209773,
ورنا,1401,سرمایه گذاری  رنا(هلدینگ,a3ca5748a156cfe06a44423b,,5.954264063748236e-10,,,0.7407407407407407,1.0,0.863327235118704,0.8574468085106383,
وساخت,1392,سرمایه  گذاری  ساختمان ایران,1ae28bec1dc5212bc8754dec,0.0,,,,0.2222222222222222,0.9165120593691957,,0.9100998890122086,
وساخت,1393,سرمایه  گذاری  ساختمان ایران,ed6277c58dd1c2c110b583bd,0.7426836701115636,,,,0.125,0.9555451017287978,,0.929064039408867,
وساخت,1394,سرمایه  گذاری  ساختمان ایران,95a7e8169fcb9be6a181a435,0.0,,,,0.2727272727272727,0.9417852522639033,,0.936105476673428,
وساخت,1395,سرمایه  گذاری  ساختمان ایران,dfe0eefe899d43dd87774728,,,1.0,1.0,0.6666666666666666,0.8497854077253144,,0.9250720461095101,1.0
وساخت,1396,سرمایه  گذاری  ساختمان ایران,c724c0d57bef1e134625ef65,,,1.0,1.0,0.6666666666666666,0.7895705521472348,,0.9338768115942029,1.0
وساخت,1397,سرمایه  گذاری  ساختمان ایران,56d500d2f84a8fb8d5551b45,,,1.0,1.0,0.8,0.7142418661755624,,0.944487881157154,1.0
وساخت,1398,سرمایه  گذاری  ساختمان ایران,d7ca0729e4f8a7be797e60c8,0.9999932099642489,,,,0.5,0.8801017318638765,,0.8807615230460922,
وساخت,1399,سرمایه  گذاری  ساختمان ایران,a457f804f05541d2ac8abfff,0.9999996634463079,,,,0.4166666666666667,1.0,,0.9090909090909091,
وساخت,1400,سرمایه  گذاری  ساختمان ایران,404d3fbe0ca0b3a04642ac14,0.9999997476255482,,,,0.36363636363636365,1.0,,0.8736591179976162,
وساخت,1401,سرمایه  گذاری  ساختمان ایران,78253edf91981568c13c814f,,,,,0.7407407407407407,1.0,,0.7510638297872341,
وساپا,1392,سرمایه گذاری  سایپا,92e4b9e8ffe08d0cc1e3b11e,0.8348601629985172,,,,0.4444444444444444,0.40901360544217974,,0.9322974472807991,
وساپا,1393,سرمایه گذاری  سایپا,3e4e3825ae00646559626343,0.912149532775316,0.6137418867636559,,,0.125,0.8592261554745322,,0.9369458128078818,
وساپا,1394,سرمایه گذاری  سایپا,94f689cd64043fc86980859b,0.0,7.33451763785253e-10,,,0.36363636363636365,0.8592261554745322,,0.9300202839756593,
وساپا,1395,سرمایه گذاری  سایپا,95517b82b274adec0c8638e2,,0.8938259346991472,1.0,1.0,0.6666666666666666,0.8497854077253144,0.8492123864014265,0.8789625360230547,1.0
وساپا,1396,سرمایه گذاری  سایپا,b926a88cf8d82b41b94249bd,,,1.0,1.0,0.6666666666666666,0.7895705521472348,0.8585855514517915,0.9266304347826086,1.0
وساپا,1397,سرمایه گذاری  سایپا,0da0e48f155300136323ad6f,,,1.0,1.0,0.8,0.7142418661755624,0.851345022417204,0.9421422986708365,1.0
وساپا,1398,سرمایه گذاری  سایپا,a9e79623a8e068bd57039d15,,,,,0.5,0.8801017318638765,0.9385152941373116,0.9128256513026052,
وساپا,1399,سرمایه گذاری  سایپا,06d7ea8ff28a4ce0f0161c49,,,,,,,0.9760758510706518,0.9312354312354312,
وساپا,1400,سرمایه گذاری  سایپا,39b38674213585303f8c7de7,,,,,0.36363636363636365,1.0,,0.9165673420738975,
وساپا,1401,سرمایه گذاری  سایپا,7621203a8982c9f8a735b8d6,,,,,0.6666666666666666,0.8167877320419695,,0.848936170212766,
وسپه,1392,سرمایه گذاری  سپه,3b3c90a3283610e14b6ed56a,0.9095024381505475,,,,0.4444444444444444,0.40901360544217974,,0.9678135405105438,
وسپه,1393,سرمایه گذاری  سپه,30c444d55c79dd7411e8aa38,0.9070891432188932,,,,0.25,0.7531357219191158,,0.967487684729064,
وسپه,1394,سرمایه گذاری  سپه,abf18966492a4e6de9b10744,0.0,,,,0.36363636363636365,0.7308008938021885,,0.9716024340770791,
وسپه,1395,سرمایه گذاری  سپه,d1a33bbc4388d658a8c6098c,,,1.0,1.0,0.6666666666666666,0.8497854077253144,,0.9538904899135446,1.0
وسپه,1396,سرمایه گذاری  سپه,14008ea9e101fffc7cbadda6,,,1.0,1.0,0.6666666666666666,0.7895705521472348,,0.967391304347826,1.0
وسپه,1397,سرمایه گذاری  سپه,55507a25391ac2b31018e5a8,,,1.0,1.0,0.8,0.7142418661755624,,0.9812353401094606,1.0
وسپه,1398,سرمایه گذاری  سپه,e8c0b052dfc21b1add069e65,0.9999997552345762,,,,0.5,0.8801017318638765,,0.968937875751503,
وسپه,1399,سرمایه گذاری  سپه,e8b4b9206ba4e3741fc97c64,0.9999997798766838,,,,0.4166666666666667,1.0,,0.9778554778554779,
وسپه,1400,سرمایه گذاری  سپه,e0403984a34d9023a31375a1,0.9999998547660829,,,,0.36363636363636365,1.0,,0.9725864123957092,
وسپه,1401,سرمایه گذاری  سپه,91cfd95f2ac5bcde4c5e95dd,,,,,0.7407407407407407,1.0,,0.9872340425531915,
وسکاب,1392,س.ص.بازنشستگی کارکنان بانکها,76b88fd79889b4950a8aa20d,0.7638293923285464,,,,0.3333333333333333,0.5363797692990229,,0.9400665926748057,
وسکاب,1393,س.ص.بازنشستگی کارکنان بانکها,cae7a04ae3b575feb6976081,,,,,0.25,0.661004555936777,,0.9408866995073891,
وسکاب,1395,س.ص.بازنشستگی کارکنان بانکها,5c9ffc5c3ae5d3392c0274d4,,,1.0,1.0,0.6666666666666666,0.8497854077253144,,0.9500480307396734,1.0
وسکاب,1396,س.ص.بازنشستگی کارکنان بانکها,e7d0c7649d38d81694bd284c,,,1.0,1.0,0.6666666666666666,0.7895705521472348,,0.9610507246376812,1.0
وسکاب,1397,س.ص.بازنشستگی کارکنان بانکها,0ce2fbbbf73d21db031c3e31,,,1.0,1.0,0.8,0.7142418661755624,,0.9437060203283816,1.0
وسکاب,1398,س.ص.بازنشستگی کارکنان بانکها,7297611602b9730822de2640,0.9999994458009297,,,,0.5,0.8801017318638765,,0.966933867735471,
وسکاب,1399,س.ص.بازنشستگی کارکنان بانکها,1e4ae80e9c613087ffde145d,1.0,,,,0.4166666666666667,1.0,,0.9801864801864801,
وسکاب,1400,س.ص.بازنشستگی کارکنان بانکها,ac9afcc0a94d7d427c20a88f,0.9999998453258727,,,,0.36363636363636365,1.0,,0.9773539928486293,
وسکاب,1401,س.ص.بازنشستگی کارکنان بانکها,1a4410ea82f32a8acf809949,,,,,0.7407407407407407,1.0,,0.9574468085106383,
وسینا,1392,بانک سینا,37063449ef98710796c171ec,0.824883061705882,,0.803029591085028,0.803029591085028,0.0,0.0,,0.9078801331853497,0.5838684381478126
وسینا,1393,بانک سینا,dce97db38495e52f5b69e17d,0.707548045216801,,0.9941372703901636,0.9941372703901636,0.0,0.2690815006468267,,0.9192118226600985,0.33940990861786924
وسینا,1394,بانک سینا,59e24ac37bc45a31b01cea8a,,,1.0,1.0,0.0,0.3027166882276756,,0.8286004056795132,0.1644427147373745
وسینا,1395,بانک سینا,baff8e870f16b987bb99097c,,,1.0,1.0,0.0,0.3090128755364725,,0.7886647454370798,1.0
وسینا,1396,بانک سینا,cd448feeea3c8fdae51fb68b,,,1.0,1.0,0.0,0.2871165644171712,,0.9157608695652174,1.0
وسینا,1397,بانک سینا,3a0adec047f1720dedce4fc0,0.9999999633550865,,,,0.0,0.6763351749539632,,0.931196247068022,
وسینا,1398,بانک سینا,474601ee2028fec704ec59da,0.9999996759976313,,,,0.0,0.7423398328690839,,0.8877755511022044,
وسینا,1399,بانک سینا,c54b5fccf9a9c63345e54a6b,0.9999989590514033,,0.9779932148428777,0.9779932148428777,0.0,0.9387755102040791,,0.8962703962703963,0.8152044752747476
وسینا,1400,بانک سینا,d5b98d5252e74da7d372ae87,0.9999999334357853,,0.9343801562317766,0.9343801562317766,0.0,0.6921649211189157,,0.8915375446960667,0.6426571179537905
وسینا,1401,بانک سینا,8708a96421688771ef8db028,,,0.9706227659409931,0.9706227659409931,0.5925925925925926,0.9232827832292584,,0.8212765957446808,0.6655302767520672
وصنعت,1392,سرمایه گذاری توسعه صنعت وتجارت,94880ba554fd45049ee26fb6,0.8350238684385428,,,,0.3333333333333333,0.5363797692990229,,0.9522752497225305,
وصنعت,1393,سرمایه گذاری توسعه صنعت وتجارت,af5bab443b3a48da74296995,0.8327735329994056,,,,0.25,0.7531357219191158,,0.9576354679802955,
وصنعت,1394,سرمایه گذاری توسعه صنعت وتجارت,d939bc72f7b7abb3b1038966,0.0,,,,0.36363636363636365,0.7308008938021885,,0.9563894523326572,
وصنعت,1395,سرمایه گذاری توسعه صنعت وتجارت,352187450d6e98c2031ce1ff,,,1.0,1.0,0.6666666666666666,0.8497854077253144,,0.9510086455331412,1.0
وصنعت,1396,سرمایه گذاری توسعه صنعت وتجارت,16c64e1fec9297c96b1130f7,,,1.0,1.0,0.6666666666666666,0.7895705521472348,,0.9619565217391304,1.0
وصنعت,1398,سرمایه گذاری توسعه صنعت وتجارت,6d3bca0e7d733117d6870024,0.9999995532006929,,,,0.5,0.8801017318638765,,0.9318637274549099,
وصنعت,1399,سرمایه گذاری توسعه صنعت وتجارت,6c4e8ae2e6f1d4f941b54a86,0.9999997985497499,,,,0.4166666666666667,1.0,,0.921911421911422,
وصنعت,1400,سرمایه گذاری توسعه صنعت وتجارت,db81ac15e5a56391fa1f9cf1,0.9999998950793721,,,,0.36363636363636365,1.0,,0.9284862932061979,
وصنعت,1401,سرمایه گذاری توسعه صنعت وتجارت,ac701b7e56f72f43b2586d54,,,,,0.7407407407407407,1.0,,0.9170212765957447,
وغدیر,1392,سرمایه گذاری غدیر(هلدینگ,24cca9ed33f0cc99c138cdef,0.6309988385119099,,,,0.3333333333333333,0.5363797692990229,,0.9456159822419534,
وغدیر,1393,سرمایه گذاری غدیر(هلدینگ,30bd2616fbc58f1ff5a7f2b6,0.8542832328735979,,,,0.25,0.7531357219191158,,0.9586206896551724,
وغدیر,1394,سرمایه گذاری غدیر(هلدینگ,ed33294b97e46f7304b24311,0.0,,,,0.36363636363636365,0.7308008938021885,,0.9503042596348884,
وغدیر,1395,سرمایه گذاری غدیر(هلدینگ,22af1c3253e963c8e70f3247,,,1.0,1.0,0.6666666666666666,0.8497854077253144,,0.9500480307396734,1.0
وغدیر,1396,سرمایه گذاری غدیر(هلدینگ,5f7a2b4fbd447b68831dc847,,,1.0,1.0,0.6666666666666666,0.7895705521472348,,0.9610507246376812,1.0
وغدیر,1397,سرمایه گذاری غدیر(هلدینگ,f1a140960082396ab958ef60,,,1.0,1.0,0.8,0.7142418661755624,,0.9710711493354183,1.0
وغدیر,1398,سرمایه گذاری غدیر(هلدینگ,a030bae9cba648bd4ddf798f,0.9999998248919982,,,,0.5,0.8801017318638765,,0.9559118236472945,
وغدیر,1399,سرمایه گذاری غدیر(هلدینگ,dee1b130d2e536e13cb34ff5,0.999999444811401,,,,0.4166666666666667,1.0,,0.951048951048951,
وغدیر,1400,سرمایه گذاری غدیر(هلدینگ,23b07b057ca6429d110f4b69,0.9999998787013809,,,,0.36363636363636365,1.0,,0.9523241954707986,
وغدیر,1401,سرمایه گذاری غدیر(هلدینگ,3db48623e1a0973df01a085c,,,,,0.6296296296296297,0.9745762711864395,,0.8319148936170213,
ولصنم,1392,لیزینگ صنعت ومعدن,ec0b36245e23e2e8a983f99f,0.7994928163733338,,,,0.4444444444444444,0.9617346938775471,,0.9522752497225305,
ولصنم,1393,لیزینگ صنعت ومعدن,e4ba6c47940291578af799de,0.9678341713916854,0.10826908096313949,,,0.375,0.9796248382923651,,0.9704433497536946,
ولصنم,1394,لیزینگ صنعت ومعدن,4ec09c49c79b23307eb1f26d,0.8309865000206613,2.2946003853634304e-09,,,0.5454545454545454,0.9796248382923651,,0.9776876267748479,
ولصنم,1395,لیزینگ صنعت ومعدن,b79c705b64d574ea75ca7268,0.9130106243215351,5.177417716303927e-09,,,0.6666666666666666,1.0,0.9275225907232505,0.9673390970220941,
ولصنم,1396,لیزینگ صنعت ومعدن,37b3306e7ef026bd340aa5e7,0.8826103797603086,1.0,,,0.6666666666666666,0.9291411042944815,0.8983991472771968,0.9836956521739131,
ولصنم,1397,لیزینگ صنعت ومعدن,11025808868fe07399ad3f0e,0.9999999386308887,1.0,,,0.8,0.9037753222836138,0.18580938438762917,0.9906176700547302,
ولصنم,1398,لیزینگ صنعت ومعدن,2711c50ffefb8a8b016264da,0.9999994207325312,0.40736402806449445,,,0.5714285714285714,0.9233983286908113,0.7091628837770936,0.9809619238476954,
ولصنم,1399,لیزینگ صنعت ومعدن,29c8ab7e3b76d3b2ddb7931c,0.789794653097315,0.6718166357774398,,,1.0,0.9387755102040791,0.5006019641476811,0.9813519813519813,
ولصنم,1400,لیزینگ صنعت ومعدن,eb5ba260db39a8405c8a47c2,0.9999996888205998,1.845406430466915e-15,,,1.0,0.8979848866498703,0.38747686508894097,0.9773539928486293,
ولصنم,1401,لیزینگ صنعت ومعدن,4403e756d1af4f49ae21c2be,,0.3945172430761483,,,1.0,0.9745762711864395,0.6431454719832111,0.9872340425531915,
ولغدر,1392,لیزینگ خودروغدیر,80d67a177e33e4d6f4c51143,0.6281097180817137,,,,0.4444444444444444,0.9617346938775471,,0.902330743618202,
ولغدر,1393,لیزینگ خودروغدیر,c568c0db06605d5054f49a3f,0.9493747297632891,1.0,,,0.375,0.9796248382923651,,0.9477832512315271,
ولغدر,1394,لیزینگ خودروغدیر,1e624ee708aa09ad015d5bb8,0.3581363288295034,0.5471516168775173,,,0.5454545454545454,0.9796248382923651,,0.9533468559837728,
ولغدر,1395,لیزینگ خودروغدیر,c57f20d4722171401c97282b,0.0,1.0,,,0.6666666666666666,1.0,0.8602317531107964,0.9577329490874159,
ولغدر,1396,لیزینگ خودروغدیر,a661306812b86a2118dcb5b7,0.882610488094761,0.0,,,0.6666666666666666,0.9291411042944815,0.8801846446449186,0.9655797101449275,
ولغدر,1397,لیزینگ خودروغدیر,e9ad15b8bbe342364c0f4a60,0.8926884893177731,2.086081875889128e-09,,,0.8,0.9037753222836138,0.39424955216907154,0.9741985926505082,
ولغدر,1398,لیزینگ خودروغدیر,ca7184f1251265aa15bc1f77,0.9999998020979256,7.287253859650909e-06,,,1.0,0.7604456824512547,0.7624609754411611,0.9408817635270541,
ولغدر,1399,لیزینگ خودروغدیر,db2e4389f46fed4651324503,0.9999999449260996,3.0993524495168907e-10,,,1.0,0.8448979591836712,0.6847708085734432,0.9557109557109558,
ولغدر,1400,لیزینگ خودروغدیر,879a469c7fa1e434a27133e9,0.9999995233733743,0.34335481038044363,,,1.0,0.7415617128463452,0.6297192013496442,0.9356376638855781,
ولغدر,1401,لیزینگ خودروغدیر,1eed7acc28d2aca5a47261be,,7.060531293097984e-10,,,1.0,0.935593220338982,0.6430450824509768,0.9723404255319149,
ولنوین,1398,لیزینگ اقتصاد نوین,7a6f9edce0db66bf4414384a,0.9999999313757881,,,,1.0,0.7604456824512547,,0.7214428857715431,
ولنوین,1399,لیزینگ اقتصاد نوین,78ae738fa76eafd7e8896602,0.9999999493417823,3.0248917637004544e-09,,,1.0,0.6510862409479968,,1.0,
ولنوین,1400,لیزینگ اقتصاد نوین,cc5a89b2bb1ed0fa65143a85,0.9999998669793599,8.322794419858074e-09,,,1.0,0.41862354757456216,,0.0,
ولنوین,1401,لیزینگ اقتصاد نوین,509db6e0f4c488009056f82e,,3.653558507557549e-09,0.706150490560155,0.706150490560155,0.8888888888888888,0.7507846829880711,,0.0,0.4565521546606228
ولپارس,1395,لیزینگ پارسیان,0879655d5e5fd7f05246018a,0.31992099888441816,,,,0.6666666666666666,1.0,,0.6416906820365034,
ولپارس,1396,لیزینگ پارسیان,80ba3d1582ff7b9045adc918,,0.1340920353324397,,,0.6666666666666666,0.9291411042944815,,0.9918478260869565,
ولپارس,1398,لیزینگ پارسیان,1763b7ffce01d76253755e76,0.9999999312090788,1.0962176832563352e-09,,,1.0,0.6109264084823495,,0.8587174348697395,
ولپارس,1399,لیزینگ پارسیان,40fa8af54d85c3da187af587,0.9999997281329451,0.183292037364016,,,1.0,0.6510862409479968,0.977725481364352,0.9953379953379954,
ولپارس,1400,لیزینگ پارسیان,110fa53d8fd9454a28164ec2,0.9999997992224244,0.8984010806004672,,,1.0,0.41862354757456216,0.9693152249189035,0.9880810488676997,
ولپارس,1401,لیزینگ پارسیان,6a6a7670ce742fa4a314d5fc,,0.9387242826275524,,,1.0,0.8551120831055239,0.9483568453838676,0.9808510638297873,
ولکار,1398,لیزینگ کارآفرین,c5d593cc156ef5b68b2ec886,0.9999995273314577,,,,1.0,0.7604456824512547,,0.7144288577154309,
ولکار,1399,لیزینگ کارآفرین,51c2ef16dbb2df4be2241764,0.9999999064260118,4.616292561989705e-10,,,1.0,0.8448979591836712,,0.9440559440559441,
ولکار,1400,لیزینگ کارآفرین,b3db2945c0da94218e3daec8,0.999999768944546,0.10389645141872592,,,1.0,0.7415617128463452,,0.9356376638855781,
ولکار,1401,لیزینگ کارآفرین,031446374920950987dbec3d,,9.038422437174359e-10,,,1.0,0.935593220338982,0.8605295748212972,0.8425531914893617,
ومدیر,1395,گ.مدیریت ارزش سرمایه ص ب کشوری,da7d4b71d0449fdbe5797999,,,1.0,1.0,0.6666666666666666,0.8497854077253144,,0.0,1.0
ومدیر,1396,گ.مدیریت ارزش سرمایه ص ب کشوری,769300fc852b4e9330057599,,,1.0,1.0,0.6666666666666666,0.7895705521472348,,0.0,1.0
ومدیر,1397,گ.مدیریت ارزش سرمایه ص ب کشوری,15ae65d90d777775f6c7d7cd,,,1.0,1.0,0.8,0.7142418661755624,,0.3721657544956998,1.0
ومدیر,1398,گ.مدیریت ارزش سرمایه ص ب کشوری,b30b8b54273d5644dcb1fb7d,0.9999991570715638,,,,0.5,0.8801017318638765,,0.5501002004008015,
ومدیر,1399,گ.مدیریت ارزش سرمایه ص ب کشوری,24ff024f89b4b7f9f08c46a7,0.9999999973507134,,,,0.4166666666666667,1.0,,0.9044289044289044,
ومدیر,1400,گ.مدیریت ارزش سرمایه ص ب کشوری,be32703e9ff17ff18ccc0176,0.9999997773190716,,,,0.36363636363636365,1.0,,0.9451728247914184,
ومدیر,1401,گ.مدیریت ارزش سرمایه ص ب کشوری,0f9164f8ec75dcfa7fff983e,,,,,0.7407407407407407,1.0,,0.9276595744680851,
ومعادن,1392,توسعه معادن وفلزات,e1f739218e88b43a1f31c461,0.8584251529806982,,,,0.2222222222222222,0.9165120593691957,,0.9056603773584906,
ومعادن,1393,توسعه معادن وفلزات,19a5407f9c766cc32a1780c2,0.9099987544543157,,,,0.0,0.9417852522639033,,0.9201970443349754,
ومعادن,1394,توسعه معادن وفلزات,18753cb4650f529f55ec97f0,0.0,,0.7551803535660486,0.7551803535660486,0.7272727272727273,0.7011642949547243,,0.9148073022312373,0.0
ومعادن,1395,توسعه معادن وفلزات,c1c1891149f5fd6db75a9921,,,1.0,1.0,0.6666666666666666,0.8497854077253144,,0.9077809798270894,1.0
ومعادن,1396,توسعه معادن وفلزات,0455ce040f49a148887713e2,,,1.0,1.0,0.6666666666666666,0.7895705521472348,,0.9365942028985508,1.0
ومعادن,1397,توسعه معادن وفلزات,d9af39410727f97a78bc5f69,,,1.0,1.0,0.8,0.7142418661755624,,0.947615324472244,1.0
ومعادن,1398,توسعه معادن وفلزات,50ca279535aecaf68d7e6bc9,0.9999995249606768,,,,0.5,0.8801017318638765,,0.9158316633266533,
ومعادن,1399,توسعه معادن وفلزات,7861b8ba22e5b967d06f18fa,0.9999997912882793,,,,0.4166666666666667,1.0,,0.9137529137529138,
ومعادن,1400,توسعه معادن وفلزات,7f2e7eef0b08db31b52c9246,1.0,,,,0.36363636363636365,1.0,,0.902264600715137,
ومعادن,1401,توسعه معادن وفلزات,2266beb016f6824eddd82714,,,,,0.7407407407407407,1.0,,0.8553191489361702,
وملی,1392,گروه  صنعتی  ملی  (هلدینگ,7433f6dc8ec244ae85a91189,0.9326965374123094,,,,0.2222222222222222,0.9165120593691957,,0.9800221975582686,
وملی,1393,گروه  صنعتی  ملی  (هلدینگ,31b2d110f6dde0513c74849b,0.8663542017684959,,,,0.0,0.9417852522639033,,0.9812807881773399,
وملی,1394,گروه  صنعتی  ملی  (هلدینگ,efb50241d82bab381373a48f,0.0,,,,0.2727272727272727,0.9417852522639033,,0.9300202839756593,
وملی,1395,گروه  صنعتی  ملی  (هلدینگ,86c71f9fef02060fbd2b6334,,,1.0,1.0,0.6666666666666666,0.8497854077253144,,0.9164265129682997,1.0
وملی,1396,گروه  صنعتی  ملی  (هلدینگ,3e34c2c35a09f3d874350185,,,1.0,1.0,0.6666666666666666,0.7895705521472348,,0.9248188405797102,1.0
وملی,1397,گروه  صنعتی  ملی  (هلدینگ,6f1deb83bc4ef98ae1f829ea,,,1.0,1.0,0.8,0.7142418661755624,,0.9640344018764659,1.0
وملی,1398,گروه  صنعتی  ملی  (هلدینگ,ce9205a5ea9f68bf99ab174d,0.9999991289091814,,,,0.5714285714285714,0.6819870009285028,,0.9198396793587175,
وملی,1399,گروه  صنعتی  ملی  (هلدینگ,d7d3d24317a23d5b65c0e8eb,,,,,0.5,0.7431972789115583,,0.9393939393939394,
وملی,1400,گروه  صنعتی  ملی  (هلدینگ,a2a39c02829b5f4bb583fc8c,,,,,,,,0.936829558998808,
وملی,1401,گروه  صنعتی  ملی  (هلدینگ,57dd41d53baa74471064706a,,,,,0.0,0.0,,0.9170212765957447,
ونوین,1392,بانک اقتصادنوین,d63864e2170a338a79d26a8b,0.8948142384002655,,0.9996852509619881,0.9996852509619881,0.0,0.0,,0.9211986681465039,0.6925115316060513
ونوین,1393,بانک اقتصادنوین,a5f076e63a0dad7260cbae8b,0.707548045216801,1.0,0.9862364366046498,0.9862364366046498,0.0,0.2690815006468267,,0.9044334975369458,0.33416699617031853
ونوین,1394,بانک اقتصادنوین,8b8351401614076fc51ad4be,,8.145708768930687e-10,1.0,1.0,0.0,0.3027166882276756,,0.9117647058823529,0.1644427147373745
ونوین,1395,بانک اقتصادنوین,479eda8b3e445e9b9438dd3a,,,1.0,1.0,0.0,0.3090128755364725,0.9724334659398324,0.808837656099904,1.0
ونوین,1396,بانک اقتصادنوین,5a6454bd820de624d10949b7,,,1.0,1.0,0.0,0.2871165644171712,0.9743673870984388,0.8641304347826086,1.0
ونوین,1397,بانک اقتصادنوین,7a638a1ceaf534a59691e57f,0.9999998774859876,,,,0.0,0.6763351749539632,0.9999999769035907,0.9171227521501173,
ونوین,1398,بانک اقتصادنوین,b446f32ca2dc69e727c9b1d6,0.0,5.621497111660196e-10,,,0.07142857142857142,0.6411600852040007,0.9978399920354843,0.9138276553106213,
ونوین,1399,بانک اقتصادنوین,d5caec729508655da9e1075c,0.9999995341479347,1.04416903954241e-08,0.9538025710727529,0.9538025710727529,0.0,0.7823129251700625,0.9676598382676944,0.9032634032634033,0.7708451717187881
ونوین,1400,بانک اقتصادنوین,260ce8f368a23f34c1ce7615,0.9999996919123239,0.27929348350283667,0.9999998931864428,0.9999998931864428,0.0,0.6921649211189157,0.9836619575970422,0.8986889153754469,0.6849742770521311
ونوین,1401,بانک اقتصادنوین,bbcd24eb7991f1d4aaed7b22,,1.5121869646704748e-09,0.9848557783645912,0.9848557783645912,0.5925925925925926,0.9232827832292584,0.967100476678827,0.8382978723404255,0.636745330709383
ونیرو,1392,سرمایه گذاری نیرو,d40469b3c00a17550a194da1,0.7283695471618045,,,,0.3333333333333333,0.5363797692990229,,0.9200887902330743,
ونیرو,1393,سرمایه گذاری نیرو,4a853d969d5f958644899351,0.7099891926098904,,,,0.25,0.7531357219191158,,0.9241379310344827,
ونیرو,1394,سرمایه گذاری نیرو,c07289406faa4dab8bc327f1,0.0,,,,0.36363636363636365,0.7308008938021885,,0.9503042596348884,
ونیرو,1395,سرمایه گذاری نیرو,8743c5a03e24f77e8c86e51c,,,1.0,1.0,0.6666666666666666,0.8497854077253144,,0.9231508165225745,1.0
ونیرو,1396,سرمایه گذاری نیرو,1c8cd9199d1e0b2869933c71,,,1.0,1.0,0.6666666666666666,0.7895705521472348,,0.9284420289855072,1.0
ونیرو,1397,سرمایه گذاری نیرو,1f06ed27ac1808d25ce8131d,,,1.0,1.0,0.8,0.7142418661755624,,0.9499609069585614,1.0
ونیرو,1398,سرمایه گذاری نیرو,3113ff1f34ec86d28fd2e618,0.9999989248312801,,,,0.5,0.8801017318638765,,0.8466933867735471,
ونیرو,1399,سرمایه گذاری نیرو,b5929147535f4dbc023e3741,0.9999995808595942,,,,0.4166666666666667,1.0,,0.9090909090909091,
ونیرو,1400,سرمایه گذاری نیرو,72127be558d4334264365919,0.9999922223904342,,,,0.36363636363636365,1.0,,0.9046483909415971,
ونیرو,1401,سرمایه گذاری نیرو,6d2cedf02d817269edd7408a,,,,,0.7407407407407407,1.0,,0.8425531914893617,
ونیکی,1392,سرمایه گذاری  ملی ایران,361a599429bdefbadf1604de,0.8464721262375664,,,,0.3333333333333333,0.5363797692990229,,0.9522752497225305,
ونیکی,1393,سرمایه گذاری  ملی ایران,44570b6d493812b8fb2cdfb6,0.9141522291295769,,,,0.25,0.7531357219191158,,0.9625615763546798,
ونیکی,1394,سرمایه گذاری  ملی ایران,26d7f2641777a205924a14b7,0.0,,,,0.36363636363636365,0.7308008938021885,,0.9584178498985801,
ونیکی,1395,سرمایه گذاری  ملی ایران,f9ee996488520940816aa33d,,,1.0,1.0,0.6666666666666666,0.8497854077253144,,0.9404418828049952,1.0
ونیکی,1396,سرمایه گذاری  ملی ایران,761fcb9239c709dcba5d5c30,,,1.0,1.0,0.6666666666666666,0.7895705521472348,,0.9293478260869565,1.0
ونیکی,1397,سرمایه گذاری  ملی ایران,f137398d34b7453dc0959fa8,,,1.0,1.0,0.8,0.7142418661755624,,0.9609069585613761,1.0
ونیکی,1398,سرمایه گذاری  ملی ایران,420a6770b5628869ad94e8ee,0.999999730044816,,,,0.5,0.8801017318638765,,0.9208416833667334,
ونیکی,1399,سرمایه گذاری  ملی ایران,9dc277537381560e020dade7,0.9999998560512996,,,,0.4166666666666667,1.0,,0.9358974358974359,
ونیکی,1400,سرمایه گذاری  ملی ایران,3df803c2b4babca7262acce6,0.9999999610013572,,,,0.36363636363636365,1.0,,0.936829558998808,
ونیکی,1401,سرمایه گذاری  ملی ایران,cd528b7e5792ff1e594b05f6,,,,,0.7407407407407407,1.0,,0.8446808510638297,
وپارس,1393,بانک پارسیان,b3b881488b63bff6565c321c,0.707548045216801,,0.974585123638883,0.974585123638883,0.0,0.2690815006468267,,0.9201970443349754,0.36016540786345047
وپارس,1394,بانک پارسیان,cb2091c0ff9eac9c1772d737,,0.5936286276180595,1.0,1.0,0.0,0.3027166882276756,,0.9117647058823529,0.1644427147373745
وپارس,1395,بانک پارسیان,c88212f1776b4ef5e490e876,,,1.0,1.0,0.0,0.3090128755364725,,0.7137367915465898,1.0
وپارس,1396,بانک پارسیان,8d3b3ef2b517a17f8c00fab0,,,1.0,1.0,0.0,0.2871165644171712,1.0,0.9157608695652174,1.0
وپارس,1397,بانک پارسیان,9ecfea8edbecbd5312e6f1b8,0.9999992870526838,,,,0.0,0.6763351749539632,0.9999999865962585,0.9257232212666145,
وپارس,1398,بانک پارسیان,3159c2adadebb19e0862ed67,0.999998980340892,8.879852922617284e-11,,,0.0,0.7423398328690839,0.9989190691293202,0.9028056112224448,
وپارس,1399,بانک پارسیان,85b328cf84ea3ebbfa17b37b,0.999999819876567,0.19740128062084278,0.9568060907325763,0.9568060907325763,0.0,0.9387755102040791,0.9681815168915383,0.8962703962703963,0.7727986179771673
وپارس,1400,بانک پارسیان,cd3e6bcad8fd04f8c4a0432a,0.9999998459645927,1.229922094937317e-09,0.9647450125637161,0.9647450125637161,0.0,0.6921649211189157,0.9850357724085916,0.8772348033373063,0.6622389467758819
وپارس,1401,بانک پارسیان,1116c0d76fbff1dbecb03157,,1.9688231175702397e-09,0.9383577869797032,0.9383577869797032,0.5925925925925926,0.9232827832292584,1.0,0.8340425531914893,0.606682676306464
وپاسار,1392,بانک  پاسارگاد,ff82ab13c402a2f6bff38587,0.939692804334806,,0.92481594259805,0.92481594259805,0.0,0.0,,0.9100998890122086,0.7342211060427809
وپاسار,1393,بانک  پاسارگاد,7f857baef130ac76d381a1fc,0.707548045216801,,0.9210897187758564,0.9210897187758564,0.0,0.2690815006468267,,0.9201970443349754,0.2909363008925748
وپاسار,1394,بانک  پاسارگاد,483d266728c53c73e0511cd1,,,1.0,1.0,0.0,0.3027166882276756,,0.9046653144016227,0.1644427147373745
وپاسار,1395,بانک  پاسارگاد,2c32ab65d8aa6c484ec46888,,,1.0,1.0,0.0,0.3090128755364725,,0.4101825168107589,1.0
وپاسار,1396,بانک  پاسارگاد,ccca4e3f3c02cc5e3ef6072d,,,1.0,1.0,0.0,0.2871165644171712,,0.779891304347826,1.0
وپاسار,1397,بانک  پاسارگاد,938bbf4e2504767b1ce1b20d,0.9999999743646163,,,,0.0,0.6763351749539632,,0.9210320562939797,
وپاسار,1398,بانک  پاسارگاد,b9717ae6ee7eb366fbffa3a8,0.9999992412583353,,,,0.07142857142857142,0.6411600852040007,,0.9028056112224448,
وپاسار,1399,بانک  پاسارگاد,ecd201eb9ba04f0777da2810,0.9999998897757886,,0.9860298943078153,0.9860298943078153,0.08333333333333333,0.8152524167561737,,0.8951048951048951,0.8099775338165055
وپاسار,1400,بانک  پاسارگاد,f100812e690009fcaf0ed1fc,0.9999999349433855,,0.878874232923625,0.878874232923625,0.0,0.6921649211189157,,0.8951132300357568,0.7630865504870517
وپاسار,1401,بانک  پاسارگاد,0156f9014840689764fe22de,,,0.6667093823251989,0.6667093823251989,0.5925925925925926,0.9232827832292584,,0.8212765957446808,0.8620214099805179
وپترو,1392,سرمایه گذاری صنایع پتروشیمی,5b90dc4391e000edf14ef5a5,0.7252270726103337,,,,0.2222222222222222,0.9165120593691957,,0.9378468368479467,
وپترو,1393,سرمایه گذاری صنایع پتروشیمی,a4adfa888e8591129f15f978,0.9943867327119904,,,,0.125,0.9555451017287978,,0.9536945812807882,
وپترو,1394,سرمایه گذاری صنایع پتروشیمی,c81d62991cb72dffd4611608,0.0,,,,0.2727272727272727,0.9417852522639033,,0.9452332657200812,
وپترو,1395,سرمایه گذاری صنایع پتروشیمی,8448ed4eba904987fd2ca4a2,,,1.0,1.0,0.6666666666666666,0.8497854077253144,,0.9375600384245918,1.0
وپترو,1396,سرمایه گذاری صنایع پتروشیمی,cb3dcb977cd06fd1609b5d87,,,1.0,1.0,0.6666666666666666,0.7895705521472348,,0.9356884057971014,1.0
وپترو,1397,سرمایه گذاری صنایع پتروشیمی,0e60cf39d42f690c2048cc30,,,1.0,1.0,0.8,0.7142418661755624,,0.9788897576231431,1.0
وپترو,1398,سرمایه گذاری صنایع پتروشیمی,e9c7865707bc7316c7849305,0.9999759084025107,,,,0.5,0.8801017318638765,,0.9639278557114228,
وپترو,1399,سرمایه گذاری صنایع پتروشیمی,034b66f364baa4225398b6d8,0.999999964560043,,,,0.4166666666666667,1.0,,0.9708624708624709,
وپترو,1400,سرمایه گذاری صنایع پتروشیمی,0ed298f3b7b7778fc808c915,0.999999894755237,,,,0.36363636363636365,1.0,,0.9678188319427891,
وپترو,1401,سرمایه گذاری صنایع پتروشیمی,27c8fc9d7705955c9af6c420,,,,,0.7407407407407407,1.0,,0.9382978723404255,
وپخش,1392,داروپخش  (هلدینگ,4fab97b68e30b0580bd5c136,1.0,,,,0.2222222222222222,0.9165120593691957,,0.9034406215316315,
وپخش,1393,داروپخش  (هلدینگ,01231d054dad481aea315e0f,0.707548045216801,0.16974292763845059,,,0.0,0.9417852522639033,,0.9192118226600985,
وپخش,1394,داروپخش  (هلدینگ,5ac9cb4e74758c09f713115e,,7.082777655017826e-10,1.0,1.0,0.5454545454545454,0.8324708926261227,,0.9117647058823529,0.1644427147373745
وپخش,1395,داروپخش  (هلدینگ,19060a9f787e2e42c15233d7,,,1.0,1.0,0.6666666666666666,0.8497854077253144,0.0,0.9125840537944284,1.0
وپخش,1396,داروپخش  (هلدینگ,60d4975ad575f17cbccbcdb1,,,1.0,1.0,0.6666666666666666,0.7895705521472348,0.0,0.9239130434782609,1.0
وپخش,1397,داروپخش  (هلدینگ,8dcbffa97ccbc168216c7ea0,,,1.0,1.0,0.8,0.7142418661755624,1.0,0.9390148553557467,1.0
وپخش,1398,داروپخش  (هلدینگ,7ab5970f026d7e6f5387250c,0.9999998679328052,,,,0.0,0.0,1.0,0.9328657314629258,
وپخش,1399,داروپخش  (هلدینگ,a5dbb203ba8f43cac47b412a,0.9999996054210648,0.5630562175012817,,,0.4166666666666667,1.0,,0.9102564102564102,
وپخش,1400,داروپخش  (هلدینگ,25ea63980d2d8db72fb947af,0.9999998435468453,6.595311882393935e-10,,,0.36363636363636365,1.0,,0.899880810488677,
وپخش,1401,داروپخش  (هلدینگ,2824f94e84464ce0f8d76745,,0.8876446854035128,,,0.7407407407407407,1.0,,0.8212765957446808,
وپست,1393,پست بانک ایران,7b2f9f62d2752de94db547c7,0.707548045216801,,0.9298473136540372,0.9298473136540372,0.0,0.2690815006468267,,0.9103448275862069,0.38985296074878817
وپست,1394,پست بانک ایران,500e094a4a0d6a2fb516c314,,7.924422124354779e-10,1.0,1.0,0.0,0.3027166882276756,,0.9056795131845842,0.1644427147373745
وپست,1395,پست بانک ایران,a19dd51058a43889a688b0d3,,,1.0,1.0,0.0,0.3090128755364725,,0.7579250720461095,1.0
وپست,1396,پست بانک ایران,5e5ec987f82d0b9658ddc4b0,,,1.0,1.0,0.0,0.2871165644171712,1.0,0.9085144927536232,1.0
وپست,1397,پست بانک ایران,878e9f5d6987250b420eb9a3,0.9999998859197848,,,,0.0,0.6763351749539632,0.9999995112604046,0.9202501954652071,
وپست,1398,پست بانک ایران,751f36fc6aed66c115299ea9,0.9999986181964189,2.7931373775545224e-10,,,0.0,0.7423398328690839,0.9989761045494931,0.9158316633266533,
وپست,1399,پست بانک ایران,1ba737b577f34029fa414208,0.9999997316278849,0.4600291407643793,0.9532316652194559,0.9532316652194559,0.0,0.9387755102040791,0.9666142051364397,0.9032634032634033,0.770473862711583
وپست,1400,پست بانک ایران,a41a515039e14c75e22e523c,0.9999994421888148,7.304372395172238e-10,0.9729454537194768,0.9729454537194768,0.0,0.6921649211189157,0.9670510088664384,0.9082240762812872,0.6675272851504268
وپست,1401,پست بانک ایران,4026e269279ed29ec6c653ed,,0.9204756756674214,0.9535842550029804,0.9535842550029804,0.5925925925925926,0.9232827832292584,0.9702254557079922,0.8340425531914893,0.6165271455475515
وکار,1392,بانک  کارآفرین,8b3462f5ec2e2d6e784de8f0,0.9748172747290239,,0.9249030924516228,0.9249030924516228,0.0,0.0,,0.9167591564927858,0.7341729598074144
وکار,1393,بانک  کارآفرین,6d924641b4be4f944b9c5e4c,0.707548045216801,,0.9945373686729246,0.9945373686729246,0.0,0.2690815006468267,,0.9211822660098522,0.3469253022384777
وکار,1394,بانک  کارآفرین,d4a939e0dce627385134878d,,,1.0,1.0,0.0,0.3027166882276756,,0.9087221095334685,0.1644427147373745
وکار,1395,بانک  کارآفرین,0bb5917bac6fb144fc7c5a81,,,1.0,1.0,0.0,0.3090128755364725,,0.8146013448607109,1.0
وکار,1396,بانک  کارآفرین,0549fe1f6eab325e417fdd0a,,,1.0,1.0,0.0,0.2871165644171712,,0.9021739130434783,1.0
وکار,1397,بانک  کارآفرین,dc0097e080fc783d482297bd,0.999999872317203,,,,0.0,0.6763351749539632,,0.9319781078967944,
وکار,1398,بانک  کارآفرین,a7354925add941108cab4135,0.0,,,,0.0,0.7423398328690839,,0.9048096192384769,
وکار,1399,بانک  کارآفرین,cdef7ee422170b230e168935,0.9999995341477026,,0.9282388544327794,0.9282388544327794,0.0,0.9387755102040791,,0.9055944055944056,0.7542188957903793
وکار,1400,بانک  کارآفرین,8f408d5e1bf246c85ca03952,0.9999999271918719,,1.0,1.0,0.0,0.6921649211189157,,0.9046483909415971,0.6849743688100204
وکار,1401,بانک  کارآفرین,6571c6ad200e8382346652ad,,,0.9736987722111526,0.9736987722111526,0.5925925925925926,0.9232827832292584,,0.8404255319148937,0.6295319176097567
وکغدیر,1399,بین المللی توسعه ص. معادن غدیر,73bf244809872c7af2d8c624,0.9999978542087187,,,,0.4166666666666667,1.0,,0.43356643356643354,
وکغدیر,1400,بین المللی توسعه ص. معادن غدیر,b542941d0697e1419f00e3f5,0.9999994186084916,2.2877053700680917e-10,,,0.36363636363636365,1.0,,0.8557806912991657,
وکغدیر,1401,بین المللی توسعه ص. معادن غدیر,1a2948b5015442d8aaaab5e7,,0.1373423020953786,,,0.7407407407407407,1.0,,0.8531914893617021,
پارسان,1392,گسترش نفت و گاز پارسیان,f6db403cf62492af8ec116a4,,,,,0.2222222222222222,0.9165120593691957,,0.9644839067702553,
پارسان,1394,گسترش نفت و گاز پارسیان,cfa897c955de14bc897e6003,0.0,,,,0.2727272727272727,0.9417852522639033,,0.9178498985801217,
پارسان,1395,گسترش نفت و گاز پارسیان,b44148415b4336ac375b232a,,,1.0,1.0,0.6666666666666666,0.8497854077253144,,0.9164265129682997,1.0
پارسان,1396,گسترش نفت و گاز پارسیان,45fe4e047fbdbf2c1f8e6ece,,,1.0,1.0,0.6666666666666666,0.7895705521472348,,0.9356884057971014,1.0
پارسان,1397,گسترش نفت و گاز پارسیان,d844a04b900fa16702293d5c,,,1.0,1.0,0.8,0.7142418661755624,,0.9491790461297889,1.0
پارسان,1398,گسترش نفت و گاز پارسیان,e6e9d42a12a3ced7eff6b621,0.9999999311795168,,,,0.5,0.8801017318638765,,0.9218436873747495,
پارسان,1399,گسترش نفت و گاز پارسیان,fb8db9ed61e5106f1574b681,0.9999991706898266,,,,0.4166666666666667,1.0,,0.9090909090909091,
پارسان,1400,گسترش نفت و گاز پارسیان,b5d8c29c49ccaa0b60b9b551,0.9999997922528243,,,,0.36363636363636365,1.0,,0.9070321811680572,
پارسان,1401,گسترش نفت و گاز پارسیان,bdb98499cb872d2813855c7a,,,,,0.7407407407407407,1.0,,0.8468085106382979,
پارسیان,1393,بیمه پارسیان,85f74615761dd21e73188af2,0.8580215317551187,,0.9046563909152098,0.9046563909152098,0.0,0.0,,0.9891625615763546,0.28003131269332465
پارسیان,1394,بیمه پارسیان,fd6aba33e0edb5d23bd685be,0.5652403515954354,,0.8853579756270692,0.8853579756270692,0.2727272727272727,0.36998706338938914,,0.9918864097363083,0.06865273607531674
پارسیان,1395,بیمه پارسیان,871603e0af8d9b9497979443,0.9937983005196878,,0.0,0.0,0.3333333333333333,0.0,,0.9135446685878963,0.12207306397646299
پارسیان,1396,بیمه پارسیان,2b9e5d69e5d6c1e63e4a912e,0.8826104269103274,,0.0,0.0,0.3333333333333333,0.0,,0.9402173913043478,0.40452611266229693
پارسیان,1397,بیمه پارسیان,490c0bc84ea6e40b4bf3e5cf,0.9999999550708956,,,,0.3,0.0,,0.9695074276778733,
پارسیان,1398,بیمه پارسیان,6d82d714a24c919796dd5dff,,,,,0.2857142857142857,0.0,,0.9178356713426854,
پارسیان,1399,بیمه پارسیان,b1d3aa375756ec27bc4ac978,,,,,,,,0.9755244755244755,
پارسیان,1400,بیمه پارسیان,e761fd7ec7bdbf4ae1999233,0.99999816549654,,0.950985514316011,0.950985514316011,0.2727272727272727,0.5424776734600514,,0.9582836710369488,0.7165830942239613
پارسیان,1401,بیمه پارسیان,af427d584ecec8a7ebbd8a0c,,,0.9418887998856856,0.9418887998856856,0.7037037037037037,0.8859784283513115,,0.9425531914893617,0.6841078381782292
پاسا,1392,ایران یاساتایرورابر,08085dc95c8f247237c15ba4,0.6511858867184849,,0.7674241192344398,0.7674241192344398,1.0,0.9102744546094192,,0.9378468368479467,0.564198073164123
پاسا,1393,ایران یاساتایرورابر,c903a0ae582919eb06480cea,,0.9482520950172052,0.9743803231764587,0.9743803231764587,1.0,0.9522237587545106,,0.967487684729064,0.36030131135450705
پاسا,1394,ایران یاساتایرورابر,e929e09bd73c47dbce5276e4,,,1.0,1.0,0.8181818181818182,0.878252120166735,,0.9421906693711968,0.1644427147373745
پاسا,1395,ایران یاساتایرورابر,6a60c0ebed8e778cdbc80c26,,,1.0,1.0,1.0,0.896518836432998,1.0,0.920268972142171,1.0
پاسا,1396,ایران یاساتایرورابر,8a962a1eeb86c29b5024e86b,,,1.0,1.0,1.0,0.8329925017041594,1.0,0.9429347826086957,1.0
پاسا,1397,ایران یاساتایرورابر,4f52c22a38387f66f6fdf214,0.9999999070911744,,,,1.0,1.0,0.9999995460753847,0.9507427677873339,
پاسا,1398,ایران یاساتایرورابر,1983c9c693bbb67bed1e6263,0.9992223860251009,3.1612347966473417e-10,0.9230871860271231,0.9230871860271231,0.7857142857142857,0.4975755699989719,0.9997438203635348,0.8517034068136272,0.8811641360692819
پاسا,1399,ایران یاساتایرورابر,534c6ed850fa4ef4bfc6389d,0.9999998027085552,0.0007678792342657244,0.4381645682562946,0.4381645682562946,0.8333333333333334,0.43586005830903374,0.377051299454888,0.9300699300699301,0.4354815845401366
پاسا,1400,ایران یاساتایرورابر,0055c0588a0832f5c7122417,0.0028220804711128755,0.8634139438117373,0.8036697422002027,0.8036697422002027,0.7272727272727273,0.17380352644837097,0.4423983201253784,0.933253873659118,0.5583639823350752
پاسا,1401,ایران یاساتایرورابر,bc423b34f9a8dbd74b3f91f2,,9.710045574643812e-08,0.7129582953912842,0.7129582953912842,0.8518518518518519,0.7796610169491517,0.1578696538379566,0.9085106382978724,0.8321197938331106
پاکشو,1392,گروه صنعتی پاکشو,2176c36e58d904563a89487e,0.6511858867184849,,0.8132899805579198,0.8132899805579198,1.0,0.9102744546094192,,0.9345172031076582,0.5895368254859586
پاکشو,1393,گروه صنعتی پاکشو,861cebd31d103ae031754965,,0.1341335560044844,0.0,0.0,1.0,0.9522237587545106,,0.9556650246305418,1.0
پاکشو,1394,گروه صنعتی پاکشو,fadbed1a24a0227be659c916,,,1.0,1.0,0.8181818181818182,0.878252120166735,,0.9594320486815415,0.1644427147373745
پاکشو,1395,گروه صنعتی پاکشو,59fa7e3474fb3cad5b366e5b,,,1.0,1.0,1.0,0.896518836432998,1.0,0.9154658981748319,1.0
پاکشو,1396,گروه صنعتی پاکشو,108ce4f43097d7dc57e9a1d8,,,1.0,1.0,1.0,0.8329925017041594,1.0,0.9221014492753623,1.0
پاکشو,1397,گروه صنعتی پاکشو,21c62d70958a353cdd49cb9c,0.9999999134348438,,,,1.0,1.0,0.9999973604630803,0.9405785770132916,
پاکشو,1398,گروه صنعتی پاکشو,97d0957f4c9940ddb4220a7e,0.9999997741891645,0.6937238662029738,0.6666530242832291,0.6666530242832291,0.7857142857142857,0.4975755699989719,0.0,0.845691382765531,0.6503337914242976
پاکشو,1399,گروه صنعتی پاکشو,fc65925867e73fea65ab6b17,0.9999998266853527,5.531887732651086e-10,0.24476342132353013,0.24476342132353013,0.75,0.504157218442935,0.3637527138447443,0.8962703962703963,0.3096962427973478
پاکشو,1400,گروه صنعتی پاکشو,37cb95e85df4e31e3e1a1d91,0.9999998085453362,0.43283328952745437,0.9881342351452094,0.9881342351452094,0.7272727272727273,0.17380352644837097,0.45041418374005315,0.833134684147795,0.6773222966809773
پاکشو,1401,گروه صنعتی پاکشو,264172cfb5b148b0e67d5cc9,,2.3166936827733137e-09,0.676582126218376,0.676582126218376,0.8518518518518519,0.7796610169491517,0.12702759052757762,0.823404255319149,0.43743512418271296
پتایر,1392,ایران  تایر,0a1b29a1529a54ed410a3476,0.6511858867184849,,0.6847670391747731,0.6847670391747731,1.0,0.9102744546094192,,0.8945615982241953,0.8668369456554308
پتایر,1393,ایران  تایر,e69b059dfc3e7f0027965428,,,0.6877044007114557,0.6877044007114557,1.0,0.9522237587545106,,0.9211822660098522,0.5505365198284038
پتایر,1394,ایران  تایر,9e8786c86ba49baa4baa1c11,,,1.0,1.0,0.8181818181818182,0.878252120166735,,0.9300202839756593,0.1644427147373745
پتایر,1395,ایران  تایر,9f6ef00b26c38864158e5e7f,,,1.0,1.0,1.0,0.896518836432998,,0.9615754082612872,1.0
پتایر,1396,ایران  تایر,c20e190ec7df5d22a1aa56d5,,,1.0,1.0,1.0,0.8329925017041594,,0.9519927536231884,1.0
پتایر,1397,ایران  تایر,cff371a910825eb7bb1c43ff,0.9999998538995661,,,,1.0,1.0,,0.9609069585613761,
پتایر,1398,ایران  تایر,d8815513a4056740d348ecbf,0.8598607145805878,,0.9438827281270112,0.9438827281270112,0.8571428571428571,0.4448865897333848,,0.9178356713426854,0.8694636547983219
پتایر,1399,ایران  تایر,5ebf082c1aa13f076d94e29a,0.9999995110170233,,,,0.0,0.0,,0.9055944055944056,
پتایر,1400,ایران  تایر,9905f0b583c7a37ae136c463,0.9999999476931015,,0.9925624834086036,0.9925624834086036,0.8181818181818182,0.060003598416694746,,0.9129916567342073,0.6801780058774112
پتایر,1401,ایران  تایر,bb033c2fc7d0460b6d0ca018,,,0.9185780716772971,0.9185780716772971,0.8888888888888888,0.7507846829880711,,0.8404255319148937,0.6991790777121787
پترول,1392,گ.س.وت.ص.پتروشیمی خلیج فارس,0aa33fe11eeff1055181d639,0.664954062535792,,,,0.2222222222222222,0.9165120593691957,,0.9245283018867925,
پترول,1393,گ.س.وت.ص.پتروشیمی خلیج فارس,b2abd7cb524b21e3bd035dd9,,,,,0.125,0.9555451017287978,,0.8896551724137931,
پترول,1395,گ.س.وت.ص.پتروشیمی خلیج فارس,a1f89d29a021b29c0c19ae79,,5.612745863737443e-10,1.0,1.0,0.6666666666666666,0.8497854077253144,,0.9231508165225745,1.0
پترول,1396,گ.س.وت.ص.پتروشیمی خلیج فارس,d484bf4b6625f5dc08b54c9a,,,1.0,1.0,0.6666666666666666,0.7895705521472348,,0.9356884057971014,1.0
پترول,1397,گ.س.وت.ص.پتروشیمی خلیج فارس,9939babe8abb04eb72da501c,,,1.0,1.0,0.8,0.7142418661755624,1.0,0.9507427677873339,1.0
پترول,1398,گ.س.وت.ص.پتروشیمی خلیج فارس,00acf186d49fbfcde8d9f812,0.9999994949102791,,,,0.5,0.8801017318638765,0.9530747236320496,0.9549098196392786,
پترول,1399,گ.س.وت.ص.پتروشیمی خلیج فارس,cc283405d14bb63c0e7a04c7,0.9999980216135064,0.921592115992631,,,0.4166666666666667,1.0,0.912650893113533,0.9335664335664335,
پترول,1400,گ.س.وت.ص.پتروشیمی خلیج فارس,50d287094c8b51e3490e9e09,0.9999995917606762,2.0814408331977474e-10,,,0.36363636363636365,1.0,0.2820409129162219,0.9511323003575686,
پترول,1401,گ.س.وت.ص.پتروشیمی خلیج فارس,a439cb5909dc37334f185b83,,9.536850093015766e-10,,,0.7407407407407407,1.0,0.22490866313216584,0.8659574468085106,
پدرخش,1392,درخشان  تهران,0aced6111573a28b16e9f394,0.6511858867184849,,0.9403633244485496,0.9403633244485496,1.0,0.9102744546094192,,0.9378468368479467,0.659738929941016
پدرخش,1393,درخشان  تهران,c957551348997b7cd47dd451,,0.2505176654817374,0.7470567711653975,0.7470567711653975,1.0,0.9522237587545106,,0.9270935960591133,0.5111508941726463
پدرخش,1394,درخشان  تهران,f04e08ad7a209f69ba12750b,,,1.0,1.0,0.8181818181818182,0.878252120166735,,0.9219066937119675,0.1644427147373745
پدرخش,1395,درخشان  تهران,73dbf8dde654bf7c4bcd5881,,,1.0,1.0,1.0,0.896518836432998,1.0,0.914505283381364,1.0
پدرخش,1396,درخشان  تهران,bde6273fa2b1dbaa19f940a6,,,1.0,1.0,1.0,0.8329925017041594,1.0,0.9338768115942029,1.0
پدرخش,1397,درخشان  تهران,77e9386185727f516d8ad8e2,0.9999999884092493,,,,1.0,1.0,0.9999955437764416,0.9788897576231431,
پدرخش,1398,درخشان  تهران,ac14f0af6949898120b87acf,0.9999994747041031,0.2047027900770009,0.7124674105493201,0.7124674105493201,0.8571428571428571,0.4448865897333848,0.0,0.8527054108216433,0.6761109683727075
پدرخش,1399,درخشان  تهران,40ce852f7f0b7b89ae535165,0.999999623184024,0.931799420865801,0.10729739374650205,0.10729739374650205,0.75,0.504157218442935,0.0,0.9067599067599068,0.22029030322031223
پدرخش,1400,درخشان  تهران,6157462a7b4386c3f479f0dd,0.9999988386727127,0.9576904016505084,0.37405764476506687,0.37405764476506687,0.7272727272727273,0.17380352644837097,0.035561127073362675,0.9046483909415971,0.2813137483438262
پدرخش,1401,درخشان  تهران,10b781b402126d0d2903a766,,0.7451182894009621,0.8030917408729087,0.8030917408729087,0.8518518518518519,0.7796610169491517,0.4972202460209948,0.8425531914893617,0.5192282234270329
پرداخت,1395,به پرداخت ملت,530f1ad2e5f846c7c65bd2c2,,,1.0,1.0,1.0,0.896518836432998,,0.9817483189241114,1.0
پرداخت,1396,به پرداخت ملت,764776d34e9a3e50b8f0b55a,,,1.0,1.0,1.0,0.8329925017041594,,0.9846014492753623,1.0
پرداخت,1397,به پرداخت ملت,69959311b1401b1a68962c96,0.9999999660067723,,,,1.0,1.0,,0.9913995308835027,
پرداخت,1398,به پرداخت ملت,ae9211a2884f42b0f5d3ee56,0.9999999151253818,0.5419284581753878,0.9854947302853739,0.9854947302853739,0.7857142857142857,0.4975755699989719,0.303766992775237,0.9749498997995992,0.8460509228982629
پرداخت,1399,به پرداخت ملت,8555f0d4d69981f4de18ee67,0.9999999348976347,0.7674895984345459,0.9115153135355751,0.9115153135355751,0.75,0.504157218442935,0.5821229332952691,0.9813519813519813,0.8584407521371049
پرداخت,1400,به پرداخت ملت,ee4d24e5c330690473791d7c,,1.7004369528466273e-09,0.954836666386191,0.954836666386191,0.7272727272727273,0.17380352644837097,0.5863765325442284,0.99880810488677,0.7140995454865091
پردیس,1392,سرمایه گذاری پردیس,79ba9f48f8d91e5a9847d45e,0.7833768283332041,,,,0.3333333333333333,0.7670807453416002,,0.9955604883462819,
پردیس,1393,سرمایه گذاری پردیس,68dac84fc49c946c587ffaa0,0.870995980161727,,,,0.375,0.6853169469598959,,0.9881773399014778,
پردیس,1394,سرمایه گذاری پردیس,954cabcbb6f29e17583e3a3d,0.0,,,,0.2727272727272727,0.9417852522639033,,1.0,
پردیس,1395,سرمایه گذاری پردیس,f86343edacba86271e8fa840,,,1.0,1.0,0.6666666666666666,0.8497854077253144,,1.0,1.0
پردیس,1396,سرمایه گذاری پردیس,7d96a33934e82104418849a5,,,1.0,1.0,0.6666666666666666,0.7895705521472348,,1.0,1.0
پردیس,1397,سرمایه گذاری پردیس,2fb4ebe7ddeddeecdcf03c4e,,,1.0,1.0,0.8,0.7142418661755624,,0.9929632525410477,1.0
پردیس,1398,سرمایه گذاری پردیس,d7059eb3bbca5c9e5d4b3556,0.9999996284840096,,,,0.5,0.8801017318638765,,0.9819639278557114,
پردیس,1399,سرمایه گذاری پردیس,69be60688efb3539c58909e1,0.9999999784549217,,,,0.4166666666666667,1.0,,0.9685314685314685,
پردیس,1400,سرمایه گذاری پردیس,2532f8d0424b7cfde558faf8,0.9999997712793676,,,,0.36363636363636365,1.0,,0.9475566150178785,
پردیس,1401,سرمایه گذاری پردیس,0fad060d8c33f4e3972422c8,,,,,0.7407407407407407,1.0,,0.9446808510638298,
پسهند,1392,صنایع  لاستیکی   سهند,b08669455eedb192db3de039,0.6511858867184849,,0.0,0.0,1.0,0.9102744546094192,,0.9678135405105438,0.0
پسهند,1393,صنایع  لاستیکی   سهند,311d598cf349980ee646fc0b,,,0.8735366973179769,0.8735366973179769,1.0,0.9522237587545106,,0.9812807881773399,0.4272201094994537
پسهند,1394,صنایع  لاستیکی   سهند,f0014c520312bcbe1048cac1,,,1.0,1.0,0.8181818181818182,0.878252120166735,,0.9726166328600405,0.1644427147373745
پسهند,1395,صنایع  لاستیکی   سهند,e617d2b2c012a53eaff7a0e9,,,1.0,1.0,1.0,0.896518836432998,,0.9692603266090298,1.0
پسهند,1396,صنایع  لاستیکی   سهند,7d222a5fcc6355f182c9617a,,,1.0,1.0,1.0,0.8329925017041594,,0.9846014492753623,1.0
پسهند,1397,صنایع  لاستیکی   سهند,52772873a19ab212dc8ecfc8,0.9999994650098735,,,,1.0,1.0,,0.9913995308835027,
پسهند,1398,صنایع  لاستیکی   سهند,a1cc1308e8ad071d0a37e4d4,0.6175580838674636,,0.8465862772972744,0.8465862772972744,0.7857142857142857,0.4975755699989719,,0.9859719438877755,0.7515721071556808
پسهند,1399,صنایع  لاستیکی   سهند,6df82d4da3f47a1199e9382b,0.9999995341479322,,0.9043905970146157,0.9043905970146157,0.75,0.504157218442935,,0.9941724941724942,0.7387083300213118
پسهند,1400,صنایع  لاستیکی   سهند,e5474e8aeba0e7998172a10b,0.27892394502597917,,0.9999997542654385,0.9999997542654385,0.7272727272727273,0.17380352644837097,,0.9904648390941597,0.6849741874641122
پسهند,1401,صنایع  لاستیکی   سهند,c3896d4a5da1c0ea8f0daf18,,,0.0,0.0,0.8518518518518519,0.7796610169491517,,0.9914893617021276,0.0
پلاسک,1392,پلاسکوکار,64b7f909c4ddd4c4b70a8984,0.6511858867184849,,0.7181922925898632,0.7181922925898632,1.0,0.9102744546094192,,0.9422863485016648,0.8483710498204825
پلاسک,1393,پلاسکوکار,75705c746c8c7b63f476dd63,,0.40694535136168997,0.8806204305032268,0.8806204305032268,1.0,0.9522237587545106,,0.9645320197044335,0.4225194166485082
پلاسک,1394,پلاسکوکار,affbbd4341a6a02a05f50997,,,1.0,1.0,0.8181818181818182,0.878252120166735,,0.9594320486815415,0.1644427147373745
پلاسک,1395,پلاسکوکار,a9df6fd4db93423b3f83e52f,,,1.0,1.0,1.0,0.896518836432998,1.0,0.9250720461095101,1.0
پلاسک,1396,پلاسکوکار,5c680a3a71e477369a5cd8af,,,1.0,1.0,1.0,0.8329925017041594,1.0,0.9375,1.0
پلاسک,1397,پلاسکوکار,12e54124d437922b2fdb5d64,0.9999999145130812,,,,1.0,1.0,0.9999996033196084,0.9452697419859265,
پلاسک,1398,پلاسکوکار,b96e4b4138bf8222a9b20fea,0.9999942592126374,1.8434883162669423e-10,0.9933538148161963,0.9933538148161963,0.7857142857142857,0.4975755699989719,0.9993049896524004,0.9298597194388778,0.841629058302568
پلاسک,1399,پلاسکوکار,bcfe19cf9f817ee25af7d910,0.9999995475354891,3.8208096295187275e-11,0.9612196404311364,0.9612196404311364,0.75,0.504157218442935,0.9364837093251062,0.9347319347319347,0.7756691276196214
پلاسک,1400,پلاسکوکار,4bfeac27cb8bfdfc80f29827,0.9999994614694627,0.8028512825788005,0.9653033338906101,0.9653033338906101,0.7272727272727273,0.17380352644837097,0.9498008565997897,0.9249106078665077,0.7073497525953865
پلاسک,1401,پلاسکوکار,4aad1b9c88292aa0de862ddb,,0.6045168710818849,0.8997492448570168,0.8997492448570168,0.8518518518518519,0.7796610169491517,0.9371650158130401,0.8659574468085106,0.7113526038506532
پکرمان,1392,گروه  صنعتی  بارز,80c9d152107364cef6ab5e80,0.6511858867184849,,0.9824554422471782,0.9824554422471782,1.0,0.9102744546094192,,0.9500554938956715,0.7023779668664952
پکرمان,1393,گروه  صنعتی  بارز,567a3fe47682b9edee15a4df,,,0.19861169981813187,0.19861169981813187,1.0,0.9522237587545106,,0.9724137931034482,0.8750934310523005
پکرمان,1394,گروه  صنعتی  بارز,78f8742ed60670d280476b09,,,1.0,1.0,0.8181818181818182,0.878252120166735,,0.9594320486815415,0.1644427147373745
پکرمان,1395,گروه  صنعتی  بارز,20883f93df6b86296bcdc902,,,1.0,1.0,1.0,0.896518836432998,,0.9538904899135446,1.0
پکرمان,1396,گروه  صنعتی  بارز,a8dfc29cc9f46c7ab8f176b7,,,1.0,1.0,1.0,0.8329925017041594,,0.970108695652174,1.0
پکرمان,1397,گروه  صنعتی  بارز,42f0f9ee7c342415135fbe49,0.7488539748240286,,,,1.0,1.0,,0.9702892885066459,
پکرمان,1398,گروه  صنعتی  بارز,912a29b205d6f4f02b8efc74,0.9999994215151699,,0.9713923327551298,0.9713923327551298,0.8571428571428571,0.4448865897333848,,0.9398797595190381,0.8539855483764388
پکرمان,1399,گروه  صنعتی  بارز,9b1bbf7a6883a384b6c4eca0,0.9999995341476088,,0.5771250399862733,0.5771250399862733,0.8333333333333334,0.43586005830903374,,0.9172494172494172,0.5258594892346269
پکرمان,1400,گروه  صنعتی  بارز,570df81a42650f369c048f92,0.9999996151374813,,0.9999998610282627,0.9999998610282627,0.8181818181818182,0.060003598416694746,,0.9117997616209773,0.6849744958939112
پکرمان,1401,گروه  صنعتی  بارز,cf97d0d1ec10caaa8b0d7678,,,0.461768251211229,0.461768251211229,0.8888888888888888,0.7507846829880711,,0.8659574468085106,0.9945233571425832
پکویر,1392,کویر تایر,d55459e61a27b4dbc747884b,0.8964399275323574,,0.9703664498660846,0.9703664498660846,1.0,0.9102744546094192,,0.9778024417314095,0.7090565721499476
پکویر,1393,کویر تایر,438065a3f4801d4c8dadbe5d,0.707548045216801,,0.7458478892753175,0.7458478892753175,1.0,0.9522237587545106,,0.9822660098522168,0.5119530958239125
پکویر,1394,کویر تایر,8039130f5a619044848520d5,,,0.8260616627467491,0.8260616627467491,1.0,0.9522237587545106,,0.9776876267748479,0.0191072698589532
پکویر,1395,کویر تایر,ffaac40ddd5f3920c18cc5f8,,,1.0,1.0,1.0,0.896518836432998,,0.9606147934678194,1.0
پکویر,1396,کویر تایر,f551610c5ec87a3ad0b4c7ef,,,1.0,1.0,1.0,0.8329925017041594,,0.970108695652174,1.0
پکویر,1397,کویر تایر,037af38187cf60bbb07ce140,,,,,1.0,1.0,,0.9796716184519155,
پکویر,1398,کویر تایر,1153d63feeff390e0d59f0a2,,,,,,,,0.968937875751503,
پکویر,1399,کویر تایر,2eb10d85ca6f4cd4e047c181,0.9999998308552065,,0.8364212062362575,0.8364212062362575,0.75,0.504157218442935,,0.965034965034965,0.6945020097243738
پکویر,1400,کویر تایر,25de46709e654d33216e6a4a,0.9999997905175647,,0.7283511923927852,0.7283511923927852,0.7272727272727273,0.17380352644837097,,0.9630512514898689,0.5097922080004917
پکویر,1401,کویر تایر,45fd993c7511a77dfb8fd3b3,,,0.8826473279941944,0.8826473279941944,0.8888888888888888,0.794099183929693,,0.9234042553191489,0.7224096194541612
پی_پاد,1396,پرداخت الکترونیک پاسارگاد,3a41530dead661371e33f2bd,0.47811746094845897,,,,0.8888888888888888,1.0,,0.0,
پی_پاد,1397,پرداخت الکترونیک پاسارگاد,9c960dfe718d9e79852b0221,0.9999998331974351,,,,1.0,1.0,,0.0,
پی_پاد,1398,پرداخت الکترونیک پاسارگاد,ef0043fcccb1fcc9e47d3516,0.9999996674331025,,0.9476605183385914,0.9476605183385914,0.6428571428571429,0.5286908077994453,,0.0761523046092184,0.8673381048413218
پی_پاد,1399,پرداخت الکترونیک پاسارگاد,b1ec891b29b0a319434793a0,0.9999993189787656,,0.8003906839489701,0.8003906839489701,0.5833333333333334,0.544489795918368,,0.35780885780885785,0.9307146229505562
پی_پاد,1400,پرداخت الکترونیک پاسارگاد,87085d3d546b13d825aa7211,,,0.9058039504764633,0.9058039504764633,0.5454545454545454,0.24100755667506804,,0.8128724672228844,0.7457199898294842
چافست,1392,افست,5560cd1e8a6ad59f10be047a,0.5437863165132102,,0.6935658357803973,0.6935658357803973,1.0,0.9102744546094192,,0.9123196448390677,0.5233948112748743
چافست,1393,افست,ad9147b597791d5d42aaa4ed,0.707548045216801,,0.9593437738881972,0.9593437738881972,1.0,0.9522237587545106,,0.9467980295566503,0.37027941158693817
چافست,1394,افست,ee9c1de026c09fa9e42978bf,,,0.8157368400407277,0.8157368400407277,1.0,0.9522237587545106,,0.9432048681541583,0.318405140446857
چافست,1395,افست,b08495c196d7c482113df0f6,,,1.0,1.0,1.0,0.896518836432998,,0.9385206532180596,1.0
چافست,1396,افست,a0f95595552796463c617227,,,1.0,1.0,1.0,0.8329925017041594,,0.9338768115942029,1.0
چافست,1397,افست,05420efb0fe3ad0ac769822c,,,,,1.0,1.0,,0.9452697419859265,
چافست,1398,افست,14cc41b91ffa5a3ab3b16da3,,,,,,,,0.9178356713426854,
چافست,1399,افست,725737b85a325b3a26e61a31,0.9999995341478607,,0.9343580366261941,0.9343580366261941,0.9166666666666666,0.46938775510203956,,0.9114219114219114,0.7581987244294134
چافست,1400,افست,70b6e59572069267f854e516,0.9999999085162385,,0.9999995965294666,0.9999995965294666,0.9090909090909091,0.11586901763224441,,0.9070321811680572,0.6849740857426099
چافست,1401,افست,cc49e65e98c48a9fdce72a18,,,0.8843965307230393,0.8843965307230393,0.9629629629629629,0.7796610169491517,,0.8297872340425532,0.7212786958260279
چفیبر,1392,تولید فیبر ایران,be26d4d9ee99e1a91533ffaa,0.6511858867184849,,0.7426481347969645,0.7426481347969645,1.0,0.9102744546094192,,0.9134295227524972,0.5505104956265905
چفیبر,1393,تولید فیبر ایران,53a3698b4a2ea90669e29995,,0.5902238677004752,0.8314395387177734,0.8314395387177734,1.0,0.9522237587545106,,0.9280788177339901,0.231445358833589
چفیبر,1394,تولید فیبر ایران,6849c2e4f9a03fedb5ec2bfa,,,1.0,1.0,0.8181818181818182,0.878252120166735,,0.920892494929006,0.1644427147373745
چفیبر,1395,تولید فیبر ایران,b787ea28476f37c3e9f455e7,,,1.0,1.0,1.0,0.896518836432998,1.0,0.9125840537944284,1.0
چفیبر,1396,تولید فیبر ایران,b4efd75d64e7a8882396f030,,,1.0,1.0,1.0,0.8329925017041594,1.0,0.9221014492753623,1.0
چفیبر,1397,تولید فیبر ایران,50d62c55e2d8d78d8daeb223,0.9999998201530147,,,,1.0,1.0,0.9999982412283663,0.9413604378420641,
چفیبر,1398,تولید فیبر ایران,97a311b9d822d5505e4364e1,0.9999988656158993,2.834852642857976e-10,0.9216232211871238,0.9216232211871238,0.7857142857142857,0.4975755699989719,0.982781759285005,0.9168336673346693,0.7937911727802303
چفیبر,1399,تولید فیبر ایران,b25e5cf6c204613e2b948fe8,0.9999996381664289,0.5530747704565987,0.6195574680770317,0.6195574680770317,0.75,0.504157218442935,0.9235922869121573,0.9370629370629371,0.5534569339913941
چفیبر,1400,تولید فیبر ایران,8fe47448fc658801a6942338,0.9999999130338497,0.9021478372564076,0.9779039875906269,0.9779039875906269,0.7272727272727273,0.17380352644837097,0.9222970676291645,0.8522050059594756,0.6992237848284769
چفیبر,1401,تولید فیبر ایران,5a3031b3b7a2edf4e6afdd19,,1.0,,,0.5555555555555556,0.6930320150659143,0.894686226023898,0.7914893617021277,
چکارن,1392,کارتن  ایران,48f257cb8755130e179ee32f,0.6511858867184849,,0.8730007550491365,0.8730007550491365,1.0,0.9102744546094192,,0.9622641509433962,0.6225242475493351
چکارن,1393,کارتن  ایران,4e1a56f205205dc5456a50a3,,0.6051255538975071,0.7795293183862037,0.7795293183862037,1.0,0.9522237587545106,,0.9694581280788177,0.19699826784042188
چکارن,1394,کارتن  ایران,f7d5b1148486596ab46077b7,,,1.0,1.0,0.8181818181818182,0.878252120166735,,0.9655172413793104,0.1644427147373745
چکارن,1395,کارتن  ایران,669ea48a2bd9e2d8654199f7,,,1.0,1.0,1.0,0.896518836432998,1.0,0.9567723342939481,1.0
چکارن,1396,کارتن  ایران,0e94adb4e5d484cb7b6b3da9,,,1.0,1.0,1.0,0.8329925017041594,1.0,0.9248188405797102,1.0
چکارن,1397,کارتن  ایران,544fa37a14f14d571e6fa476,0.9999999587755574,,,,1.0,1.0,0.9999996406837547,0.9397967161845191,
چکارن,1398,کارتن  ایران,c5f761921fefeacc9d29079d,0.9999996802543251,0.17694917166338658,0.9321998415746844,0.9321998415746844,0.8571428571428571,0.4448865897333848,0.9782359503895461,0.9148296593186372,0.7997420418732447
چکارن,1399,کارتن  ایران,566b6a2f484fe63d0d049af8,0.999999827279974,4.2493459732723e-10,0.9712852760397915,0.9712852760397915,0.8333333333333334,0.43586005830903374,0.9232504093976104,0.9032634032634033,0.7822156731544999
چکارن,1400,کارتن  ایران,811664259e474036cc7f8035,0.9999998893293772,1.4796345347928686e-09,0.9723942771421868,0.9723942771421868,0.8181818181818182,0.060003598416694746,0.953180368656025,0.8986889153754469,0.6671718398530985
چکارن,1401,کارتن  ایران,c75a1fd99c1156017db9706d,,0.45547307711663343,0.8760580519903065,0.8760580519903065,0.8888888888888888,0.7507846829880711,0.9887161130674216,0.7319148936170212,0.5664036159299254
چکاوه,1392,صنایع کاغذسازی کاوه,2d3c1d101add6ce5ede03836,0.6511858867184849,,0.7944110976846004,0.7944110976846004,1.0,0.9102744546094192,,0.9578246392896781,0.5791071219235163
چکاوه,1393,صنایع کاغذسازی کاوه,90ac252c9ef47c42c8e789d3,,0.8169073818558968,0.9183006815613911,0.9183006815613911,1.0,0.9522237587545106,,0.967487684729064,0.3975151876439822
چکاوه,1394,صنایع کاغذسازی کاوه,c3a8d6f82d5e916891f76441,,,1.0,1.0,0.8181818181818182,0.878252120166735,,0.947261663286004,0.1644427147373745
چکاوه,1395,صنایع کاغذسازی کاوه,2532382933180a8564a53c3c,,,1.0,1.0,1.0,0.896518836432998,1.0,0.9586935638808838,1.0
چکاوه,1396,صنایع کاغذسازی کاوه,f19356df47c2e39b58b0a37d,,,1.0,1.0,1.0,0.8329925017041594,1.0,0.967391304347826,1.0
چکاوه,1397,صنایع کاغذسازی کاوه,3c1625f6621b3195e192ad46,0.9998652399093344,,,,1.0,1.0,0.9999989760922049,0.9687255668491008,
چکاوه,1398,صنایع کاغذسازی کاوه,7bd88ac9fff826c94a260e20,0.999478480939945,7.68317393688596e-13,0.9803027480398925,0.9803027480398925,0.7857142857142857,0.4975755699989719,0.9999788452445715,0.9619238476953907,0.826806840351277
چکاوه,1399,صنایع کاغذسازی کاوه,f55405cb0c0d86ae6d644ee0,0.9999999851990289,4.216289345588912e-13,0.8497701759251868,0.8497701759251868,0.75,0.504157218442935,0.712296631354544,0.9603729603729604,0.7031839888173925
چکاوه,1400,صنایع کاغذسازی کاوه,bbe74559851f6604c47d4349,0.999999752977659,1.4598691938814507e-09,0.9351119677324051,0.9351119677324051,0.7272727272727273,0.17380352644837097,0.7882926685554182,0.867699642431466,0.6431290519349261
چکاوه,1401,صنایع کاغذسازی کاوه,a7155dccf9ac085948d219c6,,5.690663577587331e-10,0.7363667756315571,0.7363667756315571,0.8518518518518519,0.7796610169491517,0.8138662831966357,0.9468085106382979,0.476088089620103
چکاپا,1394,گروه صنایع کاغذ پارس,c4128e8bf998e390c3a59510,,,0.6252675398285212,0.6252675398285212,1.0,0.9522237587545106,,0.8843813387423936,0.4775531518580402
چکاپا,1395,گروه صنایع کاغذ پارس,9edd8b19feaa22d126763c25,,,1.0,1.0,1.0,0.896518836432998,,0.9279538904899135,1.0
چکاپا,1396,گروه صنایع کاغذ پارس,8fa72727a0e8a1fe34ded9dc,,,1.0,1.0,1.0,0.8329925017041594,,0.9320652173913043,1.0
چکاپا,1397,گروه صنایع کاغذ پارس,749e531918abe1eb3dcb52f3,,,,,1.0,1.0,,0.9788897576231431,
چکاپا,1398,گروه صنایع کاغذ پارس,fc37b5d6293e3be68cefcb5f,,,,,,,,0.9228456913827655,
چکاپا,1399,گروه صنایع کاغذ پارس,00941308a6ebdbe0d0df7358,0.9999994059519607,,0.9135638276671962,0.9135638276671962,0.75,0.504157218442935,,0.916083916083916,0.8571084278246721
چکاپا,1400,گروه صنایع کاغذ پارس,835d7fe529c152de494442ba,0.9999998761171813,6.025445763149676e-10,0.8410707701816647,0.8410707701816647,0.7272727272727273,0.17380352644837097,,0.9189511323003575,0.5824833300341744
چکاپا,1401,گروه صنایع کاغذ پارس,75f9f6b0af22a8022fcdbfeb,,0.8208430694863602,0.9299169033253158,0.9299169033253158,0.8888888888888888,0.794099183929693,,0.8574468085106383,0.6918481077710115
کاذر,1392,فرآورده های نسوزآذر,654b414e824f3baf02661f25,0.6511858867184849,,0.6643812186511288,0.6643812186511288,1.0,0.9102744546094192,,0.8990011098779134,0.5072716694934386
کاذر,1393,فرآورده های نسوزآذر,d1f01dd0509d1c42c8345552,,,0.9463629202492356,0.9463629202492356,1.0,0.9522237587545106,,0.9201970443349754,0.3788933732232819
کاذر,1394,فرآورده های نسوزآذر,cf7430e41f1fafcfe56a9e00,,,1.0,1.0,0.8181818181818182,0.878252120166735,,0.9259634888438134,0.1644427147373745
کاذر,1395,فرآورده های نسوزآذر,12eb1fa894b8f0de872059ed,,,1.0,1.0,1.0,0.896518836432998,,0.978866474543708,1.0
کاذر,1396,فرآورده های نسوزآذر,666754a129ad8974e074fc43,,,1.0,1.0,1.0,0.8329925017041594,,0.9909420289855072,1.0
کاذر,1397,فرآورده های نسوزآذر,52ef1deacf57c6752272dead,0.9999997436664066,,,,1.0,1.0,,0.9976544175136826,
کاذر,1398,فرآورده های نسوزآذر,dc379a4f3901d8d6730b5940,0.9999998789461588,,0.959778383694236,0.959778383694236,0.8571428571428571,0.4448865897333848,,0.9859719438877755,0.8152589355421014
کاذر,1399,فرآورده های نسوزآذر,96467aea0d26227330414730,0.9999999661306456,,0.8461591207177519,0.8461591207177519,0.75,0.504157218442935,,1.0,0.7008354101221628
کاذر,1400,فرآورده های نسوزآذر,c26e821e4b78a27c38142f3f,0.9999999515375495,,0.957527202209512,0.957527202209512,0.7272727272727273,0.17380352644837097,,0.9880810488676997,0.6575842918919174
کاذر,1401,فرآورده های نسوزآذر,ee6e2e40f032df6a16b4464a,,,0.8788304495745187,0.8788304495745187,0.8518518518518519,0.7796610169491517,,0.9914893617021276,0.5681960725062055
کالا,1392,بورس کالای ایران,ae76096eb21b2e8ca7842767,0.9864049609104452,,,,0.5555555555555556,0.8224489795918273,,0.9655937846836848,
کالا,1393,بورس کالای ایران,0095c25ec481fc6090f00887,0.707548045216801,,,,0.625,0.9184993531694685,,0.9655172413793104,
کالا,1394,بورس کالای ایران,57cb27f61eef4ae446e7dc19,,,1.0,1.0,0.8181818181818182,0.878252120166735,,0.9614604462474645,0.1644427147373745
کالا,1395,بورس کالای ایران,8dfed419b2dcadad9c61714a,,,1.0,1.0,1.0,0.896518836432998,,0.9692603266090298,1.0
کالا,1396,بورس کالای ایران,7e6ac369f41797c0ef9955d4,,,1.0,1.0,1.0,0.8329925017041594,,0.9764492753623188,1.0
کالا,1397,بورس کالای ایران,874ba962df9d457f0fbf6221,0.8788448468312445,,,,1.0,1.0,,0.9913995308835027,
کالا,1398,بورس کالای ایران,2e85c1a20fc589df635fde77,0.9999998020981339,,0.9960848717186599,0.9960848717186599,0.7857142857142857,0.4975755699989719,,0.968937875751503,0.8400924462737153
کالا,1399,بورس کالای ایران,cf39f33aea1da4f4b83f1ffd,0.9999997957249493,,1.0,1.0,0.75,0.504157218442935,,0.9790209790209791,0.8008913428286177
کالا,1400,بورس کالای ایران,ad1ebf6ca85a32f03e045929,0.9999996673042422,,0.7606459398320111,0.7606459398320111,0.7272727272727273,0.17380352644837097,,0.9499404052443385,0.5306185939150008
کالا,1401,بورس کالای ایران,970cc3b67ee024d4bbac4f17,,,0.8886491899140995,0.8886491899140995,0.8888888888888888,0.794099183929693,,0.9468085106382979,0.7185291959068595
کاما,1392,باما,7357984e240ad143e4c687dc,0.6511858867184849,,0.8744328600634774,0.8744328600634774,1.0,0.9102744546094192,,0.9644839067702553,0.6233154188739356
کاما,1393,باما,b58fd0c314c4eda75c00b99b,,0.40460524321914176,0.47470818446560314,0.47470818446560314,1.0,0.9522237587545106,,0.961576354679803,0.6918786292503329
کاما,1394,باما,5566e429f665e3a97945701e,,,1.0,1.0,0.8181818181818182,0.878252120166735,,0.9655172413793104,0.1644427147373745
کاما,1395,باما,df898329a976b37f29a32f11,,,1.0,1.0,1.0,0.896518836432998,1.0,0.9634966378482228,1.0
کاما,1396,باما,ea5545783af1d9ad210273d8,,,1.0,1.0,1.0,0.8329925017041594,1.0,0.9538043478260869,1.0
کاما,1397,باما,3ea38ba516c0edd27b94a3fa,0.9999998274991988,,,,1.0,1.0,0.9999908001218845,0.9718530101641908,
کاما,1398,باما,d444f74538dc61eb49d62f2a,0.999999945176568,0.8819324370981155,0.3852275448849858,0.3852275448849858,0.7857142857142857,0.4975755699989719,0.0,0.935871743486974,0.49199151137920055
کاما,1399,باما,bfdd85b188603aabc88f8ce3,0.999999732618481,1.3768632725291422e-09,0.5474299703574664,0.5474299703574664,0.75,0.504157218442935,0.0,0.9312354312354312,0.5065462403704208
کاما,1400,باما,1c79ad59c3ed320e35a984f3,0.9999992257053787,1.0,0.9395022732293915,0.9395022732293915,0.7272727272727273,0.17380352644837097,0.21418787534273742,0.9237187127532778,0.7239884597828448
کاما,1401,باما,513aa54cacd1fd557b025653,,5.410197227180961e-10,0.5925736534535105,0.5925736534535105,0.8888888888888888,0.7507846829880711,0.611172796385697,0.8787234042553191,0.38312056975944403
کاوه,1392,فولاد کاوه جنوب کیش,7582a07af2abdd6a6e00e606,0.6511858867184849,,0.7555274019637475,0.7555274019637475,1.0,0.9102744546094192,,0.7036625971143174,0.8277451406576429
کاوه,1393,فولاد کاوه جنوب کیش,82ba99dae9b613ac55f07a64,,,0.8403550760732825,0.8403550760732825,1.0,0.9522237587545106,,0.9261083743842364,0.4492390937961099
کاوه,1394,فولاد کاوه جنوب کیش,02a790392f296d3bbedc4899,,,1.0,1.0,0.8181818181818182,0.878252120166735,,0.920892494929006,0.1644427147373745
کاوه,1395,فولاد کاوه جنوب کیش,4f697a6ad13cc1302966ce8e,,,1.0,1.0,1.0,0.896518836432998,,0.9087415946205571,1.0
کاوه,1396,فولاد کاوه جنوب کیش,2e562d31883595caabf75adc,,,1.0,1.0,1.0,0.8329925017041594,,0.9375,1.0
کاوه,1397,فولاد کاوه جنوب کیش,cb6dfbcb19077d033e6b906b,0.8462972198747216,,,,1.0,1.0,,0.9343236903831118,
کاوه,1398,فولاد کاوه جنوب کیش,af71d57e8e7bd1cc812575fa,0.9999994909544906,,0.9910903275376707,0.9910903275376707,0.7857142857142857,0.4975755699989719,,0.9098196392785571,0.8429025952165003
کاوه,1399,فولاد کاوه جنوب کیش,4b22c6e6e80b892a8f23f839,0.9999995341476515,,0.8077622157993832,0.8077622157993832,0.8333333333333334,0.43586005830903374,,0.9195804195804196,0.6758626119582437
کاوه,1400,فولاد کاوه جنوب کیش,be10b1924899c2a179b714c9,0.9999998692697917,,0.9999999552337628,0.9999999552337628,0.7272727272727273,0.17380352644837097,,0.9082240762812872,0.6849744351422331
کاوه,1401,فولاد کاوه جنوب کیش,88c5a418ca7b73baf96fa374,,,0.8902527680827196,0.8902527680827196,0.8518518518518519,0.7796610169491517,,0.9212765957446809,0.7174924238903599
کبافق,1392,معادن  بافق,a41946230d78833a8309eaa9,0.6511858867184849,,0.16121581007868713,0.16121581007868713,1.0,0.9102744546094192,,0.9145394006659268,0.229296214616164
کبافق,1393,معادن  بافق,750e8503ea70e5962f265360,,,0.9028359902676975,0.9028359902676975,1.0,0.9522237587545106,,0.9201970443349754,0.407777398529863
کبافق,1394,معادن  بافق,44d1bde85ee55774635c3638,,,1.0,1.0,0.8181818181818182,0.878252120166735,,0.920892494929006,0.1644427147373745
کبافق,1395,معادن  بافق,75ebfe6ba88a5760eae6ffff,,,1.0,1.0,1.0,0.896518836432998,,0.9183477425552353,1.0
کبافق,1396,معادن  بافق,dce2ce55b8cff87cd4c70e5e,,,1.0,1.0,1.0,0.8329925017041594,,0.9365942028985508,1.0
کبافق,1397,معادن  بافق,fa2f0d50a3aaf5bcc1621300,0.9999988958175853,,,,1.0,1.0,,0.9429241594996091,
کبافق,1398,معادن  بافق,f4b33f55d400139455a1ac09,0.9999998296246484,,0.6231289207036093,0.6231289207036093,0.7857142857142857,0.4975755699989719,,0.908817635270541,0.62584522765796
کبافق,1399,معادن  بافق,3765c162f47109e8dcec792b,0.9999950874750266,,0.9702595702370613,0.9702595702370613,0.75,0.504157218442935,,0.9102564102564102,0.8202343271917999
کبافق,1400,معادن  بافق,cd94d551e15fb8823c3e1d48,0.9999996522258943,,0.0,0.0,0.7272727272727273,0.17380352644837097,,0.9070321811680572,0.0
کبافق,1401,معادن  بافق,0078fcc7ac698a0aab562d6a,,,0.798943350600581,0.798943350600581,0.8518518518518519,0.7796610169491517,,0.8425531914893617,0.5165461371826376
کحافظ,1392,کاشی  وسرامیک  حافظ,56605354b0f9279bca64b276,0.6511858867184849,,0.9238180793075519,0.9238180793075519,1.0,0.9102744546094192,,0.8912319644839067,0.6505984525437852
کحافظ,1393,کاشی  وسرامیک  حافظ,c487a26145ddd1ec84c7dbbd,,,0.7507365857547746,0.7507365857547746,1.0,0.9522237587545106,,0.9201970443349754,0.508709006868208
کحافظ,1394,کاشی  وسرامیک  حافظ,c8eeb495ad9a0b67b02b1c00,,,1.0,1.0,0.8181818181818182,0.878252120166735,,0.8904665314401623,0.1644427147373745
کحافظ,1395,کاشی  وسرامیک  حافظ,10f800b7b62d5f21d0b3e4d1,,,1.0,1.0,1.0,0.896518836432998,,0.9087415946205571,1.0
کحافظ,1396,کاشی  وسرامیک  حافظ,0820a73ce9bef2577a9a5f25,,,1.0,1.0,1.0,0.8329925017041594,,0.9239130434782609,1.0
کحافظ,1397,کاشی  وسرامیک  حافظ,86388697b1e12bede2e31579,0.9999998376503422,,,,1.0,1.0,,0.9288506645817045,
کحافظ,1398,کاشی  وسرامیک  حافظ,a751af646c64d9d8e6bc632a,0.9999983680978902,,0.9689860002360082,0.9689860002360082,0.7857142857142857,0.4975755699989719,,0.9519038076152304,0.8553394562686422
کحافظ,1399,کاشی  وسرامیک  حافظ,5ca9eb48fe7d20fadababa32,0.9999993302856683,,0.9489669832414572,0.9489669832414572,0.75,0.504157218442935,,0.9184149184149184,0.7677001745068622
کحافظ,1400,کاشی  وسرامیک  حافظ,4a6cf0b62c9568e8c865fab1,0.9999994423875589,,0.8749229099368432,0.8749229099368432,0.7272727272727273,0.17380352644837097,,0.899880810488677,0.604314054299784
کحافظ,1401,کاشی  وسرامیک  حافظ,cfec8bab9ed3112e679490e1,,,0.5567837401625665,0.5567837401625665,0.8518518518518519,0.7796610169491517,,0.823404255319149,0.35998108002385576
کخاک,1392,صنایع خاک چینی ایران,340c67ba87f9328f39f2e901,0.6511858867184849,,0.7767546383475858,0.7767546383475858,1.0,0.9102744546094192,,0.9722530521642619,0.8160180811478766
کخاک,1393,صنایع خاک چینی ایران,335ae65d82a4a8234b2c1c61,,,0.13198701282729375,0.13198701282729375,1.0,0.9522237587545106,,0.9822660098522168,0.9193048915413042
کخاک,1394,صنایع خاک چینی ایران,03816e3e87071785d4812629,,,1.0,1.0,1.0,0.6112325467279283,,0.9776876267748479,0.1644427147373745
کخاک,1395,صنایع خاک چینی ایران,2136b80456b28fffda7d9bfa,,,1.0,1.0,1.0,0.896518836432998,,0.9654178674351584,1.0
کخاک,1396,صنایع خاک چینی ایران,5ac547c774b16ebb2e04803d,,,1.0,1.0,1.0,0.8329925017041594,,0.9501811594202898,1.0
کخاک,1397,صنایع خاک چینی ایران,1e5531f263c305f71a2091fc,0.8245400402979943,,,,1.0,1.0,,0.9726348709929633,
کخاک,1398,صنایع خاک چینی ایران,a5dc4a031cdf5c2a734a938b,0.999999737289131,,0.9828084945398355,0.9828084945398355,0.8571428571428571,0.4448865897333848,,0.9819639278557114,0.8475623165844234
کخاک,1399,صنایع خاک چینی ایران,c955d87ba46f4c4aac0544e0,0.9999999462408965,,0.9269190214328066,0.9269190214328066,0.8333333333333334,0.43586005830903374,,0.9871794871794872,0.7533604952711583
کخاک,1400,صنایع خاک چینی ایران,3abd1260363bdb3cab8bcf29,0.999999784468352,,0.7658164670115497,0.7658164670115497,0.8181818181818182,0.060003598416694746,,0.9737783075089392,0.5339529873678425
کخاک,1401,صنایع خاک چینی ایران,9a3b38b93306977b551041e5,,,0.6565275378624782,0.6565275378624782,0.8888888888888888,0.7507846829880711,,0.9595744680851064,0.4244690983183763
کدما,1392,معدنی  دماوند,9991a5fa406988657d310146,0.6511858867184849,,0.3925383678698543,0.3925383678698543,1.0,0.9102744546094192,,0.9655937846836848,1.0
کدما,1393,معدنی  دماوند,306551f470aad117c091b398,,0.7095753571488809,0.6563335119406515,0.6563335119406515,1.0,0.9522237587545106,,0.9822660098522168,0.5713539205853646
کدما,1394,معدنی  دماوند,cf86668bda9d46ed4c3db5f1,,,1.0,1.0,1.0,0.6112325467279283,,0.9401622718052738,0.1644427147373745
کدما,1395,معدنی  دماوند,ef73812069e5272af2f3ed19,,,1.0,1.0,1.0,0.896518836432998,1.0,0.9423631123919308,1.0
کدما,1396,معدنی  دماوند,c811ef48ca00b6627c8dfb65,,,1.0,1.0,1.0,0.8329925017041594,1.0,0.9248188405797102,1.0
کدما,1397,معدنی  دماوند,782e03ae049b7d885acda216,0.9999999074601523,,,,1.0,1.0,0.9999992228650055,0.9390148553557467,
کدما,1398,معدنی  دماوند,b68210bd6bfadfad24468225,0.9999996968485249,0.5912129493012985,0.9980902204780393,0.9980902204780393,0.8571428571428571,0.4448865897333848,0.7938226928661094,0.9458917835671343,0.8368148501026254
کدما,1399,معدنی  دماوند,4d254c7dfdda3330ea096755,0.9999996998637704,1.0,0.7215256423316123,0.7215256423316123,0.8333333333333334,0.43586005830903374,0.7270206582019945,0.9032634032634033,0.9820073188250399
کدما,1400,معدنی  دماوند,de155604f6c7915550e6e545,,0.9691284953671946,0.04882595844897053,0.04882595844897053,0.8181818181818182,0.060003598416694746,0.7199432160672614,0.8283671036948749,1.0
کرازی,1392,کارخانجات تولیدی شیشه رازی,47c944141ecb72bcfb735cbe,0.6511858867184849,,0.9011032290977323,0.9011032290977323,1.0,0.9102744546094192,,0.9578246392896781,0.6380495556761367
کرازی,1393,کارخانجات تولیدی شیشه رازی,413420c334f902f857eb0f09,,,0.9906851242456027,0.9906851242456027,1.0,0.9522237587545106,,0.9645320197044335,0.3494816122188299
کرازی,1394,کارخانجات تولیدی شیشه رازی,2b9c798fc2228ab5a998db51,,,1.0,1.0,0.8181818181818182,0.878252120166735,,0.9543610547667343,0.1644427147373745
کرازی,1395,کارخانجات تولیدی شیشه رازی,1036e1b2dd71ff8b11bd0e8d,,,1.0,1.0,1.0,0.896518836432998,,0.9260326609029779,1.0
کرازی,1396,کارخانجات تولیدی شیشه رازی,05fe581e3ec2f1cb2866f7e8,,,1.0,1.0,1.0,0.8329925017041594,,0.9429347826086957,1.0
کرازی,1397,کارخانجات تولیدی شیشه رازی,b3cf86abda9ee5a1b1859127,0.999999883882631,,,,1.0,1.0,,0.9616888193901485,
کرازی,1398,کارخانجات تولیدی شیشه رازی,a7fb33f92ba2014f3e127a4d,0.9999997096022913,,0.9923630456599962,0.9923630456599962,0.8571428571428571,0.5224830879426994,,0.9158316633266533,0.8421865083512505
کرازی,1399,کارخانجات تولیدی شیشه رازی,20439cc27b9b24582a147981,0.9999997969878723,,0.976690342775921,0.976690342775921,0.8333333333333334,0.5364431486880459,,0.951048951048951,0.7857310513067453
کرازی,1400,کارخانجات تولیدی شیشه رازی,e90627fd39e86cf864b057d1,0.9999997250888863,,0.9883112030808193,0.9883112030808193,0.8181818181818182,0.22759985606333508,,0.9499404052443385,0.692512331626928
کرازی,1401,کارخانجات تولیدی شیشه رازی,c966ffa958a2da5d1c2f9295,,,0.9951903859428524,0.9951903859428524,0.8518518518518519,0.7796610169491517,,0.9212765957446809,0.6434270330100985
کرماشا,1392,صنایع پتروشیمی کرمانشاه,7cb4db5da3907e1fecf83439,0.6511858867184849,,0.8607243065417549,0.8607243065417549,1.0,0.9102744546094192,,0.9922308546059934,0.7696287500959041
کرماشا,1393,صنایع پتروشیمی کرمانشاه,71523d23e1c800f75c03b571,,,0.4241961112992946,0.4241961112992946,1.0,0.9522237587545106,,0.9793103448275862,0.7253979240924538
کرماشا,1394,صنایع پتروشیمی کرمانشاه,0865f6736c9ecdbb4d1b6456,,,0.16376294010596115,0.16376294010596115,1.0,0.9522237587545106,,0.9929006085192698,0.8631666823384372
کرماشا,1395,صنایع پتروشیمی کرمانشاه,51d5db23e67fca32d3af47b0,,,1.0,1.0,1.0,0.896518836432998,,0.989433237271854,1.0
کرماشا,1396,صنایع پتروشیمی کرمانشاه,dc916941c1f5c0378f9588cd,,,1.0,1.0,1.0,0.8329925017041594,,1.0,1.0
کرماشا,1397,صنایع پتروشیمی کرمانشاه,0810c04d58f3b2dd66f83edf,0.9999999694707487,,,,1.0,1.0,,0.9530883502736512,
کرماشا,1398,صنایع پتروشیمی کرمانشاه,93503ae179460f9d2909fc50,0.6354614784753171,,0.9749285512005148,0.9749285512005148,0.7857142857142857,0.4975755699989719,,0.9819639278557114,0.8519959172578313
کرماشا,1399,صنایع پتروشیمی کرمانشاه,0156daadef32648854979fd2,0.9999989840603937,,0.5491015043244489,0.5491015043244489,0.75,0.504157218442935,,0.9673659673659674,0.5076333821718325
کرماشا,1400,صنایع پتروشیمی کرمانشاه,613626d01434252f8deba0e1,0.9999998879742122,,0.44576195270904184,0.44576195270904184,0.7272727272727273,0.17380352644837097,,0.9213349225268177,0.3275547536894875
کرماشا,1401,صنایع پتروشیمی کرمانشاه,7ed9c2f80f67c2c093eb49b8,,,0.8998707439142621,0.8998707439142621,0.8518518518518519,0.7796610169491517,,0.8702127659574468,0.5817993933902335
کساپا,1392,سایپاشیشه,7ef47f6f49cbf15f9f482422,0.6511858867184849,,0.8823756748339852,0.8823756748339852,1.0,0.9102744546094192,,0.9367369589345172,0.7576673774593716
کساپا,1393,سایپاشیشه,8448966035664e4c1f2d932a,,0.43232719874653897,0.844865712542406,0.844865712542406,1.0,0.9522237587545106,,0.9448275862068966,0.4462458815944174
کساپا,1394,سایپاشیشه,f695d00bccebf45b27209c5d,,,1.0,1.0,0.8181818181818182,0.878252120166735,,0.936105476673428,0.1644427147373745
کساپا,1395,سایپاشیشه,53533f6c8bb3746259fb7256,,,1.0,1.0,1.0,0.896518836432998,1.0,0.9183477425552353,1.0
کساپا,1396,سایپاشیشه,829a912de1bb2583f2bca719,,,1.0,1.0,1.0,0.8329925017041594,1.0,0.9311594202898551,1.0
کساپا,1397,سایپاشیشه,d10341189dbed4e13d52d461,0.9999999899092429,,,,1.0,1.0,0.999999791846162,0.9562157935887412,
کساپا,1398,سایپاشیشه,b11ba180c8889c83d63ac808,0.9999994133004438,0.04161700298303606,0.8779063171424699,0.8779063171424699,0.7857142857142857,0.4975755699989719,0.9890446958853931,0.9298597194388778,0.9065848684383327
کساپا,1399,سایپاشیشه,283210a0839d4e19de0ef384,0.9999999350838545,0.5380631154745167,0.8919027281372581,0.8919027281372581,0.75,0.504157218442935,0.9112790571114948,0.9370629370629371,0.8711964973636033
کساپا,1400,سایپاشیشه,a5f1cdc81bff8b1557f9189a,0.9999967703529418,0.3640170997598655,0.884208483923796,0.884208483923796,0.7272727272727273,0.17380352644837097,0.9463125518742568,0.9261025029797378,0.7596465740604368
کساپا,1401,سایپاشیشه,823f8917930707dab6abd71b,,0.41503072933075547,0.7750331385343746,0.7750331385343746,0.8518518518518519,0.7796610169491517,0.7726455855392509,0.8638297872340426,0.7919861342717939
کسرام,1392,پارس  سرام,5b25b4bed109bad0d1666a13,0.969788820257003,,0.9943674210726013,0.9943674210726013,1.0,0.9102744546094192,,0.9145394006659268,0.6957971533286966
کسرام,1393,پارس  سرام,bcce0a3b8a6ad82d52eeb00e,0.707548045216801,2.2662798132426005e-09,0.94402468190272,0.94402468190272,1.0,0.9522237587545106,,0.9379310344827586,0.38044500426186467
کسرام,1394,پارس  سرام,d96085276e47d7014b476e94,,0.5746373157038103,0.5908345114309486,0.5908345114309486,1.0,0.9522237587545106,,0.9290060851926978,0.0
کسرام,1395,پارس  سرام,b8fd8c4f30ce0f0b4bad5319,,,1.0,1.0,1.0,0.896518836432998,0.7861115788874632,0.9269932756964457,1.0
کسرام,1396,پارس  سرام,54871696d6ac4d9002cb1527,,,1.0,1.0,1.0,0.8329925017041594,0.8026742229399795,0.9402173913043478,1.0
کسرام,1397,پارس  سرام,d7234fb2619f7f51ec54ebad,,,,,1.0,1.0,0.9999998850754845,0.9554339327599687,
کسرام,1398,پارس  سرام,3aef69a9809d752267bead02,,,,,,,0.9999999531721492,0.9228456913827655,
کسرام,1399,پارس  سرام,e1660fbf89e5e10610d3959a,0.9999999977736072,,0.9861295744054562,0.9861295744054562,0.5,0.5476190476190427,,0.9463869463869464,0.8099127033056965
کسرام,1400,پارس  سرام,106a61928f0186b898715ba9,0.0,0.09624343840932406,0.8505601696937923,0.8505601696937923,0.7272727272727273,0.17380352644837097,,0.9558998808104887,0.7813458543797976
کسرام,1401,پارس  سرام,88dfc973497a493c0dadeac8,,0.0,0.565956138916849,0.565956138916849,0.8888888888888888,0.794099183929693,,0.874468085106383,0.36591137175437943
کسعدی,1392,کاشی  سعدی,11577ad6aef6c2d50fb6eb10,0.6511858867184849,,0.9693466146808798,0.9693466146808798,1.0,0.9102744546094192,,0.9733629300776915,0.6757508479880654
کسعدی,1393,کاشی  سعدی,666dc8efc5901f4a5f6ceaed,,0.6266876030254133,0.8398088865040813,0.8398088865040813,1.0,0.9522237587545106,,0.9832512315270936,0.4496015396048469
کسعدی,1394,کاشی  سعدی,653af4a02b7431f1e134138a,,,1.0,1.0,0.8181818181818182,0.878252120166735,,0.9716024340770791,0.1644427147373745
کسعدی,1395,کاشی  سعدی,84d4a6af0143d4dcdc924642,,,1.0,1.0,1.0,0.896518836432998,1.0,0.968299711815562,1.0
کسعدی,1396,کاشی  سعدی,e9f349095959efaac4dea1c1,,,1.0,1.0,1.0,0.8329925017041594,1.0,0.9809782608695652,1.0
کسعدی,1397,کاشی  سعدی,1fb015abcf40e2c06b1ec0fa,0.8643417310518311,,,,1.0,1.0,0.9999999610968409,0.9726348709929633,
کسعدی,1398,کاشی  سعدی,729459110b862cb170f4b87c,0.9999996384861894,6.723338237101625e-06,0.9173100645240214,0.9173100645240214,0.7857142857142857,0.4975755699989719,0.7867793031275464,0.9789579158316634,0.7913644022486933
کسعدی,1399,کاشی  سعدی,4a56c4f1b590718e6718d3d8,0.9999995341480631,5.708007919988415e-10,0.9193059439474693,0.9193059439474693,0.75,0.504157218442935,0.6775203720427309,0.9662004662004662,0.7484090584860373
کسعدی,1400,کاشی  سعدی,dbc8a67d75831149e6ce23fc,,0.8025089920295995,0.9999996966073722,0.9999996966073722,0.7272727272727273,0.17380352644837097,0.6975409251181259,0.9713945172824792,0.684974150281312
کسعدی,1401,کاشی  سعدی,dc07faf9db10f8fc1fec7878,,,,,0.37037037037037035,0.44980443285528,0.7057158692924668,0.951063829787234,
کطبس,1392,ذغال سنگ  نگین  ط بس,fe854206f35ad9ac961c8bad,0.6511858867184849,,0.7098931335987195,0.7098931335987195,1.0,0.9102744546094192,,0.9367369589345172,0.8529559486556533
کطبس,1393,ذغال سنگ  نگین  ط بس,6e4c3df71dbb63ca6c5cfa8c,,0.7685704698675919,0.5082968944731217,0.5082968944731217,1.0,0.9522237587545106,,0.9310344827586207,0.6695895050165752
کطبس,1394,ذغال سنگ  نگین  ط بس,793233172e5f1c098f8a3488,,,1.0,1.0,0.8181818181818182,0.878252120166735,,0.9401622718052738,0.1644427147373745
کطبس,1395,ذغال سنگ  نگین  ط بس,af9e453e0a9cec0d5cf7aa4c,,,1.0,1.0,1.0,0.896518836432998,1.0,0.9231508165225745,1.0
کطبس,1396,ذغال سنگ  نگین  ط بس,e703becd73dd0f1e14321bf2,,,1.0,1.0,1.0,0.8329925017041594,1.0,0.9501811594202898,1.0
کطبس,1397,ذغال سنگ  نگین  ط بس,f5fd7307223c8ccd88e170df,0.9999999323508024,,,,1.0,1.0,0.9999974991085302,0.9648162627052385,
کطبس,1398,ذغال سنگ  نگین  ط بس,e55408438ff273144e14a468,0.9999993695037691,0.43925732610465784,0.8935664321296423,0.8935664321296423,0.7857142857142857,0.4975755699989719,0.7706444973685236,0.935871743486974,0.8977738030076567
کطبس,1399,ذغال سنگ  نگین  ط بس,cd2e2fa1abb115b9d1d14a91,0.9999999004029246,0.7879168469221897,0.5885860319120819,0.5885860319120819,0.75,0.504157218442935,0.22095913307453596,0.9382284382284383,0.5333135545747895
کطبس,1400,ذغال سنگ  نگین  ط بس,e434dbfcc642a933850e1c92,0.999999936141929,9.996970316495942e-10,0.940525528256984,0.940525528256984,0.7272727272727273,0.17380352644837097,0.1844175336916446,0.9034564958283671,0.7233285783537143
کطبس,1401,ذغال سنگ  نگین  ط بس,5698473eefddb0ab16558078,,0.8359074277361132,0.9208384094804671,0.9208384094804671,0.8518518518518519,0.7796610169491517,0.3706582067445644,0.8659574468085106,0.6977176865383518
کفرا,1392,فراورده  های  نسوزایران,4dc777295f60e065a77287a8,0.6511858867184849,,0.8126791907114512,0.8126791907114512,1.0,0.9102744546094192,,0.9400665926748057,0.5891993925414162
کفرا,1393,فراورده  های  نسوزایران,c6aa6e65e9cd234937e197dc,,0.7392921011119434,0.3894643263620514,0.3894643263620514,1.0,0.9522237587545106,,0.961576354679803,0.748445581152016
کفرا,1394,فراورده  های  نسوزایران,1f0e8a27ebc0a2a8a7666985,,,1.0,1.0,0.8181818181818182,0.878252120166735,,0.9553752535496958,0.1644427147373745
کفرا,1395,فراورده  های  نسوزایران,ca1fcfba06e509902bc5cc79,,,1.0,1.0,1.0,0.896518836432998,1.0,0.9721421709894332,1.0
کفرا,1396,فراورده  های  نسوزایران,2154ec2e84adb83dcbd88edf,,,1.0,1.0,1.0,0.8329925017041594,1.0,0.9782608695652174,1.0
کفرا,1397,فراورده  های  نسوزایران,417c9d37f6b7c00e8918c3d2,0.999999998678703,,,,1.0,1.0,0.9999971002442005,0.9726348709929633,
کفرا,1398,فراورده  های  نسوزایران,a4c98b76132b79ba170bb72d,0.657012899796384,0.029217901710758717,0.884385603857067,0.884385603857067,0.7857142857142857,0.4975755699989719,0.4501593869660663,0.9759519038076152,0.7728396610546547
کفرا,1399,فراورده  های  نسوزایران,8ce644439f8ac7983ba54187,0.9999995341478952,5.453106741171297e-09,0.5812031652033764,0.5812031652033764,0.75,0.504157218442935,0.38173099596424676,0.9755244755244755,0.5285118435884589
کفرا,1400,فراورده  های  نسوزایران,e88eddbb755ba12d78f45a51,0.9999998996821967,0.9603712446128837,0.9999993579938706,0.9999993579938706,0.7272727272727273,0.17380352644837097,0.41203434456655963,0.9713945172824792,0.6849748202930538
کفرا,1401,فراورده  های  نسوزایران,773c2ecd765fc47c5c7321a3,,1.5203501292182698e-09,0.8314119002438268,0.8314119002438268,0.8518518518518519,0.7796610169491517,0.5016406315323525,0.9234042553191489,0.7555351999743043
کفپارس,1392,فرآورده های  نسوز پارس,350b831852e27fbac1e1a6a6,0.6511858867184849,,0.915662129345183,0.915662129345183,1.0,0.9102744546094192,,0.902330743618202,0.739278161554698
کفپارس,1393,فرآورده های  نسوز پارس,28f64a4516421cca6bc7e8a4,,,0.819098492440274,0.819098492440274,1.0,0.9522237587545106,,0.838423645320197,0.4633447451675181
کفپارس,1394,فرآورده های  نسوز پارس,4a9798211f1528c58e5c3b23,,,0.992025871696357,0.992025871696357,1.0,0.9522237587545106,,0.9168356997971603,0.17110555573510225
کفپارس,1395,فرآورده های  نسوز پارس,43073f4bbc64d48d9ae4b925,,,1.0,1.0,1.0,0.896518836432998,,0.9173871277617676,1.0
کفپارس,1396,فرآورده های  نسوز پارس,868f5e7efcc6cc9a1c8c4fa7,,,1.0,1.0,1.0,0.8329925017041594,,0.8442028985507246,1.0
کفپارس,1397,فرآورده های  نسوز پارس,949accf5f636f926f487f799,0.9999737402459513,,,,1.0,1.0,,0.9163408913213448,
کفپارس,1398,فرآورده های  نسوز پارس,f847c4186b0d29f7cc098956,0.9999995389416625,,,,0.7142857142857143,1.0,,0.9498997995991983,
کفپارس,1399,فرآورده های  نسوز پارس,b70d619e8ade51a2d3cd6ec4,0.9999970393429641,,,,0.3333333333333333,0.4267161410018513,,0.9358974358974359,
کفپارس,1400,فرآورده های  نسوز پارس,0efd6af1eef409a4ed4ef81a,0.9999999377285359,,0.9114394625334903,0.9114394625334903,0.7272727272727273,0.17380352644837097,,0.9356376638855781,0.7420857347808455
کفپارس,1401,فرآورده های  نسوز پارس,4c9b2dc3ce48abad0f670058,,,0.7861374901954561,0.7861374901954561,0.8888888888888888,0.794099183929693,,0.8574468085106383,0.5082666794205888
کلوند,1392,کاشی  الوند,544702d61198d94dc09dc700,0.6511858867184849,,0.9449414994433145,0.9449414994433145,1.0,0.9102744546094192,,0.946725860155383,0.6622681584114075
کلوند,1393,کاشی  الوند,5544e681f2d2320bf11c52e9,,,0.8564694121824579,0.8564694121824579,1.0,0.9522237587545106,,0.9724137931034482,0.4385457852587608
کلوند,1394,کاشی  الوند,19e74156c701bcccf63b4554,,,1.0,1.0,0.8181818181818182,0.878252120166735,,0.9695740365111561,0.1644427147373745
کلوند,1395,کاشی  الوند,e75e6261bca0b71191fbc7f1,,,1.0,1.0,1.0,0.896518836432998,,0.9615754082612872,1.0
کلوند,1396,کاشی  الوند,0f5afde10ff37ff1dae07408,,,1.0,1.0,1.0,0.8329925017041594,,0.9728260869565217,1.0
کلوند,1397,کاشی  الوند,06d11806f0153d175f3a76bb,0.9999999854196076,,,,1.0,1.0,,0.9781078967943706,
کلوند,1398,کاشی  الوند,d196f26f7beb81f3def8e3da,0.36115279721047266,,0.9441284839354067,0.9441284839354067,0.7857142857142857,0.4975755699989719,,0.9779559118236473,0.8064536176455525
کلوند,1399,کاشی  الوند,44d36e609514848595c9b154,0.9999995341479494,,0.48612914226750126,0.48612914226750126,0.75,0.504157218442935,,0.9277389277389277,0.4666770579343268
کلوند,1400,کاشی  الوند,171749b6edf0f40be9ff3122,,,0.9999987032898641,0.9999987032898641,0.7272727272727273,0.17380352644837097,,0.9249106078665077,0.6849735097061287
کلوند,1401,کاشی  الوند,ad3cd14fed0ff7b4815e1af7,,,,,,,,0.848936170212766,
کماسه,1392,تامین  ماسه  ریخته گری,b1262e68605d38d540fc762f,0.6511858867184849,,0.9698670624587531,0.9698670624587531,1.0,0.9102744546094192,,0.9134295227524972,0.676038371147109
کماسه,1393,تامین  ماسه  ریخته گری,feb4359a44c13dd907cdda84,,,0.542671855775093,0.542671855775093,1.0,0.9522237587545106,,0.9211822660098522,0.6467786324698549
کماسه,1394,تامین  ماسه  ریخته گری,05882f2f276f8a1ff1b534b2,,,1.0,1.0,0.8181818181818182,0.878252120166735,,0.9148073022312373,0.1644427147373745
کماسه,1395,تامین  ماسه  ریخته گری,a0d9673894911b4dd63d14bf,,,1.0,1.0,1.0,0.896518836432998,,0.9135446685878963,1.0
کماسه,1396,تامین  ماسه  ریخته گری,97437655279ed95bad69c2b5,,,1.0,1.0,1.0,0.8329925017041594,,0.9211956521739131,1.0
کماسه,1397,تامین  ماسه  ریخته گری,34c255865a7c89cc44cecf45,0.6483964640304403,,,,1.0,1.0,,0.9397967161845191,
کماسه,1398,تامین  ماسه  ریخته گری,e6d13df67d48c321d3d6dd8c,0.9999997905246861,,0.7581281385612479,0.7581281385612479,0.7857142857142857,0.4975755699989719,,0.9198396793587175,0.7018016904686145
کماسه,1399,تامین  ماسه  ریخته گری,92a4458b387c405fb0d13951,0.9999995876811605,,0.706859875633649,0.706859875633649,0.75,0.504157218442935,,0.9184149184149184,0.610237172080132
کماسه,1400,تامین  ماسه  ریخته گری,a95b84874748511dd856b283,0.9999996036070532,,0.8594658531778054,0.8594658531778054,0.7272727272727273,0.17380352644837097,,0.9535160905840286,0.5943460361329912
کماسه,1401,تامین  ماسه  ریخته گری,83153ce88f83c89474569d0b,,,0.9117973778720292,0.9117973778720292,0.8518518518518519,0.7796610169491517,,0.9319148936170213,0.589510399052706
کمنگنز,1392,معادن منگنزایران,e47769321e8696470c4f1337,0.6511858867184849,,0.9631511680080899,0.9631511680080899,1.0,0.9102744546094192,,0.9389567147613762,0.7130426793472492
کمنگنز,1393,معادن منگنزایران,42905458103b16c9a52dfdd9,,,0.8524733346839427,0.8524733346839427,1.0,0.9522237587545106,,0.9330049261083744,0.4411975413932534
کمنگنز,1394,معادن منگنزایران,c720531f900ce9125ac83d9e,,,1.0,1.0,0.8181818181818182,0.878252120166735,,0.936105476673428,0.1644427147373745
کمنگنز,1395,معادن منگنزایران,69404a24ea7f9150a7bc4248,,,1.0,1.0,1.0,0.896518836432998,,0.9154658981748319,1.0
کمنگنز,1396,معادن منگنزایران,f1cd470575169f1636ae924a,,,1.0,1.0,1.0,0.8329925017041594,,0.9528985507246377,1.0
کمنگنز,1397,معادن منگنزایران,0196f2204f5b13179ecfe17c,0.9999998956163348,,,,1.0,1.0,,0.9687255668491008,
کمنگنز,1398,معادن منگنزایران,10a8a4e72bc16cc4f3e1b54a,0.5668354628702326,,0.9629068916921331,0.9629068916921331,0.7857142857142857,0.4975755699989719,,0.9378757515030061,0.8170191709358035
کمنگنز,1399,معادن منگنزایران,24646762dea8405ebda706f9,0.9999997161442049,,0.7589601119921585,0.7589601119921585,0.75,0.504157218442935,,0.9254079254079254,0.6441224211552756
کمنگنز,1400,معادن منگنزایران,a7e6832ac013848bda8ce212,0.9999998989439078,,0.9315072613335321,0.9315072613335321,0.7272727272727273,0.17380352644837097,,0.9070321811680572,0.6408044322204446
کمنگنز,1401,معادن منگنزایران,d061a9a79789d6a3e00433fc,,,0.867178988618076,0.867178988618076,0.8518518518518519,0.7796610169491517,,0.8638297872340426,0.5606629762672035
کنور,1392,توسعه معدنی و صنعتی صبانور,9d5698b76db0b89e953157f3,0.6511858867184849,,0.6684798388275137,0.6684798388275137,1.0,0.9102744546094192,,0.9567147613762486,0.5095359662604445
کنور,1393,توسعه معدنی و صنعتی صبانور,03c77f20295c73bd76ee3e67,,0.0,0.8057567728460193,0.8057567728460193,1.0,0.9522237587545106,,0.961576354679803,0.4721981737589031
کنور,1394,توسعه معدنی و صنعتی صبانور,135eb27226ef019fe5e887a9,,,1.0,1.0,0.8181818181818182,0.878252120166735,,0.947261663286004,0.1644427147373745
کنور,1395,توسعه معدنی و صنعتی صبانور,3573155a865d0f85b17a83d5,,,1.0,1.0,1.0,0.896518836432998,1.0,0.9433237271853987,1.0
کنور,1396,توسعه معدنی و صنعتی صبانور,780bffd161e8b4ab1ecbe5b6,,,1.0,1.0,1.0,0.8329925017041594,1.0,0.9692028985507246,1.0
کنور,1397,توسعه معدنی و صنعتی صبانور,580a8c2c44c34747e2e36127,0.9999998019514521,,,,1.0,1.0,0.9999987494172684,0.9781078967943706,
کنور,1398,توسعه معدنی و صنعتی صبانور,9d14482e6360e2c3e608926a,0.9999992622864772,1.0,0.9651431664524168,0.9651431664524168,0.8571428571428571,0.4448865897333848,0.39299820801642615,0.9649298597194389,0.8182773968971051
کنور,1399,توسعه معدنی و صنعتی صبانور,28ab82535f4dc33cd8778028,,0.8650308948578462,0.3522417863383128,0.3522417863383128,0.8333333333333334,0.43586005830903374,0.3217880211360765,0.9603729603729604,0.3795986352482083
کنور,1400,توسعه معدنی و صنعتی صبانور,4b7b9bae2784f23e62225963,,,,,,,0.8168345949777416,0.9547079856972587,
کنور,1401,توسعه معدنی و صنعتی صبانور,776c08f384173e15ae2fe032,,,0.5572607555570472,0.5572607555570472,0.8518518518518519,0.7796610169491517,,0.9170212765957447,0.3602894879469086
کهمدا,1392,شیشه  همدان,714f7137e97ece3523bf634b,0.7005126436374758,,0.8764585998659278,0.8764585998659278,1.0,0.9102744546094192,,0.9123196448390677,0.7609362858099183
کهمدا,1393,شیشه  همدان,8e33c793a39624525c1d5ab5,0.707548045216801,,0.9362945008224879,0.9362945008224879,1.0,0.9522237587545106,,0.9330049261083744,0.3010260386618645
کهمدا,1394,شیشه  همدان,3464bc319d2b0f110fb71de0,,,0.3313896235920424,0.3313896235920424,1.0,0.9522237587545106,,0.922920892494929,0.7231049857472297
کهمدا,1395,شیشه  همدان,cd2787f9977ee16b713c9140,,,1.0,1.0,1.0,0.896518836432998,,0.9260326609029779,1.0
کهمدا,1396,شیشه  همدان,91b8c245cc31b7dc443ac005,,,1.0,1.0,1.0,0.8329925017041594,,0.9257246376811594,1.0
کهمدا,1397,شیشه  همدان,cd169d97264a8b690ff4ed0d,,,,,1.0,1.0,,0.9491790461297889,
کهمدا,1398,شیشه  همدان,bee2b916e85cbe10c1e20c6f,,,,,,,,0.9238476953907816,
کهمدا,1399,شیشه  همدان,a1b515287c76b4292e389c3f,0.9999996105911565,,0.9290886059106849,0.9290886059106849,0.8333333333333334,0.43586005830903374,,0.9102564102564102,0.7547715620063761
کهمدا,1400,شیشه  همدان,3803e76bbc8942d8f0dc7282,0.9999998070158471,,0.9947521609601305,0.9947521609601305,0.8181818181818182,0.060003598416694746,,0.9117997616209773,0.6815900952520767
کهمدا,1401,شیشه  همدان,df1aeec7f132d55245bf6ee6,,,0.7761563329898424,0.7761563329898424,0.9259259259259259,0.7657384987893442,,0.8361702127659575,0.5018134957307855
کویر,1393,تولیدی فولاد سپید فراب کویر,faf8c05560efb7c35440f692,,,,,,,,0.0,
کویر,1394,تولیدی فولاد سپید فراب کویر,9caf54eab3c8876be64a6137,,,,,,,,0.0,
کویر,1395,تولیدی فولاد سپید فراب کویر,b575b0a7c211dc03c1a90929,,,,,,,,0.12776176753121993,
کویر,1396,تولیدی فولاد سپید فراب کویر,72f3cfef17c7377da979b71a,,,,,,,,0.5144927536231885,
کویر,1398,تولیدی فولاد سپید فراب کویر,7021845a6d3efe1e14d0a2e9,0.9999995009294613,,0.8756695928042693,0.8756695928042693,0.7857142857142857,0.4975755699989719,,0.9118236472945892,0.7679356521285644
کویر,1399,تولیدی فولاد سپید فراب کویر,2f28e2239e0ab89675b477dc,0.9999999454529592,3.7631144389383255e-10,0.7190023601235731,0.7190023601235731,0.75,0.504157218442935,,0.9067599067599068,0.6181344704436345
کویر,1400,تولیدی فولاد سپید فراب کویر,af44927ca77bc0c84509fced,0.9999998881166223,0.29014005038605545,0.8228581036032668,0.8228581036032668,0.7272727272727273,0.17380352644837097,,0.902264600715137,0.5707382614775061
کویر,1401,تولیدی فولاد سپید فراب کویر,8f69edc1f3a5e6334990f725,,2.184859846423117e-09,0.8757586627484859,0.8757586627484859,0.8518518518518519,0.7796610169491517,0.5896460315396425,0.8382978723404255,0.7268633938304547
کپارس,1392,کاشی  پارس,fdf1053559c49a3e01282761,0.6511858867184849,,0.9124992451767107,0.9124992451767107,1.0,0.9102744546094192,,0.9167591564927858,0.6443453238258796
کپارس,1393,کاشی  پارس,be77cc823d83865a2787a259,,0.5125475549482641,0.42369204707881425,0.42369204707881425,1.0,0.9522237587545106,,0.9349753694581281,0.7257324159508659
کپارس,1394,کاشی  پارس,23ea4f5a9c4baf7d50b54380,,,1.0,1.0,0.8181818181818182,0.878252120166735,,0.960446247464503,0.1644427147373745
کپارس,1395,کاشی  پارس,2160b0ab0ed22a7d0f910442,,,1.0,1.0,1.0,0.896518836432998,1.0,0.9529298751200769,1.0
کپارس,1396,کاشی  پارس,f72f618893f275e4f863c4c1,,,1.0,1.0,1.0,0.8329925017041594,1.0,0.9510869565217391,1.0
کپارس,1397,کاشی  پارس,205cf28b20e5b0b7e682153c,0.9999999718372234,,,,1.0,1.0,0.9999969020312658,0.9562157935887412,
کپارس,1398,کاشی  پارس,53f59c34ede0a8f852a8976b,0.999999134939714,0.07567365491786762,0.9152528514196822,0.9152528514196822,0.7857142857142857,0.4975755699989719,0.9317960804788046,0.8687374749498998,0.8855720752758914
کپارس,1399,کاشی  پارس,f8618ad694aa735f7402853c,0.999999832184136,0.6415075618255514,0.9676301172426278,0.9676301172426278,0.8333333333333334,0.43586005830903374,0.19977426949848975,0.9102564102564102,0.7798384101148694
کپارس,1400,کاشی  پارس,8b61aac7b1f3b649f73ef8ad,,7.868215569179061e-10,0.8992194696240108,0.8992194696240108,0.7272727272727273,0.17380352644837097,0.33000245199856604,0.9117997616209773,0.6199825319490393
کچاد,1392,معدنی وصنعتی چادرملو,fba7ba39740e685b08acb830,0.6511858867184849,,0.9480527023208893,0.9480527023208893,1.0,0.9102744546094192,,0.946725860155383,0.6639869531067006
کچاد,1393,معدنی وصنعتی چادرملو,c726d65f0d75d3da45efb995,,,0.41849691142410794,0.41849691142410794,1.0,0.9522237587545106,,0.9448275862068966,0.7291798548073464
کچاد,1394,معدنی وصنعتی چادرملو,7034222c74fea27c3c1d9c1c,,,1.0,1.0,0.8181818181818182,0.878252120166735,,0.9300202839756593,0.1644427147373745
کچاد,1395,معدنی وصنعتی چادرملو,398091d29263439db934815d,,,1.0,1.0,1.0,0.896518836432998,,0.9289145052833814,1.0
کچاد,1396,معدنی وصنعتی چادرملو,35a48e8dadab743996f5e1ee,,,1.0,1.0,1.0,0.8329925017041594,,0.9601449275362319,1.0
کچاد,1397,معدنی وصنعتی چادرملو,46f658be80eec2b9473c0c1b,0.837179343355193,,,,1.0,1.0,,0.9796716184519155,
کچاد,1398,معدنی وصنعتی چادرملو,b8804634308dd978cf6aa463,0.9999994907258923,,0.7783766406973771,0.7783766406973771,0.7857142857142857,0.4975755699989719,,0.9408817635270541,0.7131943831366286
کچاد,1399,معدنی وصنعتی چادرملو,d5768464cf1fa33318948a1b,0.9999997194389689,,0.8938876616590972,0.8938876616590972,0.75,0.504157218442935,,0.9265734265734266,0.7318773709812623
کچاد,1400,معدنی وصنعتی چادرملو,d152287d48b18e26649e5436,0.9999999444237083,,0.6378295068172117,0.6378295068172117,0.7272727272727273,0.17380352644837097,,0.9165673420738975,0.4514161652407056
کچاد,1401,معدنی وصنعتی چادرملو,c298e4faed1672394e1480c0,,,0.5562010613501527,0.5562010613501527,0.8518518518518519,0.7796610169491517,,0.8851063829787233,0.35960435683122344
کگاز,1392,شیشه  و گاز,06b739dab473dad909fd2aed,0.6511858867184849,,0.7614362040918031,0.7614362040918031,1.0,0.9102744546094192,,0.9067702552719201,0.5608900289162814
کگاز,1393,شیشه  و گاز,1585368191e78b0f0414ed6d,,,0.6763781284941812,0.6763781284941812,1.0,0.9522237587545106,,0.896551724137931,0.5580525181653354
کگاز,1394,شیشه  و گاز,42ed84e4f5f307241f3dbb98,,,1.0,1.0,0.8181818181818182,0.878252120166735,,0.9056795131845842,0.1644427147373745
کگاز,1395,شیشه  و گاز,3f0bf2ec25dd065e92f0a6dd,,,1.0,1.0,1.0,0.896518836432998,,0.94716618635927,1.0
کگاز,1396,شیشه  و گاز,07cb5e2e5cd9e88d6814e475,,,1.0,1.0,1.0,0.8329925017041594,,0.9465579710144928,1.0
کگاز,1397,شیشه  و گاز,bcaa6cef1127dcdc18f92026,0.86836577697466,,,,1.0,1.0,,0.9390148553557467,
کگاز,1398,شیشه  و گاز,c8c2357b21971e22b96c713b,0.9999996956428955,,0.7904846599773352,0.7904846599773352,0.7857142857142857,0.4975755699989719,,0.9038076152304609,0.9557721152734344
کگاز,1399,شیشه  و گاز,f1f9d47c5d0cc84262a28dbb,0.9999995341475675,,0.7778534531632655,0.7778534531632655,0.75,0.6084656084656006,,0.8694638694638694,0.9453725157359671
کگاز,1400,شیشه  و گاز,834a84eecf8bc76de4677268,,,0.999999873538283,0.999999873538283,0.7272727272727273,0.17380352644837097,,0.8581644815256257,0.6849744878263915
کگاز,1401,شیشه  و گاز,7f5aaceb690c9ae5f71639e0,,,,,,,,0.823404255319149,
کگل,1392,معدنی و صنعتی گل گهر,3b67132e311831f4f5dc29c0,0.6511858867184849,,0.789593927718346,0.789593927718346,1.0,0.9102744546094192,,0.9289678135405105,0.5764458598618222
کگل,1393,معدنی و صنعتی گل گهر,5708705ee0bcda14ada2b6b8,,,0.7864441251447738,0.7864441251447738,1.0,0.9522237587545106,,0.922167487684729,0.4850138491390979
کگل,1394,معدنی و صنعتی گل گهر,b9f8e185dee9ebab347b15e5,,,1.0,1.0,0.8181818181818182,0.878252120166735,,0.9178498985801217,0.1644427147373745
کگل,1395,معدنی و صنعتی گل گهر,3d2354cd9ed0dbdeab5fe1ff,,,1.0,1.0,1.0,0.896518836432998,,0.9183477425552353,1.0
کگل,1396,معدنی و صنعتی گل گهر,4ab802ab88241887e7e7479d,,,1.0,1.0,1.0,0.8329925017041594,,0.9456521739130435,1.0
کگل,1397,معدنی و صنعتی گل گهر,df7f748159796598485edef6,0.9999999474522463,,,,1.0,1.0,,0.9554339327599687,
کگل,1398,معدنی و صنعتی گل گهر,2a6869c87eea040fc1478963,0.9999996254328839,,0.8453497565808462,0.8453497565808462,0.7857142857142857,0.4975755699989719,,0.9188376753507014,0.7508763865337211
کگل,1399,معدنی و صنعتی گل گهر,5ef4f2b0c194df9a04f864a2,0.9999998127001812,,0.780628967347581,0.780628967347581,0.75,0.504157218442935,,0.9277389277389277,0.6582155349722503
کگل,1400,معدنی و صنعتی گل گهر,5f3dcc4a74ee52a540679c26,0.5835243198979686,,0.5179307787721384,0.5179307787721384,0.7272727272727273,0.17380352644837097,,0.9094159713945172,0.3740953196256538
کگل,1401,معدنی و صنعتی گل گهر,bed3a25f4d4f00a5b4275250,,,0.6888292792516529,0.6888292792516529,0.8888888888888888,0.7507846829880711,,0.8638297872340426,0.8477200864841162
کیانا,1398,گروه مالی کیان,9158439887b42c944ab3d840,,,,,0.5,0.8801017318638765,,0.38476953907815636,
کیانا,1399,گروه مالی کیان,f6992ed0af2c4e933107bb38,,,,,0.0,0.0,,0.9498834498834499,
کیانا,1400,گروه مالی کیان,a5e07d722dd95c80213a6bd4,0.999999626476471,,,,0.36363636363636365,1.0,,0.9249106078665077,
کیانا,1401,گروه مالی کیان,a5cd641151d27a0bde1c61dc,,1.3043787710524617e-09,,,0.7407407407407407,1.0,,0.8574468085106383,
کیمیاتک,1399,آریان کیمیا تک,18d856ac286d514c4b1f176d,0.9999999440702864,,0.6277995791891016,0.6277995791891016,0.75,0.504157218442935,,0.9149184149184149,0.5588174852567604
کیمیاتک,1400,آریان کیمیا تک,e651922ddcc909a5b5911193,0.999999772177009,0.012594171693637624,0.7368325992038203,0.7368325992038203,0.7272727272727273,0.17380352644837097,,0.9117997616209773,0.5152617368047335
کیمیاتک,1401,آریان کیمیا تک,e2d2d5032ca7d9ce0a8d115d,,1.1760876627709446e-09,0.5361455717792278,0.5361455717792278,0.8518518518518519,0.7796610169491517,,0.9063829787234042,0.34663774829836524
