symbol,fiscal_year,company_name,predictive_value_score,confirmatory_value_score,faithful_representation_score,completeness_score,understandability_score,comparability_score,timeliness_score,conservatism_score,FIUI_primary_8,FIUI_equal_8,FIUI_PCA_8,FIUI_original_9
آباد,1393,توریستی ورفاهی آبادگران ایران,0.707548045216801,9.583444851202715e-10,0.7700527086264168,0.625,1.0,0.9252738376407008,0.9458128078817734,0.4706753621356393,46.34141073920893,68.05453453074594,67.59059654743658,47.57393749798262
آباد,1394,توریستی ورفاهی آبادگران ایران,0.0,0.3465672873390563,1.0,0.8181818181818182,0.8782521201667389,0.9252738376407008,0.922920892494929,0.1644427147373745,48.32877413517075,63.19548338200772,62.845953694065805,51.05199310829411
آباد,1396,توریستی ورفاهی آبادگران ایران,0.8826104529535382,0.1340920353324397,1.0,1.0,0.8329925017041601,0.5718468663493207,0.9329710144927535,1.0,60.39734051150714,79.43141088540266,80.08779644691582,62.16935840949378
آباد,1397,توریستی ورفاهی آبادگران ایران,0.9335512947671128,2.685766663480101e-09,1.0,1.0,1.0,0.9999999146141678,0.9593432369038312,1.0,60.478763966474055,86.16118061213598,86.32610528285328,62.063422080202415
آباد,1398,توریستی ورفاهی آبادگران ایران,0.9999998020888364,1.7038560924505534e-15,0.9844148599739262,0.7857142857142857,0.3098112039616214,0.9975278818855308,0.908817635270541,0.8466585051528378,50.04282301440411,72.91180217559476,72.09432090407,52.25292703128853
آباد,1399,توریستی ورفاهی آبادگران ایران,0.999999550235254,2.7607902206280225e-10,0.9999999941288816,0.75,0.3998488284202537,0.9898829811430456,0.986013986013986,0.8008913153891329,50.64538288692824,74.08295819508291,73.23166663202339,52.904299027829815
آباد,1400,توریستی ورفاهی آبادگران ایران,0.99999917169738,0.4435467089712011,0.8649491657913332,0.7272727272727273,0.0,1.0,0.9547079856972588,0.597882140101419,59.81263389649937,69.85447374414149,68.27397695563762,61.18318898395366
آباد,1401,توریستی ورفاهی آبادگران ایران,0.8826104529535383,5.332491227650461e-10,0.7821774095345428,0.925925925925926,0.7657384987893442,0.999953732693018,0.9212765957446808,0.7873671014137712,52.487796128435484,75.81312146985088,75.43748222652442,53.38689232925097
آبادا,1398,تولید نیروی برق آبادان,0.999999802097969,0.0189897794393701,0.9647655169021052,0.6428571428571429,0.5286908077994413,0.9683801565939821,0.9118236472945892,0.8180649147473645,51.41437158247694,73.16964709664956,72.50234135109903,53.433395637247315
آبادا,1399,تولید نیروی برق آبادان,0.3029257608180328,7.456591162626614e-11,0.9999999713828146,0.75,0.504157218442935,0.8072172225435126,0.9428904428904428,0.8008913005954161,40.768423493762775,63.8510239593465,63.80592555984632,43.61706240172592
آبادا,1400,تولید نیروی برق آبادان,0.9999995303139269,2.3067580380836437e-16,0.8196910328911097,0.8181818181818182,0.0600035984166947,0.7090437674999137,0.9427890345649584,0.5686958662863362,41.72686495419339,61.480058101934475,60.429087599437345,43.625742661461416
آبادا,1401,تولید نیروی برق آبادان,0.8826104529535383,9.377169705863303e-10,0.9882135825858848,0.8518518518518519,0.7796610169491517,0.5263848898584924,0.8680851063829788,0.6389162741168487,48.944938355836484,69.19653969545581,69.45423204358194,51.30685528221974
آلومینا,1398,آلومینای ایران,0.9999996029664768,0.0189897794393701,0.9946382117458632,0.8571428571428571,0.4448865897333848,0.9683801565939821,0.0,0.8348725990507407,48.897320215955176,63.98637245840844,64.25376057173492,51.27871442465207
آلومینا,1399,آلومینای ایران,0.3643920139838176,0.1379787850793966,0.7854098360264434,0.8333333333333334,0.4358600583090337,0.8072172225435126,0.0058275058275057,0.6613249436295173,39.892743862471434,50.391796234157006,50.93305760377811,41.769109567116466
آلومینا,1400,آلومینای ایران,0.9999998625448012,2.3067580380836437e-16,0.697803546909533,0.8181818181818182,0.0600035984166947,0.7090437674999137,0.433849821215733,0.4900925012661054,37.87616096017471,52.61218645043249,51.91488442819456,39.35567528463167
آلومینا,1401,آلومینای ایران,0.8826104529535383,3.536130736370278e-09,0.9376268034508536,0.8888888888888888,0.7507846829880711,0.7867145396987795,0.6340425531914894,0.6868633749674695,49.65950515297646,69.59414124594026,69.7223283070354,51.66025048312729
آپ,1392,آسان پرداخت پرشین,0.651185886718485,0.0868254272360079,1.0,0.7777777777777778,0.7713529856387006,0.9252738376407008,0.0,0.6926854157910984,47.84184745779328,61.313766635034625,61.97266426810375,50.35981359018443
آپ,1393,آسان پرداخت پرشین,0.707548045216801,0.4046052432191417,1.0,0.75,0.8782521201667389,0.9252738376407008,0.4768472906403941,0.3433003559912075,60.00207850304102,68.5728361609373,68.41633963120395,62.07625499396631
آپ,1394,آسان پرداخت پرشین,0.0,1.6439380567811723e-09,1.0,0.8181818181818182,0.8782521201667389,0.9252738376407008,0.8286004056795132,0.1644427147373745,34.625438320712796,57.68438622562604,57.456554222646794,37.9019746263407
آپ,1395,آسان پرداخت پرشین,0.8745812366634849,0.4064046745807681,1.0,1.0,0.8965188364329985,1.0,0.9654178674351584,1.0,74.1487731831045,89.28653268890511,89.33639738942128,75.23962492860782
آپ,1396,آسان پرداخت پرشین,0.8826104529535382,0.1340920353324397,1.0,1.0,0.8329925017041601,1.0,0.9746376811594204,1.0,63.132738376693744,85.30415838936948,85.29925364809431,64.67599030116617
آپ,1398,آسان پرداخت پرشین,0.9999999689206724,0.0189897794393701,0.9828405519146768,0.7857142857142857,0.4975755699989719,0.9683801565939821,0.8527054108216433,0.8282347197767642,52.23561998859355,74.18050553975458,73.62981619649476,54.31346947974791
آپ,1399,آسان پرداخت پرشین,0.9999997944636492,0.1379787850793966,0.8892549036071511,0.75,0.504157218442935,0.8072172225435126,0.9044289044289044,0.8729186045934546,55.61038594237788,73.32444291448755,72.9472527100117,57.06695003338612
آپ,1400,آسان پرداخت پرشین,0.9999999423250856,8.322794419858075e-09,0.995694112505033,0.7272727272727273,0.1738035264483709,0.7090437674999137,0.902264600715137,0.687751206892019,44.686429047786596,64.94787364976351,64.21227352941328,47.3625962177541
آپ,1401,آسان پرداخت پرشین,0.8826104529535383,1.4594486272574945e-06,0.8255473679267529,0.8888888888888888,0.794099183929693,0.7867145396987795,0.8340425531914893,0.7593268349037271,50.89144501103052,72.1403910117687,72.15506858571723,52.16572441504699
اتکام,1392,بیمه اتکایی امین,1.0,0.0868254272360079,0.6941235905914995,0.1111111111111111,0.0,0.9252738376407008,0.2230854605993341,0.5237029448323183,35.559225821375904,44.55152965013715,43.3508046023865,37.18268429341676
اتکام,1393,بیمه اتکایی امین,0.8990433543360236,0.4046052432191417,0.6787042852889784,0.0,0.0,0.9252738376407008,0.6758620689655173,0.1300918076615776,42.96597019728648,46.419757463899245,44.30714915263728,44.35537937164913
اتکام,1394,بیمه اتکایی امین,1.0,1.6439380567811723e-09,0.876185791990021,0.2727272727272727,0.3699870633893931,0.9252738376407008,0.9107505070993916,0.2678965782591346,39.07865983984237,57.785263159373145,56.179515378754516,41.43497471687388
اتکام,1395,بیمه اتکایی امین,0.5847017362104173,0.4064046745807681,0.0,0.3333333333333333,0.0,1.0,0.9173871277617676,0.0,36.26649619598569,40.52283589857858,37.991041091017486,34.25550081145978
اتکام,1396,بیمه اتکایی امین,0.9325210092122774,0.1340920353324397,0.0,0.3333333333333333,0.0,1.0,0.9284420289855072,0.0,30.718468280818534,41.60485508579447,38.8907083404171,28.837018134764854
اتکام,1397,بیمه اتکایی امین,0.9999999068435476,2.685766663480101e-09,0.0,0.5,0.0,0.9999990543268971,0.9429241594996092,0.0,27.926404745418992,43.036539041947755,40.36713825396107,26.112934315445553
اتکام,1400,بیمه اتکایی امین,0.9999998554744473,0.4213267097866291,0.6491408398402847,0.2727272727272727,0.5424776734600427,0.7090437674999137,0.9058402860548272,0.4587106699334382,56.19687265255384,61.990838434710696,60.96417469873312,56.56727925009003
اتکام,1401,بیمه اتکایی امین,0.8826104529535383,0.798837741278786,0.539311154699121,0.7037037037037037,0.8859784283513092,0.7867145396987795,0.8574468085106383,0.3486844135944377,74.62286838467142,72.54109053487893,71.88607411855227,73.55569145033678
اردستان,1398,سیمان اردستان,0.5462297294759592,0.0189897794393701,0.9465108485228132,0.7857142857142857,0.4975755699989719,0.9683801565939821,0.4288577154308617,0.8077940401313743,43.65041744027447,62.50065156634523,62.576929478690936,46.04464946083418
اردستان,1399,سیمان اردستان,0.9999996385064227,0.1379787850793966,0.7572052768495902,0.75,0.504157218442935,0.8072172225435126,0.7657342657342657,0.9588017944924366,54.96750994371278,71.01367752060699,70.81238252546076,55.712187311500074
اردستان,1401,سیمان اردستان,0.8826104529535383,1.4594486272574945e-06,0.6865289451852998,0.8518518518518519,0.7796610169491517,0.7867145396987795,0.8936170212765957,0.4438661069435772,46.238456057676466,66.56064242884277,66.07408850289053,47.06666833229169
اسیاتک,1394,انتقال داده های آسیاتک,0.0,1.6439380567811723e-09,1.0,0.8181818181818182,0.8782521201667389,0.9252738376407008,0.4401622718052738,0.1644427147373745,33.03252290372462,52.828909552198056,52.976287761485516,36.41914192180179
اسیاتک,1395,انتقال داده های آسیاتک,0.8745812366634849,0.4064046745807681,1.0,1.0,0.8965188364329985,1.0,0.8155619596541787,1.0,73.53424086762291,87.41333384164287,87.60795123779968,74.66756152481764
اسیاتک,1396,انتقال داده های آسیاتک,0.8826104529535382,0.1340920353324397,1.0,1.0,0.8329925017041601,1.0,0.8523550724637681,1.0,62.63127923652627,83.77562578067382,83.88883942058746,64.20918584620256
اسیاتک,1398,انتقال داده های آسیاتک,1.0,0.0189897794393701,0.9171925994665692,0.6428571428571429,0.5286908077994413,0.9683801565939821,0.4488977955911823,0.7912983112712082,48.86965655701575,66.45383241273619,66.18422731111046,50.796684079458856
اسیاتک,1399,انتقال داده های آسیاتک,0.9999996835800312,0.1379787850793966,0.8145299242821089,0.5833333333333334,0.5444897959183628,0.8072172225435126,0.7074592074592074,0.9215186631256356,53.85085745674238,68.95658269151986,68.75002195960496,54.98497267980339
اسیاتک,1400,انتقال داده های آسیاتک,0.9999996710810644,8.322794419858075e-09,0.8901263536198067,0.7272727272727273,0.1738035264483709,0.7090437674999137,0.8915375446960667,0.7558302309132165,44.57695063045051,64.3451728731745,63.65280096529187,46.65609058078305
اسیاتک,1401,انتقال داده های آسیاتک,0.8826104529535383,1.4594486272574945e-06,0.9074744658699267,0.8888888888888888,0.794099183929693,0.7867145396987795,0.8340425531914893,0.706357965532303,50.940812042289686,72.50236886891558,72.49138873605726,52.680892109379826
افق,1396,فروشگاههای زنجیره ای افق کوروش,0.8826104529535382,0.1340920353324397,1.0,1.0,0.8329925017041601,1.0,0.7690217391304348,1.0,62.2895441187825,82.73395911400716,82.92766824332352,63.891067254671796
افق,1398,فروشگاههای زنجیره ای افق کوروش,0.9999995733400544,0.4601118536946276,0.8411818116729572,0.7857142857142857,0.4975755699989719,0.9683801565939821,0.8637274549098196,0.927247680995338,69.22491481121878,79.29922983650046,78.75163108329217,69.817871707739
افق,1399,فروشگاههای زنجیره ای افق کوروش,0.9999998799755032,4.678211298868099e-10,0.9024714111395424,0.75,0.504157218442935,0.8928277793864026,0.9102564102564102,0.7374601189584893,49.490566837366764,71.2146602328388,70.57370738057517,51.29122405266234
افق,1400,فروشگاههای زنجیره ای افق کوروش,0.999999714646037,0.8160151904826014,0.8172886437671605,0.7272727272727273,0.1738035264483709,0.8512511735975408,0.9129916567342072,0.8028021497175029,76.82620400410029,76.26780978332684,75.29909259220216,77.17329619693317
افق,1401,فروشگاههای زنجیره ای افق کوروش,0.8826104529535383,8.706465321623196e-10,0.5706340897313624,0.8518518518518519,0.7796610169491517,0.7485505422987043,0.8574468085106383,0.9241376053662508,50.14405883001536,70.18615460665181,70.27969660300755,50.00971423736793
البرز,1393,بیمه البرز,0.9901173482627728,0.4046052432191417,0.943233118552804,0.0,0.0,0.9252738376407008,0.9596059113300492,0.3056304343819429,49.28543723822016,56.605823667342634,54.47279031477117,51.73992150408836
البرز,1394,بیمه البرز,0.954491271166158,1.6439380567811723e-09,0.9398033539662884,0.2727272727272727,0.0,0.9252738376407008,0.9137931034482758,0.1141449685955312,33.1892557426391,51.50292261485207,49.393127685709935,36.31381360393053
البرز,1395,بیمه البرز,0.9868069992851384,0.4064046745807681,0.0908185299838505,0.3333333333333333,0.0,1.0,0.9327569644572526,0.2018050977393465,44.81175282891661,49.39906999224612,46.88921055383073,42.77363105796247
البرز,1396,بیمه البرز,0.8826104165086891,0.1340920353324397,0.0272323050871443,0.3333333333333333,0.0,1.0,0.9501811594202898,0.4207422392337051,34.832039337971054,46.852393611445024,44.62723681000298,32.779235993746916
البرز,1400,بیمه البرز,0.9999999886643026,8.322794419858075e-09,0.8630758338096215,0.2727272727272727,0.5424776734600427,0.7090437674999137,0.9249106078665076,0.7732746950885492,45.07775863839005,63.56887309298755,63.000669058819966,46.92697443473299
البرز,1401,بیمه البرز,0.8826104529535383,1.4594486272574945e-06,0.9560570330439276,0.7037037037037037,0.8859784283513092,0.7867145396987795,0.8531914893617021,0.6181258871156504,49.94829262729003,71.07978742096547,70.97178755647953,52.02252841390711
امید,1392,تامین سرمایه امید,0.651185886718485,0.0868254272360079,1.0,0.7777777777777778,0.7713529856387006,0.9252738376407008,0.0,0.6926854157910984,47.84184745779328,61.313766635034625,61.97266426810375,50.35981359018443
امید,1393,تامین سرمایه امید,0.707548045216801,0.4046052432191417,1.0,0.75,0.8782521201667389,0.9252738376407008,0.1064039408866994,0.3433003559912075,58.48295648209534,63.94229428901612,64.14362598409572,60.66211599397933
امید,1394,تامین سرمایه امید,0.0,1.6439380567811723e-09,1.0,0.8181818181818182,0.8782521201667389,0.9252738376407008,0.4330628803245436,0.1644427147373745,33.00340956712171,52.74016715868892,52.894402995876824,36.39204054077889
امید,1395,تامین سرمایه امید,0.8745812366634849,0.4064046745807681,1.0,1.0,0.8965188364329985,1.0,0.8078770413064361,1.0,73.50272638990592,87.3172723622961,87.51931297361396,74.63822494000789
امید,1396,تامین سرمایه امید,0.8826104529535382,0.1340920353324397,1.0,1.0,0.8329925017041601,1.0,0.960144927536232,1.0,63.073306182303526,85.12299896907962,85.13209344335276,64.62066532872603
امید,1397,تامین سرمایه امید,0.9999999598432256,2.685766663480101e-09,1.0,1.0,1.0,0.9999977950118552,0.9796716184519156,1.0,61.492499321606296,87.24586719990954,87.3537699167982,63.01769823275855
امید,1398,تامین سرمایه امید,0.9999997142233236,0.4944941941249438,0.9152528514196822,0.7142857142857143,1.0,0.7801815032799214,0.9569138276553106,0.80950949167398,74.0734406203641,83.38296620828596,83.39468069449008,74.81715270959825
امید,1399,تامین سرمایه امید,0.6232156479801747,0.9705808101016676,0.6740851215708241,0.75,0.504157218442935,0.6729327656299938,0.9533799533799534,0.5889209404770096,77.0503377782016,71.71590571978197,71.21873015245146,76.72495340564649
امید,1400,تامین سرمایه امید,0.9999999753273252,9.227032152334577e-16,0.2541928249641266,0.7272727272727273,0.1738035264483709,0.5110865589121868,0.9761620977353992,0.2040147696338905,33.015037092952205,48.08165600367534,46.71645032930593,32.3465097655764
امید,1401,تامین سرمایه امید,0.8826104529535383,4.295944673329665e-09,0.6639933273464151,0.8888888888888888,0.794099183929693,0.6140091188738821,0.8425531914893617,0.4292960046516569,45.12916758223861,63.94312715536725,63.764584002425,45.92720645454942
امین,1399,تامین سرمایه امین,0.9999995290989598,0.1500898158207329,0.752176407401714,0.75,0.504157218442935,0.8072172225435126,0.9452214452214452,0.6397103966470248,52.70467356696661,69.35715043970406,68.62234277406256,53.616481939581526
امین,1400,تامین سرمایه امین,0.9999999557073465,0.0650443993142025,0.2566596311025886,0.7272727272727273,0.1738035264483709,0.7090437674999137,0.9129916567342072,0.2056055749718969,36.476667632595515,50.630265488140665,49.035989769724615,35.63830742924231
امین,1401,تامین سرمایه امین,0.8826104529535383,0.6490351825826979,0.6220726175847566,0.8518518518518519,0.8246414602346803,0.7895470892437785,0.8574468085106383,0.4021927304594861,70.6095472113953,73.49247741776786,72.95269722513792,70.12865422724343
انرژی,1394,بورس انرژی ایران,0.0,1.6439380567811723e-09,1.0,0.8181818181818182,0.8782521201667389,0.9252738376407008,0.9634888438133874,0.1644427147373745,35.178591716168214,59.37049170229947,59.012364769211935,38.41690086577589
انرژی,1395,بورس انرژی ایران,0.8745812366634849,0.4064046745807681,1.0,1.0,0.8965188364329985,1.0,0.9500480307396734,1.0,74.08574422767049,89.09440973021155,89.15912086104983,75.18095175898833
انرژی,1396,بورس انرژی ایران,0.8826104529535382,0.1340920353324397,1.0,1.0,0.8329925017041601,1.0,0.960144927536232,1.0,63.073306182303526,85.12299896907962,85.13209344335276,64.62066532872603
انرژی,1397,بورس انرژی ایران,0.9999998826212564,2.685766663480101e-09,1.0,1.0,0.7732078302980719,0.9999990543268971,1.0,1.0,59.06651461168496,84.6650846241499,84.51993600201031,60.756385703110695
انرژی,1398,بورس انرژی ایران,0.9999998829248145,0.0189897794393701,1.0,0.7857142857142857,0.4975755699989719,0.9683801565939821,0.943887775551102,0.8378893755668346,52.842675373208806,75.655460322367,75.0345341154883,54.975187713472906
انرژی,1399,بورس انرژی ایران,0.9999999039547584,0.1379787850793966,0.7891402759592281,0.75,0.504157218442935,0.8072172225435126,0.9627039627039627,0.6637511684437857,52.84804447465427,70.18685671409473,69.4782898411826,53.94405006770455
انرژی,1400,بورس انرژی ایران,0.9999999949470996,8.322794419858075e-09,0.7047513399755896,0.7272727272727273,0.1738035264483709,0.7090437674999137,0.9261025029797378,0.494573026153942,40.51478164610464,59.194336170002195,58.10023880122422,41.84346821489116
انرژی,1401,بورس انرژی ایران,0.8826104529535383,1.4594486272574945e-06,0.531935385259274,0.8888888888888888,0.794099183929693,0.7867145396987795,0.8531914893617021,0.3439157085166137,44.294168742580744,63.51696385071397,62.927939770295474,44.391232178702836
اپال,1399,فرآوری معدنی اپال کانی پارس,0.9999988430441196,0.0359807916838409,0.8019277533811288,0.4166666666666667,1.0,0.8072172225435126,0.9172494172494172,0.6964161753518401,51.96372463618899,70.94321087400657,70.66993102244304,53.048279885779834
اپال,1400,فرآوری معدنی اپال کانی پارس,0.9999996314399116,0.2121575352168508,0.8747548846697097,0.3636363636363636,1.0,0.7090437674999137,0.9392133492252682,0.6423091275654844,57.77220573909659,71.76393324066878,71.53862228484189,59.07696951466798
اپال,1401,فرآوری معدنی اپال کانی پارس,0.8826104529535383,0.5649675384636016,0.8047150431164671,0.7407407407407407,1.0,0.1147723427139778,0.8702127659574468,0.5702492361389175,67.60867371616808,69.35335150105861,70.17427312303388,68.31665620375038
بالبر,1392,کابل  البرز,0.9129825654850472,0.0868254272360079,0.6826135118659629,1.0,0.910274454609426,0.9252738376407008,0.9034406215316316,0.5173441623824637,54.28012175278831,74.2344322593905,73.80312052781176,54.63156983972425
بالبر,1393,کابل  البرز,0.707548045216801,0.1879594701401062,0.8039300012652715,1.0,0.9522237587545144,0.9252738376407008,0.9241379310344828,0.4734104006857744,56.282301592982144,74.68104305922063,74.38018678654096,57.2700984366572
بالبر,1394,کابل  البرز,0.0,0.0240609652279904,0.9569264012752104,1.0,0.9522237587545144,0.9252738376407008,0.9503042596348884,0.2004331739543515,38.408373088998104,62.615279956095705,62.45907694610538,41.222538937291546
بالبر,1395,کابل  البرز,0.8745812366634849,0.4064046745807681,1.0,1.0,0.8965188364329985,0.9910591656746516,0.9231508165225744,1.0,73.9218901917148,88.64643412343096,88.75009532195658,75.02925093035702
بالبر,1396,کابل  البرز,0.8826104529535382,0.1340920353324397,1.0,1.0,0.8329925017041601,0.9906007603023536,0.9429347826086956,1.0,62.946431353860966,84.79038166126485,84.82973394251034,64.50343069590241
بالبر,1399,کابل  البرز,0.0,0.1379787850793966,0.9709007136215804,0.8333333333333334,0.4358600583090337,0.8072172225435126,0.9125874125874126,0.8198173366981713,41.61048688299738,61.47118577715551,61.595009443912275,44.35009036209842
بالبر,1400,کابل  البرز,0.9999995232389592,0.0,0.9124041863907496,0.8181818181818182,0.0600035984166947,0.7090437674999137,0.9094159713945172,0.6284851530045017,42.93151237139937,62.96917522658943,62.05536401403238,45.26854436796836
بالبر,1401,کابل  البرز,0.8826104529535383,4.961152812771013e-10,0.9999999235828876,0.925925925925926,0.7657384987893442,0.7867145396987795,0.8531914893617021,0.6465365752420068,51.062592520640806,73.25896757562876,73.19018412209132,53.327479631623845
بترانس,1392,ایران  ترانسفو,0.651185886718485,0.0868254272360079,0.9898467501365196,1.0,0.910274454609426,0.9252738376407008,0.902330743618202,0.6982946134847378,54.87102362444336,77.050396418051,77.09593535999389,56.86909125876868
بترانس,1393,ایران  ترانسفو,0.707548045216801,0.4046052432191417,0.9989408965945032,1.0,0.9522237587545144,0.9252738376407008,0.9399014778325124,0.3440031661728498,64.75316876746,78.4062053178878,78.00620674652414,66.5187968830312
بترانس,1394,ایران  ترانسفو,0.0,1.6439380567811723e-09,1.0,0.8181818181818182,0.8782521201667389,0.9252738376407008,0.9148073022312372,0.1644427147373745,34.97895740803393,58.76197243252259,58.45086923360947,38.23106282447597
بترانس,1395,ایران  ترانسفو,0.8745812366634849,0.4064046745807681,1.0,1.0,0.8965188364329985,1.0,0.9317963496637848,1.0,74.01089734309261,88.86626371676294,88.94860498360873,75.11127737006515
بترانس,1396,ایران  ترانسفو,0.8826104529535382,0.1340920353324397,1.0,1.0,0.8329925017041601,1.0,0.9556159420289856,1.0,63.05473362155658,85.06638665023904,85.07985587937102,64.6033762748385
بترانس,1398,ایران  ترانسفو,0.9999998181504168,0.0189897794393701,0.6660587213472959,0.7857142857142857,0.4975755699989719,0.9683801565939821,0.9238476953907816,0.6499994106066317,48.223455889637805,68.8820679655217,67.93330771158962,48.79495903515761
بترانس,1399,ایران  ترانسفو,0.9999998688232064,0.1379787850793966,0.8366423521209124,0.75,0.504157218442935,0.8072172225435126,0.93006993006993,0.6946458398469841,53.40435047582454,70.75889021158596,70.13589613905134,54.72903458955193
بترانس,1400,ایران  ترانسفو,0.9999999760821208,8.322794419858075e-09,0.680890622939011,0.7272727272727273,0.1738035264483709,0.7090437674999137,0.9249106078665076,0.4791856167265778,40.16464317182463,58.68883566447529,57.56888663524216,41.38333795113605
بترانس,1401,ایران  ترانسفو,0.8826104529535383,1.4594486272574945e-06,0.6163213953930087,0.8518518518518519,0.7796610169491517,0.7867145396987795,0.8808510638297873,0.39847435467603,45.168998042606425,64.95607668500969,64.4022709118012,45.67629077800507
برکت,1394,گروه دارویی برکت,0.0,1.6439380567811723e-09,1.0,0.5454545454545454,0.8324708926261305,0.9252738376407008,0.7423935091277891,0.1644427147373745,31.546277134287404,52.62544376538097,52.29489231763008,35.00786007140381
برکت,1395,گروه دارویی برکت,0.8745812366634849,0.4064046745807681,1.0,0.6666666666666666,0.849785407725319,1.0,0.9289145052833814,1.0,70.76976980469797,84.07940613649525,83.9466998416481,72.06034480673821
برکت,1396,گروه دارویی برکت,0.8826104529535382,0.1340920353324397,1.0,0.6666666666666666,0.7895705521472393,1.0,0.9347826086956522,1.0,59.77663027312675,80.0965289474442,79.91569894039125,61.518066754353086
برکت,1397,گروه دارویی برکت,0.9999998826212564,2.685766663480101e-09,1.0,0.8,0.7142418661755675,0.9999990543268971,0.9468334636434714,1.0,56.5687210050345,80.763428368162,80.5071081833299,58.41052710908956
بسویچ,1392,پارس سویچ,0.651185886718485,0.0868254272360079,0.9077035767244828,1.0,0.910274454609426,0.9252738376407008,0.9345172031076582,0.641695940349319,53.7755187852686,75.718454079826,75.63588526500044,55.38762365200752
بسویچ,1393,پارس سویچ,0.707548045216801,0.4046052432191417,0.7129894995994674,1.0,0.9522237587545144,0.9252738376407008,0.9310344827586208,0.5337575869592465,64.59686107970504,77.09290567685616,76.79648141177077,64.73520218238717
بسویچ,1394,پارس سویچ,0.0,1.6439380567811723e-09,1.0,0.8181818181818182,0.8782521201667389,0.9252738376407008,0.9594320486815416,0.1644427147373745,35.16195552382369,59.319781763151404,58.965573474578406,38.40141436233422
بسویچ,1395,پارس سویچ,0.8745812366634849,0.4064046745807681,1.0,1.0,0.8965188364329985,1.0,0.9327569644572526,1.0,74.01483665280723,88.8782714016813,88.95968476663195,75.11494444316638
بسویچ,1396,پارس سویچ,0.8826104529535382,0.1340920353324397,1.0,1.0,0.8329925017041601,1.0,0.9239130434782608,1.0,62.924725696327975,84.67010041835499,84.71419293149887,64.4823528976257
بسویچ,1398,پارس سویچ,0.9999998945881704,0.0189897794393701,0.67096899255687,0.8571428571428571,0.4448865897333848,0.9683801565939821,0.9188376753507014,0.6527621438908613,48.26783535833428,69.14960111620248,68.1929295328548,48.87033517198528
بسویچ,1399,پارس سویچ,0.9999995341480916,0.1379787850793966,0.6769303261271964,0.8333333333333334,0.4358600583090337,0.8072172225435126,0.9055944055944056,0.5907714208548528,50.90598213921439,67.34606357487279,66.53712619424891,51.512593175252356
بسویچ,1400,پارس سویچ,0.999999933167252,8.322794419858075e-09,0.9999989647822826,0.8181818181818182,0.0600035984166947,0.7090437674999137,0.8605482717520858,0.6849736783385675,43.998565349936925,64.15937550576761,63.39189790491504,46.75447558187345
بسویچ,1401,پارس سویچ,0.8826104529535383,1.4594486272574945e-06,0.7391203608942369,0.8888888888888888,0.7507846829880711,0.7867145396987795,0.7914893617021277,0.4778683833415179,46.56340292168143,66.46847662394735,66.1293268499968,47.668224759723884
بشهاب,1392,لامپ   پارس  شهاب,0.651185886718485,0.0868254272360079,0.7952411283584427,1.0,0.910274454609426,0.9252738376407008,0.9145394006659268,0.5795656752147254,52.17794661527917,73.28632263054644,73.10740864942926,53.267152426043296
بشهاب,1393,لامپ   پارس  شهاب,0.707548045216801,2.2992504967916606e-10,0.8990224031989952,1.0,0.9522237587545144,0.9252738376407008,0.9408866995073892,0.4103080558826321,49.168694974350444,72.94078500538697,72.60874517887932,50.979323537028165
بشهاب,1394,لامپ   پارس  شهاب,0.0,1.6439380567811723e-09,1.0,0.8181818181818182,0.8782521201667389,0.9252738376407008,0.9350912778904664,0.1644427147373745,35.06213836975655,59.01552212826295,58.68482570677717,38.30849534168427
بشهاب,1395,لامپ   پارس  شهاب,0.8745812366634849,0.4064046745807681,1.0,1.0,0.8965188364329985,1.0,0.9289145052833814,1.0,73.99907941394872,88.83024066200791,88.91536563453909,75.10027615076152
بشهاب,1396,لامپ   پارس  شهاب,0.8826104529535382,0.1340920353324397,1.0,1.0,0.8329925017041601,1.0,0.9384057971014492,1.0,62.984157890718194,84.85125983864484,84.88135313624042,64.53767787006583
بشهاب,1397,لامپ   پارس  شهاب,0.9999999875538008,2.685766663480101e-09,1.0,1.0,1.0,0.9999994656498524,0.9515246286161064,1.0,61.37708393767376,86.89405105631907,87.02913980299476,62.910258789350394
بشهاب,1398,لامپ   پارس  شهاب,0.999998939309468,1.9118689294172468e-10,0.9513732705636126,0.7857142857142857,0.4975755699989719,0.9773364014647842,0.9258517034068136,0.8105298513810452,51.43202049484672,74.3547502753771,73.68937521639373,53.365827620003145
بشهاب,1399,لامپ   پارس  شهاب,1.0,0.6385717896387177,0.7171772531999862,0.75,0.504157218442935,0.6055210538780813,0.9289044289044288,0.6169474469862176,69.69066482280999,72.01598988812958,71.50656790203782,69.80541058385494
بشهاب,1400,لامپ   پارس  شهاب,0.9999997294737306,0.0760600221084445,0.690457689113622,0.7272727272727273,0.1738035264483709,0.619118013572024,0.9189511323003576,0.4853552705564165,42.66253735940514,58.63772638557116,57.65808634034111,43.857158036642915
بشهاب,1401,لامپ   پارس  شهاب,0.8826104529535383,7.594440705198742e-10,0.3702487863017937,0.8518518518518519,0.7796610169491517,0.8005739632801283,0.8680851063829788,0.2393794005757538,41.63471547454092,59.905132238183015,59.06462135189533,41.001124182810074
بموتو,1392,موتوژن,0.9659859217790098,0.0868254272360079,0.7071026677084099,1.0,0.910274454609426,0.9252738376407008,0.9822419533851277,0.53087328047939,55.67543988197172,76.3572192854759,75.8451477973064,56.076818382344015
بموتو,1393,موتوژن,0.707548045216801,0.4046052432191417,0.8405779515847757,1.0,0.9522237587545144,0.9252738376407008,0.9842364532019704,0.2375095160949542,62.596660274714075,75.64968507141072,75.02275645998971,63.6210600975363
بموتو,1394,موتوژن,0.0,1.6439380567811723e-09,0.9791003445331492,1.0,0.9522237587545144,0.9252738376407008,0.9797160243407708,0.1819055741221804,37.57282035679891,62.727744262940675,62.53362105527136,40.5447267555886
بموتو,1395,موتوژن,0.8745812366634849,0.4064046745807681,1.0,1.0,0.8965188364329985,1.0,0.9702209414024976,1.0,74.16846973167762,89.34657111349686,89.39179630453734,75.25796029411393
بموتو,1396,موتوژن,0.8826104529535382,0.1340920353324397,1.0,1.0,0.8329925017041601,1.0,0.9882246376811594,1.0,63.18845605893457,85.47399534589121,85.45596634003951,64.72785746282878
بموتو,1399,موتوژن,0.9999995193526364,0.1379787850793966,0.905793665348867,0.8333333333333334,0.4358600583090337,0.8072172225435126,0.9254079254079254,0.7396208656122906,54.31226945580422,72.31514218733746,71.74747737864215,55.9704717411401
بموتو,1400,موتوژن,0.9999998711971017,8.322794419858075e-09,0.1116448136957616,0.7272727272727273,0.1738035264483709,0.7090437674999137,0.9535160905840286,0.1120877496252175,32.04529754676069,47.34210693307395,45.55031581414481,30.62374957946174
بموتو,1401,موتوژن,0.8826104529535383,1.4594486272574945e-06,0.92809526581214,0.925925925925926,0.7657384987893442,0.7867145396987795,0.9319148936170212,0.693025863140113,51.3421545668131,73.92533624231862,73.80302934669247,53.17591156785413
بوعلی,1392,پتروشیمی بوعلی سینا,0.651185886718485,0.0868254272360079,0.9627174748034584,1.0,0.910274454609426,0.9252738376407008,0.6803551609322974,0.6720885569372966,53.4746632258539,73.60900998597091,73.82851751842774,55.417356258327096
بوعلی,1393,پتروشیمی بوعلی سینا,0.707548045216801,0.4046052432191417,0.9584059078967264,1.0,0.9522237587545144,0.9252738376407008,0.9458128078817734,0.3709017698613056,64.76040719176733,78.30964213088704,77.91740155644506,66.29332805492727
بوعلی,1394,پتروشیمی بوعلی سینا,0.0,1.6439380567811723e-09,1.0,0.8181818181818182,0.8782521201667389,0.9252738376407008,0.95841784989858,0.1644427147373745,35.15779647573757,59.307104278364385,58.953875650920004,38.39754273647381
بوعلی,1395,پتروشیمی بوعلی سینا,0.8745812366634849,0.4064046745807681,1.0,1.0,0.8965188364329985,1.0,0.946205571565802,1.0,74.06998698881199,89.04637899053817,89.11480172895696,75.16628346658345
بوعلی,1396,پتروشیمی بوعلی سینا,0.8826104529535382,0.1340920353324397,1.0,1.0,0.8329925017041601,1.0,0.9483695652173914,1.0,63.02501752436147,84.97580694009412,84.99627577700024,64.57571378861843
بوعلی,1398,پتروشیمی بوعلی سینا,0.9999996511407376,0.0189897794393701,0.944814732314588,0.7857142857142857,0.4975755699989719,0.9683801565939821,0.7755511022044088,0.8689392684904863,52.06939141777037,73.24955682371038,72.80333816123078,53.93965737597113
بوعلی,1399,پتروشیمی بوعلی سینا,0.999999681438129,0.1379787850793966,0.8627659444053613,0.8333333333333334,0.4358600583090337,0.8072172225435126,0.9335664335664337,0.8901466450598654,55.637384072490015,73.76085129668833,73.33606793607828,56.94776319730946
بوعلی,1400,پتروشیمی بوعلی سینا,0.9999994210608952,8.322794419858075e-09,0.789674695917437,0.7272727272727273,0.1738035264483709,0.7090437674999137,0.9261025029797378,0.5493387922379925,41.743564336387465,60.94044302174837,59.942453039375465,43.46492853243596
بوعلی,1401,پتروشیمی بوعلی سینا,0.8826104529535383,1.4594486272574945e-06,0.5717440101849794,0.8518518518518519,0.7796610169491517,0.7867145396987795,0.8787234042553191,0.3696534425079762,44.51447375252402,64.0120022231278,63.4097214013907,44.81630860075883
بپویا,1400,دانش محور پویا نیرو,0.0,8.322794419858075e-09,0.8975131930472628,0.5454545454545454,0.2410075566750593,0.7090437674999137,0.0,0.6188821804280649,24.768777607510238,37.648765642845504,38.206637999417346,28.093000213298406
بپویا,1401,دانش محور پویا نیرو,0.8826104529535383,1.4594486272574945e-06,0.507889441904632,0.7777777777777778,0.7959039548022594,0.7867145396987795,0.0,0.964704318186902,46.39566742619401,58.945024309656446,59.81010474316424,46.15031598347207
بکاب,1392,صنایع جوشکاب یزد,0.5072380712392792,0.0868254272360079,0.9227249314352756,1.0,0.910274454609426,0.9252738376407008,0.8546059933407325,0.7353762923278929,52.55156448856787,74.27898759786645,74.46557734245347,54.30305293295745
بکاب,1393,صنایع جوشکاب یزد,0.707548045216801,2.751933699388565e-10,0.676248697816959,1.0,0.9522237587545144,0.9252738376407008,0.923152709359606,0.1284623049441927,44.38881221376988,66.41136692509959,65.68974463033317,45.2879798958503
بکاب,1394,صنایع جوشکاب یزد,0.0,7.108687756900019e-10,0.973835106522988,1.0,0.9522237587545144,0.9252738376407008,0.9188640973630832,0.1863049821002124,37.33079127770778,61.95627228865459,61.823691195701734,40.289189069560564
بکاب,1395,صنایع جوشکاب یزد,0.8745812366634849,0.4064046745807681,1.0,1.0,0.8965188364329985,0.590928215669456,0.9212295869356388,1.0,71.51732714530658,83.62078187852933,84.30669484021178,72.82799040786693
بکاب,1396,صنایع جوشکاب یزد,0.8826104529535382,0.1340920353324397,1.0,1.0,0.8329925017041601,0.6039857080241111,0.9347826086956522,1.0,60.59727316828452,79.85579133387377,80.46380912035328,62.35249197283195
بکاب,1399,صنایع جوشکاب یزد,0.9999997990825789,0.1379787850793966,0.6288323022997525,0.75,0.504157218442935,0.8072172225435126,0.9090909090909092,0.5594891536075385,50.29915469957199,66.2095673768328,65.3703820027982,50.66983104274263
بکاب,1400,صنایع جوشکاب یزد,0.9999998174048886,8.104442586206075e-10,0.63926839250058,0.7272727272727273,0.1738035264483709,0.7090437674999137,0.9070321811680572,0.4523440804871425,39.48907537284834,57.60955616990155,56.45977328721863,40.52037994807462
بکاب,1401,صنایع جوشکاب یزد,0.8826104529535383,1.2975764744016276e-09,0.6213336512302812,0.8888888888888888,0.794099183929693,0.7867145396987795,0.848936170212766,0.4017149616469348,45.57178824272909,65.30372312323072,64.8201460964791,46.0833071378732
بکام,1392,کارخانجات تولیدی شهید قندی,0.651185886718485,0.0868254272360079,0.920113643039949,1.0,0.910274454609426,0.9252738376407008,0.9422863485016648,0.7368189075537012,54.92240847961865,77.15973131624918,77.18117386884416,56.51807507525434
بکام,1393,کارخانجات تولیدی شهید قندی,0.707548045216801,0.4046052432191417,0.9836210351700506,1.0,0.9522237587545144,0.9252738376407008,0.9507389162561576,0.3541692694396064,64.79118506838898,78.47725132121217,78.07187449761048,66.46642525492443
بکام,1394,کارخانجات تولیدی شهید قندی,0.0,1.6439380567811723e-09,1.0,0.8181818181818182,0.8782521201667389,0.9252738376407008,0.947261663286004,0.1644427147373745,35.11204694679012,59.16765194570718,58.82519959067778,38.354954852009236
بکام,1395,کارخانجات تولیدی شهید قندی,0.8745812366634849,0.4064046745807681,1.0,1.0,0.8965188364329985,1.0,0.9452449567723344,1.0,74.06604767909737,89.03437130561981,89.10372194593374,75.16261639348222
بکام,1396,کارخانجات تولیدی شهید قندی,0.8826104529535382,0.1340920353324397,1.0,1.0,0.8329925017041601,1.0,0.9719202898550724,1.0,63.12159484024558,85.27019099806512,85.26791110970527,64.66561686883364
بکام,1398,کارخانجات تولیدی شهید قندی,0.999999619088958,0.0189897794393701,0.9133166693174992,0.7857142857142857,0.4975755699989719,0.9683801565939821,0.9539078156312624,0.7891175434942054,51.706053381102556,74.08751799098168,73.36679028241772,53.429050631069885
بکام,1399,کارخانجات تولیدی شهید قندی,0.9999997386084432,0.1379787850793966,0.8726598781224526,0.75,0.504157218442935,0.8072172225435126,0.935897435897436,0.7180711239711188,53.95152602044087,71.57476753331619,70.98712689502695,55.44093731408276
بکام,1400,کارخانجات تولیدی شهید قندی,0.9999990734911992,8.322794419858075e-09,0.9356195385357337,0.7272727272727273,0.1738035264483709,0.7090437674999137,0.9499404052443384,0.7264923756684217,44.844661903084415,65.27714278104374,64.51419385972795,47.16584308681628
بکام,1401,کارخانجات تولیدی شهید قندی,0.8826104529535383,1.4594486272574945e-06,0.8401587789264147,0.8518518518518519,0.7796610169491517,0.7867145396987795,0.9297872340425531,0.543193421095863,48.61244164552636,70.17473443708474,69.82738761645076,50.140563794527736
تاصیکو,1397,سرمایه گذاری صدرتامین,0.9999998826212564,2.685766663480101e-09,1.0,0.8,0.7142418661755675,0.9999990543268971,0.7693510555121188,1.0,55.84089734535191,78.54489826652008,78.46001648132292,57.733001664734765
تاپیکو,1393,س. نفت و گاز و پتروشیمی تأمین,0.9179453670490332,2.2616505660526547e-10,0.7700527086264168,0.25,0.8759772765622316,0.9252738376407008,0.916256157635468,0.4706753621356393,44.74258562291816,64.07725887344569,63.204892260197845,46.080203286566665
تاپیکو,1394,س. نفت و گاز و پتروشیمی تأمین,0.0,3.398707247780293e-09,1.0,0.3636363636363636,0.8592261554745361,0.9252738376407008,0.9168356997971604,0.1644427147373745,31.078273039693226,52.86768468356053,52.3035860357612,34.55445367179461
تاپیکو,1395,س. نفت و گاز و پتروشیمی تأمین,0.8745812366634849,0.3820654101331412,1.0,0.6666666666666666,0.849785407725319,0.0632780547452197,0.909702209414025,1.0,64.14503826287086,71.8259873168482,73.07271659182675,65.95270436560374
تاپیکو,1396,س. نفت و گاز و پتروشیمی تأمین,0.8826104529535382,0.1340920353324397,1.0,0.6666666666666666,0.7895705521472393,0.0106563983590391,0.9230072463768116,1.0,53.80242060619158,67.58254189794668,68.84814402351462,56.048523532888815
تاپیکو,1397,س. نفت و گاز و پتروشیمی تأمین,0.9999998826212564,2.685766663480101e-09,1.0,0.8,0.7142418661755675,0.0,0.957779515246286,1.0,50.623864299273194,68.40026583411097,69.58388602023395,52.969297067790755
تاپیکو,1398,س. نفت و گاز و پتروشیمی تأمین,0.9999998583242012,0.0189897794393701,0.9152528514196822,0.5,0.8801017318638765,0.6659333703240423,0.9448897795591182,0.80950949167398,51.99878169380781,71.68346078255338,71.68196493730092,53.7155622623117
تاپیکو,1399,س. نفت و گاز و پتروشیمی تأمین,0.9999992718560508,0.5709698528647958,0.8019277533811288,0.4166666666666667,1.0,0.8155644345185544,0.9312354312354312,0.6964161753518401,72.6275684987625,77.90974482343086,77.5636272988685,72.89104797955694
تاپیکو,1400,س. نفت و گاز و پتروشیمی تأمین,0.9999998830943252,0.0143538097123661,0.8747548846697097,0.3636363636363636,1.0,0.3104478328529108,0.934445768772348,0.6423091275654844,47.76473333168044,64.24934587879385,64.62426822790923,49.573378488802625
تاپیکو,1401,س. نفت و گاز و پتروشیمی تأمین,0.8826104529535383,0.9900087434347572,0.8047150431164671,0.7407407407407407,1.0,0.5957582056266522,0.8936170212765957,0.5702492361389175,86.91747148660744,80.97124304109586,81.03436461961309,86.7292684274151
تایرا,1392,تراکتورسازی ایران,0.651185886718485,0.0868254272360079,0.4889491424206881,1.0,0.910274454609426,0.9252738376407008,0.9267480577136517,0.9750172140044844,54.163304207450636,74.55342525429305,74.67952254244314,53.34531463058472
تایرا,1393,تراکتورسازی ایران,0.707548045216801,0.4046052432191417,0.9475776322483754,1.0,0.9522237587545144,0.9252738376407008,0.9379310344827586,0.3780873027713055,64.72354339725328,78.16558567916996,77.78455623840212,66.19698143043802
تایرا,1394,تراکتورسازی ایران,0.0,1.6439380567811723e-09,1.0,0.8181818181818182,0.8782521201667389,0.9252738376407008,0.9482758620689656,0.1644427147373745,35.11620599487626,59.180329430494204,58.83689741433618,38.35882647786966
تایرا,1395,تراکتورسازی ایران,0.8745812366634849,0.4064046745807681,1.0,1.0,0.8965188364329985,1.0,0.9423631123919308,1.0,74.05422974995348,88.99834825086477,89.0704825968641,75.15161517417856
تایرا,1396,تراکتورسازی ایران,0.8826104529535382,0.1340920353324397,1.0,1.0,0.8329925017041601,1.0,0.9501811594202898,1.0,63.032446548660246,84.99845186763035,85.01717080259293,64.58262941017344
تایرا,1398,تراکتورسازی ایران,0.9999998071304544,0.0189897794393701,0.9387454180719618,0.7857142857142857,0.4975755699989719,0.9683801565939821,0.9298597194388778,0.8034248694160979,51.95292254289268,74.28362007255002,73.6125591521198,53.80203403886562
تایرا,1399,تراکتورسازی ایران,0.9999999803261204,0.1379787850793966,0.4098407119130693,0.75,0.504157218442935,0.8072172225435126,0.9102564102564102,0.4170601531985489,47.122322410343145,61.7063810219999,60.61689091858767,46.48106329341213
تایرا,1400,تراکتورسازی ایران,0.9999992087162668,8.322794419858075e-09,0.8032591948339521,0.7272727272727273,0.1738035264483709,0.7090437674999137,0.9117997616209772,0.558099226653,41.88146803885824,61.04096776710004,60.07216704389601,43.66969915311308
تایرا,1401,تراکتورسازی ایران,0.8826104529535383,1.4594486272574945e-06,0.6556868376004733,0.8518518518518519,0.7796610169491517,0.7867145396987795,0.8574468085106383,0.4239255548086385,45.64331432430235,65.47373152277125,64.98715529965547,46.33920821994308
تملت,1398,تامین سرمایه بانک ملت,0.999999642612371,0.0189897794393701,0.8414091813133247,0.7857142857142857,0.4975755699989719,0.9683801565939821,0.9779559118236472,0.748659246586468,50.827711500829494,72.98354717603026,72.16482959371075,52.20653890228101
تملت,1400,تامین سرمایه بانک ملت,0.999999732367365,8.322794419858075e-09,0.5559608156863711,0.7272727272727273,0.1738035264483709,0.7090437674999137,0.966626936829559,0.398620305511031,38.52805056356709,56.641597749226655,55.339971105911175,39.157260181513706
تنوین,1392,تامین سرمایه نوین,0.651185886718485,0.0868254272360079,1.0,0.7777777777777778,0.7713529856387006,0.9252738376407008,0.0,0.6926854157910984,47.84184745779328,61.313766635034625,61.97266426810375,50.35981359018443
تنوین,1393,تامین سرمایه نوین,0.707548045216801,0.4046052432191417,1.0,0.75,0.8782521201667389,0.9252738376407008,0.0,0.3433003559912075,58.04661292288753,62.61224502793237,62.91635717056463,60.25592713228094
تنوین,1394,تامین سرمایه نوین,0.0,1.6439380567811723e-09,1.0,0.8181818181818182,0.8782521201667389,0.9252738376407008,0.0,0.1644427147373745,31.227496034343766,47.326881154632126,47.899432293746635,34.738856298381734
تنوین,1395,تامین سرمایه نوین,0.8745812366634849,0.4064046745807681,1.0,1.0,0.8965188364329985,1.0,0.3948126801152738,1.0,71.80882321261693,82.15396784740656,82.75500627363137,73.06138350648368
تنوین,1396,تامین سرمایه نوین,0.8826104529535382,0.1340920353324397,1.0,1.0,0.8329925017041601,1.0,0.7663043478260869,1.0,62.278400582334335,82.69999172270282,82.8963257049345,63.880693822339275
تنوین,1398,تامین سرمایه نوین,0.9999998347199294,0.0189897794393701,0.9329408233459424,0.7857142857142857,0.4975755699989719,0.9683801565939821,0.9899799599198396,0.8001589506171999,52.120602135349145,74.92174200436901,74.18657325532875,53.925443324800696
تنوین,1399,تامین سرمایه نوین,0.9999996385064227,0.1379787850793966,0.7891983751029676,0.75,0.504157218442935,0.8072172225435126,0.9871794871794872,0.6637889552964811,52.949254604913335,70.49399602689004,69.76185337939394,54.0385924720235
تنوین,1401,تامین سرمایه نوین,0.8826104529535383,1.4594486272574945e-06,0.8469037037683589,0.8888888888888888,0.794099183929693,0.7867145396987795,0.9595744680851064,0.5475542620366813,49.29341871095191,71.32933698512092,70.99458191643593,50.81628786144003
تپمپی,1395,پمپ  سازی  ایران,0.8745812366634849,0.4064046745807681,1.0,0.6666666666666666,0.849785407725319,1.0,0.9164265129682996,1.0,70.71855877840785,83.92330623255673,83.8026626623463,72.01267285642237
تپمپی,1396,پمپ  سازی  ایران,0.8826104529535382,0.1340920353324397,1.0,0.6666666666666666,0.7895705521472393,1.0,0.9483695652173914,1.0,59.83234795536758,80.26636590396595,80.07241163233645,61.56993391601571
تپمپی,1397,پمپ  سازی  ایران,0.9999998826212564,2.685766663480101e-09,1.0,0.8,0.7142418661755675,0.9999990543268971,0.9468334636434714,1.0,56.5687210050345,80.763428368162,80.5071081833299,58.41052710908956
تکاردان,1398,تامین سرمایه کاردان,0.99999956236008,0.0189897794393701,0.8358491222250874,0.6428571428571429,0.5286908077994413,0.9683801565939821,0.0,0.7455309142297126,45.923641077065525,59.25371856881021,59.333153585821364,47.59626216221819
تکاردان,1399,تامین سرمایه کاردان,0.9999996391467268,0.1379787850793966,0.3652046382777389,0.5833333333333334,0.5444897959183628,0.8072172225435126,0.0,0.3880294888756107,41.831173931254185,47.82816128968352,47.52378417976312,41.28850857391217
تکاردان,1400,تامین سرمایه کاردان,0.9999999098504174,8.322794419858075e-09,0.4187697733099105,0.5454545454545454,0.2410075566750593,0.7090437674999137,0.4100119189511323,0.3101479123479393,33.524588176874445,45.43044240514641,44.487801863167114,33.7108208212572
تکاردان,1401,تامین سرمایه کاردان,0.8826104529535383,1.4594486272574945e-06,0.5490076007752549,0.8148148148148148,0.8108474576271164,0.7867145396987795,0.7340425531914894,0.3549535211115873,43.63548343277397,61.6624049952651,61.18734308081832,43.86692383228234
تکشا,1392,گسترش صنایع وخدمات کشاورزی,0.651185886718485,0.0868254272360079,0.8170535379099906,1.0,0.910274454609426,0.9252738376407008,0.9389567147613762,0.5916160156470366,52.572041632294074,74.01482343153779,73.83475286375597,53.75684346438635
تکشا,1393,گسترش صنایع وخدمات کشاورزی,0.707548045216801,8.736364652412125e-11,0.9942915479257256,1.0,0.9522237587545144,0.9252738376407008,0.941871921182266,0.347088426370733,49.212696966202685,73.35371921472631,72.98907390529666,51.56603944502077
تکشا,1394,گسترش صنایع وخدمات کشاورزی,0.0,1.6439380567811723e-09,1.0,0.8181818181818182,0.8782521201667389,0.9252738376407008,0.924949290060852,0.1644427147373745,35.020547888895244,58.88874728039277,58.56784747019332,38.26977908308012
تکشا,1395,گسترش صنایع وخدمات کشاورزی,0.8745812366634849,0.4064046745807681,1.0,1.0,0.8965188364329985,1.0,0.9193083573487032,1.0,73.95968631680248,88.71016381282443,88.80456780430693,75.06360541974931
تکشا,1396,گسترش صنایع وخدمات کشاورزی,0.8826104529535382,0.1340920353324397,1.0,1.0,0.8329925017041601,1.0,0.927536231884058,1.0,62.93958374492553,84.71539027342745,84.75598298268426,64.49618414073575
تکشا,1397,گسترش صنایع وخدمات کشاورزی,0.7885497586320347,2.685766663480101e-09,1.0,1.0,1.0,0.9999987769712728,0.9499609069585614,1.0,58.41003414583392,84.23136806559545,84.48694575115043,60.11453205566287
تکشا,1398,گسترش صنایع وخدمات کشاورزی,0.999999802098903,6.575586254094877e-06,0.9628446685760128,0.8571428571428571,0.4448865897333848,0.8975873560595479,0.8667334669338678,0.816984161489967,50.86624029733897,73.07731847025994,72.57879532224585,52.917560401044426
تکشا,1399,گسترش صنایع وخدمات کشاورزی,0.9672225317603078,8.664749159884425e-10,0.9999982903403698,0.8333333333333334,0.4358600583090337,0.9594757553783296,0.9184149184149184,0.8008902072694367,50.803589833330264,73.93993869590255,73.29598708645767,53.05792502453544
تکشا,1400,گسترش صنایع وخدمات کشاورزی,0.9999994703404804,1.4647913541831138e-14,0.8807301811577712,0.7272727272727273,0.1738035264483709,0.8912479297715714,0.9034564958283672,0.7618896780162444,45.71135385009215,66.73000011044434,65.76475067852571,47.6413783351515
تکشا,1401,گسترش صنایع وخدمات کشاورزی,0.8826104529535383,8.427552659942488e-10,0.7401335000246846,0.8518518518518519,0.7796610169491517,0.8915621219797074,0.8468085106382979,0.4785234148952167,47.45103456613597,68.38938587669006,67.85672648359558,48.487174513257806
تکمبا,1392,کمباین  سازی  ایران,0.651185886718485,0.0868254272360079,0.6938289085994693,1.0,0.910274454609426,0.9252738376407008,0.8912319644839067,0.861830684826581,54.34809028389523,75.25563955143222,75.37344587690613,54.689174012333375
تکمبا,1393,کمباین  سازی  ایران,0.707548045216801,0.6396925377936392,0.5817582910723202,1.0,0.9522237587545144,0.9252738376407008,0.8995073891625616,0.0657594379880602,67.48527369517049,72.14704122035747,71.28288611561064,66.98370881220657
تکمبا,1394,کمباین  سازی  ایران,0.0,1.6439380567811723e-09,1.0,0.8181818181818182,0.8782521201667389,0.9252738376407008,0.9148073022312372,0.1644427147373745,34.97895740803393,58.76197243252259,58.45086923360947,38.23106282447597
تکمبا,1395,کمباین  سازی  ایران,0.8745812366634849,0.4064046745807681,1.0,1.0,0.8965188364329985,1.0,0.9125840537944284,1.0,73.93211114880009,88.62611001839599,88.72700932314443,75.03793590804078
تکمبا,1396,کمباین  سازی  ایران,0.8826104529535382,0.1340920353324397,1.0,1.0,0.8329925017041601,1.0,0.9329710144927535,1.0,62.96187081782186,84.78332505603615,84.81866805946234,64.51693100540079
تکمبا,1397,کمباین  سازی  ایران,0.9999996563704184,2.685766663480101e-09,1.0,1.0,1.0,0.9999999113935288,0.9452697419859264,1.0,61.35143179745446,86.81586640544549,86.9569965738369,62.88637931522815
تکمبا,1398,کمباین  سازی  ایران,0.6697333744169922,0.9175298064604424,0.8859103238609323,0.7857142857142857,0.4975755699989719,0.9905592968084228,0.8947895791583167,0.9020814642831456,82.504028775605,81.79867125876888,81.32454614168006,82.90004616690922
تکمبا,1399,کمباین  سازی  ایران,0.9999995341479704,3.186008611964363e-07,0.906231644715248,0.75,0.504157218442935,0.8770640210931869,0.8974358974358975,0.8618771748200148,50.70789646973888,72.45957261570142,71.99461219918062,52.437274553112836
تکمبا,1400,کمباین  سازی  ایران,0.9999999861710436,0.7648703315724893,0.9999993409646476,0.7272727272727273,0.1738035264483709,0.8912988119852497,0.8915375446960667,0.6849739209327889,75.12623501797793,76.67195237554229,75.61349890270952,76.57538865080572
تکمبا,1401,کمباین  سازی  ایران,0.8826104529535383,0.0730922961338399,0.2666283413914011,0.8518518518518519,0.7796610169491517,0.8935409739777826,0.8680851063829788,1.0,52.385551905308134,70.1933754955068,70.02005822934522,50.43443776785407
تیپیکو,1395,سرمایه گذاری دارویی تامین,0.8745812366634849,0.4064046745807681,1.0,0.6666666666666666,0.849785407725319,1.0,0.9087415946205571,1.0,70.68704430069084,83.82724475320995,83.71402439816057,71.98333627161261
تیپیکو,1396,سرمایه گذاری دارویی تامین,0.8826104529535382,0.1340920353324397,1.0,0.6666666666666666,0.7895705521472393,1.0,0.9248188405797102,1.0,59.735770639483476,79.97198184599492,79.80077629963144,61.48003083580049
تیپیکو,1397,سرمایه گذاری دارویی تامین,0.9999998826212564,2.685766663480101e-09,1.0,0.8,0.7142418661755675,0.9999990543268971,0.9437060203283816,1.0,56.555895918520264,80.72433532672336,80.47103608285401,58.3985883347397
ثاخت,1393,بین المللی توسعه ساختمان,0.8603537672364185,0.8123178136022543,0.7700527086264168,0.625,1.0,0.9252738376407008,0.9241379310344828,0.4706753621356393,79.60464478555289,79.84764275344891,79.24696386083305,79.48556155155683
ثاخت,1394,بین المللی توسعه ساختمان,0.0,0.0553596296555401,1.0,0.7272727272727273,1.0,0.9252738376407008,0.9178498985801216,0.1644427147373745,37.72596802213608,59.8774850985808,59.637568097959104,40.84367289142165
ثاخت,1395,بین المللی توسعه ساختمان,0.8745812366634849,0.5574022242161157,1.0,1.0,0.8965188364329985,0.9132318084672512,0.9221902017291066,1.0,79.25373301899437,89.54905384386196,89.75320514203902,80.17137216750669
ثاخت,1396,بین المللی توسعه ساختمان,0.8826104529535382,0.1340920353324397,1.0,1.0,0.8329925017041601,0.9113525117576616,0.927536231884058,1.0,62.40860743689824,83.60729667039821,83.77647389425752,64.0101281067199
ثاخت,1399,بین المللی توسعه ساختمان,0.999913798671544,0.1379787850793966,0.993102651480847,0.75,0.3998488284202537,0.8072172225435126,0.8927738927738927,0.7964053823124189,54.36920504513668,72.21550701602332,71.69926142462681,56.50566518037115
ثاخت,1400,بین المللی توسعه ساختمان,0.9999999320771056,0.0038137438750914,0.8142892585625895,0.7272727272727273,0.0,0.7090437674999137,0.9070321811680572,0.5652123451038109,40.24500659274114,59.08329944449119,57.95237178221109,42.21040837959304
ثاخت,1401,بین المللی توسعه ساختمان,0.8826104529535383,1.1456019974598055e-09,0.5862756574073386,0.8518518518518519,0.7796610169491517,0.7867145396987795,0.8468085106382979,0.3790486846537025,44.594062550710646,63.91213394122828,63.35715351244038,44.9721174001973
ثامان,1393,سامان  گستراصفهان,0.9692117004869796,2.155224542360302e-09,0.7700527086264168,0.625,1.0,0.9252738376407008,0.9379310344827586,0.4706753621356393,49.97278847883606,71.22680806909649,70.62325221145234,50.996090321360064
ثامان,1394,سامان  گستراصفهان,0.0,3.9357038846948835e-09,1.0,0.7272727272727273,1.0,0.9252738376407008,0.936105476673428,0.1644427147373745,35.673685767220455,59.41368450324917,59.161019829988334,38.870332485474144
ثامان,1395,سامان  گستراصفهان,0.8745812366634849,0.430743939028395,1.0,1.0,0.8965188364329985,0.7392079189184376,0.92507204610951,1.0,73.35645767631848,85.82654971441033,86.29152086366587,74.55391235911006
ثامان,1396,سامان  گستراصفهان,0.8826104529535382,0.1340920353324397,1.0,1.0,0.8329925017041601,0.6414804284964004,0.9393115942028986,1.0,60.84042973746344,80.38108765861796,80.93034403442154,62.5753653640836
ثامان,1397,سامان  گستراصفهان,0.9999997443469832,2.685766663480101e-09,1.0,1.0,1.0,0.4288768285793694,0.9554339327599688,1.0,57.97222997639775,79.80388135465111,80.76361603446166,59.79370167209292
ثامان,1398,سامان  گستراصفهان,0.9999995311315272,0.9551903726778124,0.9152528514196822,0.7142857142857143,1.0,0.96969330413744,0.9218436873747496,0.80950949167398,92.76659708438252,91.07218690876132,90.80222503677155,92.72421827211555
ثامان,1399,سامان  گستراصفهان,0.0,0.4347518237496283,0.8372408822542269,0.75,0.2607709750566874,0.8136628196693771,0.9009324009324008,0.6950351152910874,48.0408912532606,58.6549252119176,58.337395404979496,49.91343910985515
ثامان,1400,سامان  گستراصفهان,0.9999995232380932,0.0,0.2661274863855238,0.7272727272727273,0.0,0.4856130640599186,0.9082240762812872,0.2117112492236061,30.833478167325474,44.98685158076445,43.558848881746734,30.382910523354862
ثامان,1401,سامان  گستراصفهان,0.8826104529535383,5.536585095146238e-10,0.9999968767494452,0.8518518518518519,0.7796610169491517,0.3618353654992379,0.848936170212766,0.646534605352597,48.05150774782842,67.14282925152808,67.67105683094124,50.5567022851204
ثامید,1399,توسعه و عمران امید,0.9999988175220242,0.1379787850793966,0.9628633851570544,0.75,0.3998488284202537,0.8072172225435126,0.9382284382284384,0.7767381956958276,54.11746592214301,72.16092090808135,71.56631320465112,56.1012889970824
ثامید,1400,توسعه و عمران امید,0.9999996514931836,8.322794419858075e-09,0.783526830478975,0.7272727272727273,0.0,0.7090437674999137,0.935637663885578,0.5453741283739125,39.77065505520545,58.76068471658855,57.56764889053767,41.59150264091138
ثامید,1401,توسعه و عمران امید,0.8826104529535383,1.4594486272574945e-06,0.6320711837192914,0.8888888888888888,0.7507846829880711,0.7867145396987795,0.9042553191489362,0.4086571696594327,45.47499879484404,65.67479620631957,65.10537608899448,46.05302356838726
ثبهساز,1399,بهساز کاشانه تهران,0.999998883481456,0.1379787850793966,0.9185011952571864,0.75,0.3998488284202537,0.8072172225435126,0.9370629370629372,0.7478856614398994,53.468172266784165,71.23116891605802,70.58720962369944,55.24739984968014
ثبهساز,1400,بهساز کاشانه تهران,0.999999096628284,8.322794419858075e-09,0.7901018775773911,0.7272727272727273,0.0,0.7090437674999137,0.9034564958283672,0.5496142751202334,39.73381510533165,58.49360310312138,57.33909378247306,41.59418559299395
ثبهساز,1401,بهساز کاشانه تهران,0.8826104529535383,1.4594486272574945e-06,0.493587831854919,0.8888888888888888,0.7507846829880711,0.7867145396987795,0.8361702127659575,0.3191226107750352,43.18956523929509,61.97350849217271,61.31287847348324,43.14674002328915
ثشاهد,1395,سرمایه  گذاری  شاهد,0.8745812366634849,0.4064046745807681,1.0,1.0,0.8965188364329985,1.0,0.909702209414025,1.0,73.92029321965622,88.59008696364094,88.69376997407478,75.02693468873713
ثشاهد,1396,سرمایه  گذاری  شاهد,0.8826104529535382,0.1340920353324397,1.0,1.0,0.8329925017041601,1.0,0.927536231884058,1.0,62.93958374492553,84.71539027342745,84.75598298268426,64.49618414073575
ثشاهد,1397,سرمایه  گذاری  شاهد,0.9999998826212564,2.685766663480101e-09,1.0,0.8,0.7142418661755675,0.9999990543268971,0.9397967161845192,1.0,56.539864560377474,80.67546902492508,80.42594595725913,58.38366486680236
ثشرق,1393,سرمایه گذاری مسکن شمال شرق,0.8494630652680406,0.2556846520632037,0.7700527086264168,0.625,1.0,0.9252738376407008,0.9684729064039408,0.4706753621356393,58.245826188467255,73.30778165172427,72.71953580772399,58.96874848888817
ثشرق,1394,سرمایه گذاری مسکن شمال شرق,0.0,1.6439380567811723e-09,1.0,0.7272727272727273,1.0,0.9252738376407008,0.9432048681541584,0.1644427147373745,35.70279901576428,59.502426868111236,59.242904567152245,38.89743378192015
ثشرق,1395,سرمایه گذاری مسکن شمال شرق,0.8745812366634849,0.4851069050601591,1.0,1.0,0.8965188364329985,0.6421669221903679,0.9433237271853988,1.0,74.93890257904124,85.52122034415511,86.1045225231457,76.0977571886466
ثشرق,1396,سرمایه گذاری مسکن شمال شرق,0.8826104529535382,0.1340920353324397,1.0,1.0,0.8329925017041601,0.6729014525905901,0.927536231884058,1.0,60.980345164022474,80.62665843080983,81.14171250135007,62.702695956936005
ثشرق,1397,سرمایه گذاری مسکن شمال شرق,0.9999999694396274,2.685766663480101e-09,1.0,1.0,1.0,0.0922716568491022,0.965598123534011,1.0,55.997733773644555,75.72337190635633,77.16153926418713,57.98689245448575
ثشرق,1398,سرمایه گذاری مسکن شمال شرق,0.3050460132123478,2.809270460669897e-10,0.9152528514196822,0.7142857142857143,1.0,0.9926937009705592,0.9468937875751504,0.80950949167398,46.57430287466545,71.0460194927295,71.19383851294228,48.52613498012336
ثشرق,1399,سرمایه گذاری مسکن شمال شرق,0.999999936308584,3.477522297323554e-07,0.7653852811010005,0.6666666666666666,0.4693877551020395,0.8853922819060214,0.921911421911422,0.648301259310728,46.439421724373716,66.96306187573364,66.08743524802485,47.67198415898361
ثشرق,1400,سرمایه گذاری مسکن شمال شرق,0.9999997502097488,1.5035741850500026e-09,0.7270859416504805,0.6363636363636364,0.1158690176322444,0.9255274604067985,0.9237187127532778,0.5089762672569561,40.74413691999117,60.46925984720895,58.982811398638255,42.15268168944114
ثشرق,1401,سرمایه گذاری مسکن شمال شرق,0.8826104529535383,0.7684524425455906,0.8810284486596209,0.8518518518518519,0.7796610169491517,0.939392462729986,0.8553191489361702,0.5696171594156679,79.34070468571987,81.59916230051971,81.08078732370612,79.83387373293024
ثفارس,1393,عمران وتوسعه فارس,0.7037330027126031,4.0710809384108356e-10,0.7700527086264168,0.625,1.0,0.9252738376407008,0.9310344827586208,0.4706753621356393,46.227390898374956,67.82211742851361,67.37460113125607,47.46718886576159
ثفارس,1394,عمران وتوسعه فارس,0.0,0.0861607317713905,1.0,0.7272727272727273,1.0,0.9252738376407008,0.9442190669371197,0.1644427147373745,39.01760863786118,60.5921134794914,60.324006680147704,42.08104020320228
ثفارس,1395,عمران وتوسعه فارس,0.8745812366634849,0.0025886725270873,1.0,1.0,0.8965188364329985,0.4845145912798593,0.9173871277617676,1.0,55.347902765592515,77.19488080831496,78.07450210499505,57.32715073747756
ثفارس,1396,عمران وتوسعه فارس,0.8826104529535382,0.1340920353324397,1.0,1.0,0.8329925017041601,0.3881111368034017,0.9293478260869564,1.0,59.28195134509278,77.0894244110062,78.01582121477014,61.14810031446935
ثفارس,1397,عمران وتوسعه فارس,0.9999999394600858,2.685766663480101e-09,1.0,1.0,1.0,0.170242777718,0.9397967161845192,1.0,56.358953924848024,76.37549295060464,77.7254848050496,58.31591445874612
ثفارس,1398,عمران وتوسعه فارس,0.9999998115999073,2.6221408141963166e-10,0.9152528514196822,0.7142857142857143,1.0,0.9959191939419266,0.9188376753507014,0.80950949167398,56.209007155670285,79.42255923167659,79.20176813000958,57.60554193246443
ثفارس,1399,عمران وتوسعه فارس,0.9999999088696624,0.5126551823769346,0.9591031814009306,0.75,0.2607709750566874,0.9274236864921932,0.9149184149184147,0.7742926129162645,67.54504550982475,76.23954952538858,75.31260912966931,68.99241138981449
ثفارس,1400,عمران وتوسعه فارس,0.999999812896129,0.6710660147718234,0.8592691123037005,0.6363636363636364,0.1158690176322444,0.9459668216754356,0.9117997616209772,0.7757295912384746,70.46441931617929,73.95079710628025,72.73965179755947,71.30832825842586
ثفارس,1401,عمران وتوسعه فارس,0.8826104529535383,4.2088723935332745e-10,0.9532422720814115,0.8518518518518519,0.7796610169491517,0.9887524968203316,0.8468085106382979,0.616306041063753,51.12051874972365,73.99040803474028,73.55833987479856,53.09251387120245
ثمسکن,1393,سرمایه گذاری  مسکن,0.9735732007043254,2.628344236338212e-09,0.7700527086264168,0.125,0.9555451017288016,0.9252738376407008,0.9822660098522168,0.4706753621356393,45.65545490633796,65.02982779145556,64.0806397109363,46.92746268227475
ثمسکن,1394,سرمایه گذاری  مسکن,0.0,3.554993089549726e-09,1.0,0.2727272727272727,0.9417852522639072,0.9252738376407008,0.9665314401622718,0.1644427147373745,31.455848252634965,53.3845065135815,52.8110829679339,34.897972646268286
ثمسکن,1395,سرمایه گذاری  مسکن,0.8745812366634849,0.5692181043956906,1.0,0.6666666666666666,0.849785407725319,0.8115662456329704,0.9510086455331412,1.0,75.98766622321145,84.0353288327159,84.14023632467783,77.12007996913826
ثمسکن,1396,سرمایه گذاری  مسکن,0.8826104529535382,0.1340920353324397,1.0,0.6666666666666666,0.7895705521472393,0.3337040761014873,0.967391304347826,1.0,55.91940658512657,72.17543859436496,72.92958260839374,57.989233441590784
ثمسکن,1397,سرمایه گذاری  مسکن,0.9999998826212564,2.685766663480101e-09,1.0,0.8,0.7142418661755675,0.0,0.9812353401094606,1.0,50.72005244812991,68.69346364490063,69.85442677380316,53.05883787541473
ثمسکن,1398,سرمایه گذاری  مسکن,0.9999994977312678,0.0189897794393701,0.9152528514196822,0.5,0.8801017318638765,0.9784420545183038,0.9639278557114228,0.80950949167398,53.94869734047782,75.82779077947379,75.35460684071533,55.50172555483472
ثمسکن,1399,سرمایه گذاری  مسکن,0.9999996936823852,0.2526458806879666,0.8019277533811288,0.4166666666666667,1.0,0.7608458230933033,0.9615384615384616,0.6964161753518401,60.19277114521508,73.6255056800219,73.35758334936578,60.959063114976296
ثمسکن,1400,سرمایه گذاری  مسکن,0.999998482192052,0.891441623793052,0.8747548846697097,0.3636363636363636,1.0,0.8076242894107146,0.9487485101311084,0.6423091275654844,84.5026603544986,81.60641601748107,81.16894682011682,84.72263997908601
ثمسکن,1401,سرمایه گذاری  مسکن,0.8826104529535383,0.443403555834922,0.8047150431164671,0.7407407407407407,1.0,0.7210773069728261,0.9936170212765958,0.5702492361389175,67.07535825699142,76.9551669629251,76.7881619346845,67.62584451616782
ثنوسا,1393,نوسازی وساختمان تهران,0.0,2.9398171799408038e-09,0.7700527086264168,0.625,1.0,0.9252738376407008,0.9753694581280788,0.4706753621356393,36.55584076316708,59.579642118383155,59.48527264289256,38.3517829514294
ثنوسا,1394,نوسازی وساختمان تهران,0.0,0.181025183609569,1.0,0.7272727272727273,1.0,0.9252738376407008,0.9503042596348884,0.1644427147373745,42.68764638222505,61.85398403619076,61.57162621292323,45.6052128811123
ثنوسا,1395,نوسازی وساختمان تهران,0.8745812366634849,0.4622694366104635,1.0,1.0,0.8965188364329985,0.9620284614019536,0.94716618635927,1.0,75.99304080929092,89.28205196835212,89.39969427983945,77.02342336750445
ثنوسا,1396,نوسازی وساختمان تهران,0.8826104529535382,0.1340920353324397,1.0,1.0,0.8329925017041601,0.9681244239415044,0.9538043478260868,1.0,62.85637786004992,84.64529702197161,84.70675215540234,64.42168620238637
ثنوسا,1397,نوسازی وساختمان تهران,0.9999998826212564,2.685766663480101e-09,1.0,1.0,0.7732078302980719,0.9128663293797976,0.9757623143080532,1.0,58.44521693688195,83.27295449116183,83.27760548915009,60.18610964674531
ثنوسا,1398,نوسازی وساختمان تهران,0.4866536477218327,0.0189897794393701,0.9152528514196822,0.7142857142857143,1.0,0.999999981293834,0.933867735470942,0.80950949167398,49.837104022664946,73.48199001631694,73.52793169793182,51.613308797603786
ثنوسا,1399,نوسازی وساختمان تهران,0.9999995341473964,0.0,0.0,0.6666666666666666,0.4693877551020395,0.0,0.9114219114219114,0.0,28.35714856727516,38.09344834172517,37.4729492957663,26.629461982117007
ثنوسا,1400,نوسازی وساختمان تهران,0.9999994174458816,0.8300846370440109,0.99999961474918,0.6363636363636364,0.1158690176322444,0.0,0.9392133492252682,0.6849740974922228,71.1081690690558,65.08129712440555,65.15796146432216,72.9819794064081
ثنوسا,1401,نوسازی وساختمان تهران,0.8826104529535383,7.849421566910126e-10,0.9801513545997996,0.8518518518518519,0.7796610169491517,0.0,0.8446808510638297,0.6593696952029386,45.85484109213699,62.479065292575655,63.542470820989415,48.43175793704148
جم,1392,پتروشیمی جم,0.651185886718485,0.0868254272360079,0.9160233271598138,1.0,0.910274454609426,0.9252738376407008,0.9056603773584906,0.6462922149984212,53.76930665930224,75.51919407151682,75.47305440333174,55.42869138373907
جم,1393,پتروشیمی جم,0.707548045216801,0.4046052432191417,0.1405185018058249,1.0,0.9522237587545144,0.9252738376407008,0.923152709359606,0.913643482761424,64.32440954573993,74.58706973447515,74.48846616336313,61.20214600386756
جم,1394,پتروشیمی جم,0.0,1.6439380567811723e-09,1.0,0.8181818181818182,0.8782521201667389,0.9252738376407008,0.9158215010141988,0.1644427147373745,34.983116456120065,58.77464991730961,58.46256705726787,38.234934450336375
جم,1395,پتروشیمی جم,0.8745812366634849,0.4064046745807681,1.0,1.0,0.8965188364329985,1.0,0.92507204610951,1.0,73.98332217509022,88.78220992233452,88.87104650244623,75.08560785835662
جم,1396,پتروشیمی جم,0.8826104529535382,0.1340920353324397,1.0,1.0,0.8329925017041601,1.0,0.9329710144927535,1.0,62.96187081782186,84.78332505603615,84.81866805946234,64.51693100540079
جم,1398,پتروشیمی جم,0.9999998020981524,0.0189897794393701,0.842280718887838,0.7857142857142857,0.4975755699989719,0.9683801565939821,0.9298597194388778,0.7491496117338899,50.64232083894935,72.39937054881709,71.62801731455805,52.03886731789923
جم,1399,پتروشیمی جم,0.99999996916767,0.1379787850793966,0.9999998476416762,0.75,0.504157218442935,0.8072172225435126,0.9184149184149184,0.8008912201159483,55.72989241686792,73.9832397675757,73.55737950478492,57.812489539104476
جم,1400,پتروشیمی جم,0.999999975305392,8.322794419858075e-09,0.8464900508847992,0.7272727272727273,0.1738035264483709,0.7090437674999137,0.902264600715137,0.7839706113992947,44.59387653745712,64.28556584810536,63.596417259862825,46.42193906548411
جم,1401,پتروشیمی جم,0.8826104529535383,1.4594486272574945e-06,0.8805473205904493,0.8518518518518519,0.7796610169491517,0.7867145396987795,0.8531914893617021,0.5693060924978021,48.88345092101749,70.04855279189877,69.82097534520967,50.619977929520964
جم_پیلن,1398,پتروشیمی جم پیلن,0.999999816589006,0.0395852406480617,0.9264863912420274,0.7857142857142857,0.4975755699989719,0.9683801565939821,0.9779559118236472,0.8792515945850495,53.6632277001359,75.93686208993789,75.29733312032488,55.34189617408739
جم_پیلن,1399,پتروشیمی جم پیلن,0.9999994032521492,0.9300891505404788,0.7767732814336998,0.75,0.504157218442935,0.8072172225435126,0.9918414918414918,0.9460750439903188,86.34186126553537,83.82691015055734,83.33108108475446,85.93021562687187
جم_پیلن,1400,پتروشیمی جم پیلن,0.9999999394057402,0.6477030407572845,0.7120239247727524,0.7272727272727273,0.1738035264483709,0.8190778713134892,0.9761620977353992,0.4992630042337128,66.37179471976167,69.44132664924346,68.09033019629564,66.680020959326
جم_پیلن,1401,پتروشیمی جم پیلن,0.8826104529535383,2.276528502654076e-09,0.6695401803494027,0.8888888888888888,0.7507846829880711,0.7196090788326265,0.9744680851063828,0.4328822482696297,45.90374673951646,66.48479524581336,65.98736361479399,46.66908187979358
حتاید,1394,تایدواترخاورمیانه,0.0,1.6439380567811723e-09,1.0,0.8181818181818182,0.8782521201667389,0.9252738376407008,0.9219066937119677,0.1644427147373745,35.008070744636846,58.85071482603173,58.53275399921818,38.258164205498865
حتاید,1395,تایدواترخاورمیانه,0.8745812366634849,0.4064046745807681,1.0,1.0,0.8965188364329985,1.0,0.9221902017291066,1.0,73.97150424594633,88.74618686757947,88.83780715337657,75.07460663905296
حتاید,1396,تایدواترخاورمیانه,0.8826104529535382,0.1340920353324397,1.0,1.0,0.8329925017041601,1.0,0.9239130434782608,1.0,62.924725696327975,84.67010041835499,84.71419293149887,64.4823528976257
حتاید,1398,تایدواترخاورمیانه,0.9999997159510692,0.0189897794393701,0.971995147342622,0.7857142857142857,0.4975755699989719,0.9683801565939821,0.9128256513026052,0.8221326209489586,52.334809526003376,74.72016159114831,74.10012375327986,54.344739931733066
حتاید,1399,تایدواترخاورمیانه,0.9999999352124496,0.1379787850793966,0.9163062626559706,0.75,0.504157218442935,0.8072172225435126,0.9067599067599068,0.7464581086475559,54.46615647457329,72.11096799177159,71.60113540509236,56.16544429997094
حتاید,1400,تایدواترخاورمیانه,0.4404127258730752,8.322794419858075e-09,0.9834213612220568,0.7272727272727273,0.1738035264483709,0.7090437674999137,0.901072705601907,0.695665715433479,36.83883423653088,57.883656720929054,57.46789374466026,39.89779846333723
حتاید,1401,تایدواترخاورمیانه,0.8826104529535383,1.4594486272574945e-06,0.9578822902307016,0.8888888888888888,0.794099183929693,0.7867145396987795,0.8574468085106383,0.6193059827363026,50.4823745279783,72.33687007996461,72.22656347762357,52.54718972911863
حتوکا,1394,حمل ونقل توکا,0.0,1.6439380567811723e-09,1.0,0.8181818181818182,0.8782521201667389,0.9252738376407008,0.9553752535496958,0.1644427147373745,35.14531933147917,59.26907182400332,58.91878217994486,38.38592785889257
حتوکا,1395,حمل ونقل توکا,0.8745812366634849,0.4064046745807681,1.0,1.0,0.8965188364329985,1.0,0.9750240153698368,1.0,74.18816628025075,89.4066095380886,89.44719521965342,75.27629565962002
حتوکا,1396,حمل ونقل توکا,0.8826104529535382,0.1340920353324397,1.0,1.0,0.8329925017041601,1.0,0.9918478260869564,1.0,63.20331410753213,85.51928520096368,85.4977563912249,64.74168870593883
حتوکا,1398,حمل ونقل توکا,0.999999642612371,0.0189897794393701,0.7352915343968729,0.7857142857142857,0.4975755699989719,0.9683801565939821,0.9849699398797596,0.9868261810457049,52.61318637324085,74.72183862101647,74.11928452558188,53.247298739491164
حتوکا,1400,حمل ونقل توکا,0.9999997312153864,8.322794419858075e-09,0.8418041344921952,0.7272727272727273,0.1738035264483709,0.7090437674999137,0.9868891537544696,0.5829562653985328,42.74712601809032,62.77211643005488,61.774404115640216,44.69230447571229
حتوکا,1401,حمل ونقل توکا,0.8826104529535383,1.4594486272574945e-06,0.6717464507009869,0.8888888888888888,0.794099183929693,0.7867145396987795,0.9872340425531916,0.434308682855805,46.86931679028417,68.07004626286887,67.51002577683379,47.57467539927471
حفاری,1395,حفاری شمال,0.8745812366634849,0.4064046745807681,1.0,1.0,0.8965188364329985,1.0,0.9193083573487032,1.0,73.95968631680248,88.71016381282443,88.80456780430693,75.06360541974931
حفاری,1396,حفاری شمال,0.8826104529535382,0.1340920353324397,1.0,1.0,0.8329925017041601,1.0,0.9193840579710144,1.0,62.906153135581036,84.61348809951441,84.66195536751714,64.46506384373816
حفاری,1398,حفاری شمال,0.999999505379841,0.0189897794393701,0.9536407211665204,0.8571428571428571,0.4448865897333848,0.9683801565939821,0.8697394789579158,0.8118056182345715,51.90695952365198,74.05730883310554,73.44195151345633,53.849531005650505
حفاری,1399,حفاری شمال,0.9999996385064227,0.1379787850793966,0.7276911752077051,0.8333333333333334,0.4358600583090337,0.8072172225435126,0.8951048951048951,0.6237855515878294,51.60044583226669,68.2621332459016,67.52108616078196,52.444513061088415
حفاری,1401,حفاری شمال,0.8826104529535383,1.4594486272574945e-06,0.8549644105601086,0.925925925925926,0.7657384987893442,0.7867145396987795,0.825531914893617,0.5527658041981001,48.84807078825399,69.92816258085051,69.72169308422409,50.45036152118878
حپترو,1393,حمل و نقل پتروشیمی( سهامی عام,0.707548045216801,4.57370055310036e-10,0.7700527086264168,0.625,0.9184993531694684,0.9252738376407008,0.9261083743842364,0.4706753621356393,45.358838040061435,66.7894710203829,66.26068636907362,46.65819654830339
حپترو,1394,حمل و نقل پتروشیمی( سهامی عام,0.0,8.37828274912748e-10,1.0,0.8181818181818182,0.8782521201667389,0.9252738376407008,0.9117647058823528,0.1644427147373745,34.96648023280148,58.72393996808516,58.415775752629095,38.21944791714549
حپترو,1395,حمل و نقل پتروشیمی( سهامی عام,0.8745812366634849,0.4064046745807681,1.0,1.0,0.8965188364329985,0.9822349279230348,0.9125840537944284,1.0,73.82570280525539,88.40404661743393,88.5307144263463,74.94052964590135
حپترو,1396,حمل و نقل پتروشیمی( سهامی عام,0.8826104529535382,0.1340920353324397,1.0,1.0,0.8329925017041601,0.9252738376407008,0.9193840579710144,1.0,62.45856209166875,83.67941107002316,83.83626976011345,64.05533873100522
حپترو,1397,حمل و نقل پتروشیمی( سهامی عام,0.9999999599288016,2.685766663480101e-09,1.0,1.0,1.0,0.9999995267101808,0.9397967161845192,1.0,61.328989842188406,86.74745256886584,86.8938697711267,62.865488355865
حپترو,1398,حمل و نقل پتروشیمی( سهامی عام,0.9999988351094982,1.23215813773641e-10,0.8867039856741606,0.7857142857142857,0.4975755699989719,0.99736972162613,0.8476953907815631,0.9016349154441418,51.72184258808225,73.95865880589957,73.41512405300206,53.25944365093692
حپترو,1399,حمل و نقل پتروشیمی( سهامی عام,0.999999936014502,0.2616988281065087,0.8956475546407509,0.75,0.504157218442935,0.8784233629969272,0.8682983682983683,0.868760915729369,60.64615213635314,75.33732730286701,74.8788020717773,61.925254403475236
حپترو,1400,حمل و نقل پتروشیمی( سهامی عام,0.9999978241823718,0.4053125053529867,0.985647664604368,0.8181818181818182,0.0,0.907608747248489,0.8581644815256257,0.6757187455838628,59.880324682910135,70.63289733349403,69.46593112095162,61.899180380259914
حپترو,1401,حمل و نقل پتروشیمی( سهامی عام,0.8826104529535383,0.2671161325753824,0.3676754650146792,0.925925925925926,0.7100484261501205,0.5755328819377128,0.8170212765957447,0.2377156541166467,50.13627964762266,59.79557769087188,59.27039722688566,49.231467402141234
حکشتی,1395,کشتیرانی جمهوری اسلامی ایران,0.8745812366634849,0.4064046745807681,1.0,1.0,0.8965188364329985,1.0,0.914505283381364,1.0,73.93998976822934,88.6501253882327,88.74916888919086,75.04527005424322
حکشتی,1396,کشتیرانی جمهوری اسلامی ایران,0.8826104529535382,0.1340920353324397,1.0,0.6666666666666666,0.7895705521472393,1.0,0.9257246376811594,1.0,59.73948515163286,79.98330430976304,79.81122381242778,61.483488646577996
حکشتی,1397,کشتیرانی جمهوری اسلامی ایران,0.9999998826212564,2.685766663480101e-09,1.0,0.8,0.7142418661755675,0.9999990543268971,0.9397967161845192,1.0,56.539864560377474,80.67546902492508,80.42594595725913,58.38366486680236
خبهمن,1393,گروه بهمن,0.707548045216801,0.4046052432191417,0.7352890532673866,1.0,0.9522237587545144,0.9252738376407008,0.9369458128078818,0.5189598313458176,64.6304562023398,77.26056977815306,76.95102631197688,64.8942199033949
خبهمن,1394,گروه بهمن,0.0,1.6439380567811723e-09,1.0,0.5454545454545454,0.8324708926261305,0.9252738376407008,0.9137931034482758,0.1644427147373745,32.24915626084354,54.76793869438706,54.27182451589707,35.66216484181393
خبهمن,1395,گروه بهمن,0.8745812366634849,0.4064046745807681,1.0,0.6666666666666666,0.849785407725319,1.0,0.9183477425552352,1.0,70.72643739783709,83.94732160239342,83.82482222839272,72.02000700262481
خبهمن,1396,گروه بهمن,0.8826104529535382,0.1340920353324397,1.0,0.6666666666666666,0.7895705521472393,1.0,0.9284420289855072,1.0,59.75062868808103,80.01727170106739,79.84256635081682,61.493862078910524
خبهمن,1397,گروه بهمن,0.9999998826212564,2.685766663480101e-09,1.0,0.8,0.7142418661755675,0.9999990543268971,0.9397967161845192,1.0,56.539864560377474,80.67546902492508,80.42594595725913,58.38366486680236
ختراک,1392,ریخته گری  تراکتورسازی  ایران,0.651185886718485,0.0868254272360079,0.9657599336630794,1.0,0.910274454609426,0.9252738376407008,0.9478357380688124,0.7116014578179883,55.01878412784031,77.48445919693125,77.49105078888647,56.86887187473629
ختراک,1393,ریخته گری  تراکتورسازی  ایران,0.707548045216801,0.4046052432191417,0.5733990803611424,1.0,0.9522237587545144,0.9252738376407008,0.9625615763546798,0.6263883606790145,64.66759519373436,76.89999877782495,76.61950089955663,64.00139625398474
ختراک,1394,ریخته گری  تراکتورسازی  ایران,0.0,1.6439380567811723e-09,1.0,0.8181818181818182,0.8782521201667389,0.9252738376407008,0.9655172413793104,0.1644427147373745,35.18690981234048,59.39584667187351,59.0357604165287,38.42464411749671
ختراک,1395,ریخته گری  تراکتورسازی  ایران,0.8745812366634849,0.4064046745807681,1.0,1.0,0.8965188364329985,1.0,0.9654178674351584,1.0,74.1487731831045,89.28653268890511,89.33639738942128,75.23962492860782
ختراک,1396,ریخته گری  تراکتورسازی  ایران,0.8826104529535382,0.1340920353324397,1.0,1.0,0.8329925017041601,1.0,0.9728260869565216,1.0,63.125309352394964,85.28151346183324,85.27835862250161,64.66907467961114
ختراک,1398,ریخته گری  تراکتورسازی  ایران,0.9999996643549984,0.0189897794393701,0.7706106626343848,0.8571428571428571,0.4448865897333848,0.9683801565939821,0.9579158316633266,0.7088249043108173,49.78184969641172,71.58438057341402,70.69355708221094,50.84074482166482
ختراک,1399,ریخته گری  تراکتورسازی  ایران,0.9999997808626035,0.1379787850793966,0.7453464172527369,0.8333333333333334,0.4358600583090337,0.8072172225435126,0.9685314685314684,0.6352682686730493,52.15806087247002,69.54419168231418,68.75230737704187,53.062875262052266
ختراک,1400,ریخته گری  تراکتورسازی  ایران,0.999999072095869,8.322794419858075e-09,0.8749586909715428,0.8181818181818182,0.0600035984166947,0.7090437674999137,0.9499404052443384,0.604337128938732,42.55587567206396,62.70580612089629,61.71047399261741,44.70827921249885
ختراک,1401,ریخته گری  تراکتورسازی  ایران,0.8826104529535383,1.4594486272574945e-06,0.7758862958601465,0.8888888888888888,0.7507846829880711,0.7867145396987795,0.9234042553191488,0.5016389068364222,47.636995851300505,68.87411852492028,68.44922176454551,48.87438533158463
ختور,1392,رادیاتور ایران,0.651185886718485,0.0868254272360079,0.9503714177011742,1.0,0.910274454609426,0.9252738376407008,0.9189789123196448,0.6652679353673738,54.286829862614226,76.35222339491015,76.32853812277615,56.103872260270336
ختور,1393,رادیاتور ایران,0.707548045216801,0.4046052432191417,0.3229508832808121,1.0,0.9522237587545144,0.9252738376407008,0.9261083743842364,0.7925832213210152,64.4130536387466,75.39116704771527,75.22909408220015,62.3297385314411
ختور,1394,رادیاتور ایران,0.0,1.6439380567811723e-09,1.0,0.8181818181818182,0.8782521201667389,0.9252738376407008,0.9158215010141988,0.1644427147373745,34.983116456120065,58.77464991730961,58.46256705726787,38.234934450336375
ختور,1395,رادیاتور ایران,0.8745812366634849,0.4064046745807681,1.0,1.0,0.8965188364329985,1.0,0.9193083573487032,1.0,73.95968631680248,88.71016381282443,88.80456780430693,75.06360541974931
ختور,1396,رادیاتور ایران,0.8826104529535382,0.1340920353324397,1.0,1.0,0.8329925017041601,1.0,0.9338768115942028,1.0,62.965585329971255,84.79464751980426,84.8291155722587,64.5203888161783
ختور,1398,رادیاتور ایران,0.9999993541523076,0.0189897794393701,0.8992117160303889,0.8571428571428571,0.4448865897333848,0.9683801565939821,0.9198396793587176,0.781181480035466,51.372918731462924,73.62039515608092,72.90005514909055,53.04593784644903
ختور,1399,رادیاتور ایران,0.9999997664309568,0.1379787850793966,0.6024051100959964,0.8333333333333334,0.6705539358600535,0.8072172225435126,0.9184149184149184,0.5423012855138325,52.472605227410796,68.9025544659,68.23798061662751,52.55495069413493
ختور,1400,رادیاتور ایران,0.9999999175446428,8.322794419858075e-09,0.680979110673645,0.8181818181818182,0.4510615329255077,0.7090437674999137,0.9094159713945172,0.4792426811056585,43.90981593942991,63.09906009560622,62.32582180140758,44.88288191607623
ختور,1401,رادیاتور ایران,0.8826104529535383,1.4594486272574945e-06,0.8909551638390257,0.8888888888888888,0.8518518518518499,0.7867145396987795,0.8531914893617021,0.5760351443416071,50.134348616509584,71.62811237980023,71.5054903811637,51.847595279951534
ختوقا,1395,قطعات  اتومبیل  ایران,0.8745812366634849,0.4064046745807681,1.0,0.6666666666666666,0.849785407725319,1.0,0.946205571565802,1.0,70.84067737956123,84.2955444650255,84.14613593606597,72.12635212256015
ختوقا,1396,قطعات  اتومبیل  ایران,0.8826104529535382,0.1340920353324397,1.0,0.6666666666666666,0.7895705521472393,1.0,0.9538043478260868,1.0,59.854635028263914,80.33430068657464,80.13509670911453,61.59068078068075
ختوقا,1397,قطعات  اتومبیل  ایران,0.9999998826212564,2.685766663480101e-09,1.0,0.8,0.7142418661755675,0.9999990543268971,0.9562157935887412,1.0,56.607196264577176,80.88070749247787,80.6153244847576,58.44634343213916
خراسان,1392,پتروشیمی خراسان,0.651185886718485,0.0868254272360079,0.7469433671753529,1.0,0.910274454609426,0.9252738376407008,0.9733629300776916,0.5528834114786035,51.76826661964067,73.08436643670335,72.79896859317122,52.613807950408884
خراسان,1393,پتروشیمی خراسان,0.707548045216801,0.4046052432191417,0.0943211445989217,1.0,0.9522237587545144,0.9252738376407008,0.9852216748768472,0.9442995762471657,64.55956525605797,75.16866600692616,75.02545655643131,61.15640641881846
خراسان,1394,پتروشیمی خراسان,0.0,1.6439380567811723e-09,1.0,1.0,0.6112325467279323,0.9252738376407008,0.9827586206896552,0.1644427147373745,33.78255659674531,58.54634651799502,57.9873726053195,37.131928471024686
خراسان,1395,پتروشیمی خراسان,0.8745812366634849,0.4064046745807681,1.0,1.0,0.8965188364329985,1.0,0.967339097022094,1.0,74.15665180253374,89.31054805874182,89.35855695546769,75.24695907481028
خراسان,1396,پتروشیمی خراسان,0.8826104529535382,0.1340920353324397,1.0,1.0,0.8329925017041601,1.0,0.9818840579710144,1.0,63.16245447388885,85.39473809951441,85.38283375046508,64.70365278738623
خراسان,1398,پتروشیمی خراسان,0.999999874445476,2.147544310856788e-06,0.7837333763236014,0.7857142857142857,0.4975755699989719,0.9683801565939821,0.9649298597194388,0.7162083168233325,49.26111135503284,71.4567948395425,70.59237118053991,50.40189406761508
خراسان,1399,پتروشیمی خراسان,0.9999995341483604,0.6914889960044104,0.6341973385257792,0.75,0.504157218442935,0.3822008832075724,0.9662004662004662,0.5629784964881566,69.33369615147849,68.640286662721,68.31967919324322,69.08731554531639
خراسان,1400,پتروشیمی خراسان,0.999999738040519,7.475954824939995e-10,0.9999977685625286,0.7272727272727273,0.1738035264483709,0.0,0.9630512514898688,0.6849729069148467,40.691344121936275,56.86372399345571,57.09654287981074,43.734043066162045
خراسان,1401,پتروشیمی خراسان,0.8826104529535383,0.4809347351678777,0.6843401133195297,0.8518518518518519,0.7796610169491517,0.0,0.9446808510638298,0.4424509469771592,60.18336602257892,63.33162460353674,63.89195712579515,60.65489249630812
خریخت,1392,صنایع ریخته گری ایران,0.651185886718485,0.0868254272360079,0.7503324893838178,1.0,0.910274454609426,0.9252738376407008,0.9655937846836848,0.8306150879212091,54.744164119389225,76.50126210241665,76.53549098988024,55.381057601080826
خریخت,1393,صنایع ریخته گری ایران,0.707548045216801,2.1332924720934158e-11,0.9429670107094346,1.0,0.9522237587545144,0.9252738376407008,0.9802955665024632,0.305453847940275,48.535971288688565,72.67202583481902,72.20263135754774,50.648122415580524
خریخت,1394,صنایع ریخته گری ایران,0.0,1.6439380567811723e-09,1.0,0.8181818181818182,0.8782521201667389,0.9252738376407008,0.960446247464503,0.1644427147373745,35.16611457190982,59.33245924793842,58.97727129823678,38.405285988194635
خریخت,1395,صنایع ریخته گری ایران,0.8745812366634849,0.4064046745807681,1.0,1.0,0.8965188364329985,1.0,0.9529298751200768,1.0,74.09756215681436,89.1304327849666,89.19236021011947,75.19195297829198
خریخت,1396,صنایع ریخته گری ایران,0.8826104529535382,0.1340920353324397,1.0,1.0,0.8329925017041601,1.0,0.9628623188405796,1.0,63.08444971875169,85.15696636038396,85.1634359817418,64.63103876105856
خریخت,1397,صنایع ریخته گری ایران,0.999999970571834,2.685766663480101e-09,1.0,1.0,1.0,0.9999984036099776,0.9585613760750586,1.0,61.405933783203224,86.98199691178297,87.11029009135261,62.937114984400345
خریخت,1398,صنایع ریخته گری ایران,0.9999995215681116,0.1536901639563396,0.9748920680508468,0.7857142857142857,0.4975755699989719,0.9973715475438024,0.9198396793587176,0.8237625552073313,57.7523240731325,76.91056739248008,76.23282480029798,59.5544983042626
خریخت,1399,صنایع ریخته گری ایران,0.9999984830334472,0.0042519681989047,0.7870359146612603,0.75,0.504157218442935,0.8963408843629819,0.921911421911422,0.6623825219325673,48.0456611711074,69.07598015679397,68.28695099896956,49.30153548184772
خریخت,1400,صنایع ریخته گری ایران,0.9999997554059328,3.0800675291176706e-10,0.572990845980262,0.7272727272727273,0.1738035264483709,0.8197774814577755,0.9272943980929678,0.4096027101173465,39.27643660797433,57.884268063542365,56.479286339565164,39.93942615306251
خریخت,1401,صنایع ریخته گری ایران,0.8826104529535383,0.906183884277936,0.5961610052994339,0.8518518518518519,0.7796610169491517,0.8142350547561664,0.9106382978723404,0.3854399241133338,79.98319045480568,76.58476860092192,75.85943571733912,78.99801696043538
خرینگ,1392,رینگ سازی مشهد,0.651185886718485,0.0868254272360079,0.8445153261758671,1.0,0.910274454609426,0.9252738376407008,0.978912319644839,0.7785834568653696,54.95067965835807,77.1946338611337,77.19641573571859,56.111995518407184
خرینگ,1393,رینگ سازی مشهد,0.707548045216801,0.5949076870617148,0.9903484079318232,1.0,0.9522237587545144,0.9252738376407008,0.9881773399014778,0.349705053718896,72.25973992462433,81.35230162782409,80.8917293618115,73.67356073043436
خرینگ,1394,رینگ سازی مشهد,0.0,1.6439380567811723e-09,0.8447925798684792,1.0,0.9522237587545144,0.9252738376407008,0.9817444219066938,0.0347580241196651,34.98778555766289,59.234907799174884,58.81910297037155,37.38785550407097
خرینگ,1395,رینگ سازی مشهد,0.8745812366634849,0.4064046745807681,1.0,1.0,0.8965188364329985,1.0,0.956772334293948,1.0,74.11331939567287,89.17846352463998,89.23667934221233,75.20662127069686
خرینگ,1396,رینگ سازی مشهد,0.8826104529535382,0.1340920353324397,1.0,1.0,0.8329925017041601,1.0,0.960144927536232,1.0,63.073306182303526,85.12299896907962,85.13209344335276,64.62066532872603
خرینگ,1397,رینگ سازی مشهد,0.9599041068178265,2.685766663480101e-09,1.0,1.0,1.0,0.999999758180047,0.946051602814699,1.0,60.79323689790171,86.32444338122924,86.48737924533305,62.36036538474982
خرینگ,1398,رینگ سازی مشهد,0.9999930735861632,2.5557841386758302e-15,0.8918116454391394,0.8571428571428571,0.4448865897333848,0.9957544979516064,0.9128256513026052,0.8987611227278226,51.98506448701391,75.01469297354477,74.391616069868,53.54025879777993
خرینگ,1399,رینگ سازی مشهد,0.9999995341481256,3.067308166693588e-11,0.7951025784707237,0.8333333333333334,0.4358600583090337,0.8891417991116627,0.9090909090909092,0.6676289647799322,47.826177363004994,69.12696471592992,68.34245743062095,49.145816297217436
خرینگ,1400,رینگ سازی مشهد,0.999999767002524,0.7108382825314623,0.999999707478606,0.8181818181818182,0.0600035984166947,0.8989994134257251,0.899880810488677,0.6849741572920034,72.61099430621137,75.91096943521889,74.76722515566281,74.17943146456241
خرینگ,1401,رینگ سازی مشهد,0.8826104529535383,1.0,0.9050154139526916,0.8518518518518519,0.7796610169491517,0.8603142997083865,0.8319148936170213,0.5851256109918097,88.0155843169736,83.70616925030563,83.33185859818562,88.31451621183949
خشرق,1392,الکتریک  خودرو شرق,0.651185886718485,0.0868254272360079,0.9318435190169716,1.0,0.910274454609426,0.9252738376407008,0.978912319644839,0.730338697358772,55.09152305589142,77.68317677781505,77.66680180702288,56.74259348362446
خشرق,1393,الکتریک  خودرو شرق,0.707548045216801,0.2866154099337674,0.9396897649061728,1.0,0.9522237587545144,0.9252738376407008,0.9881773399014778,0.303279101162649,59.5331610290912,76.28509071895104,75.7790078130123,61.19248122709491
خشرق,1394,الکتریک  خودرو شرق,0.0,1.6439380567811723e-09,1.0,1.0,0.6112325467279323,0.9252738376407008,0.9827586206896552,0.1644427147373745,33.78255659674531,58.54634651799502,57.9873726053195,37.131928471024686
خشرق,1395,الکتریک  خودرو شرق,0.8745812366634849,0.4064046745807681,1.0,1.0,0.8965188364329985,1.0,0.9606147934678194,1.0,74.12907663453137,89.22649426431339,89.28099847430519,75.22128956310175
خشرق,1396,الکتریک  خودرو شرق,0.8826104529535382,0.1340920353324397,1.0,1.0,0.8329925017041601,1.0,0.9692028985507246,1.0,63.11045130379741,85.23622360676077,85.23656857131623,64.65524343650112
خشرق,1397,الکتریک  خودرو شرق,0.9999998943463826,2.685766663480101e-09,1.0,1.0,1.0,0.9999999847406176,0.970289288506646,1.0,61.45403626093386,87.12861462849266,87.24557702888835,62.981893051909665
خشرق,1398,الکتریک  خودرو شرق,0.999997656196094,0.5347761911066847,0.9255539628280997,0.8571428571428571,0.5224830879426994,0.9976358848663366,0.9649298597194388,0.7960027798992131,72.7681424712468,82.4815284962678,81.73692327742084,73.69512622801142
خشرق,1399,الکتریک  خودرو شرق,0.9999979581825232,0.1222571555372025,0.702542091614164,0.8333333333333334,0.5364431486880459,0.9766133348537608,0.9615384615384616,0.6074289470665994,53.03093420511771,71.75193038517614,70.7772929013272,53.602464600415345
خشرق,1400,الکتریک  خودرو شرق,0.9999992880651898,2.2057404900798847e-10,0.927589839278928,0.8181818181818182,0.227599856063335,0.9518605063070822,0.9582836710369488,0.7316706052184246,47.66323967216511,70.18981980465375,69.1707600369048,49.730873295215986
خشرق,1401,الکتریک  خودرو شرق,0.8826104529535383,0.0824799824302521,0.6676334075974533,0.8888888888888888,0.794099183929693,0.9074907183807194,0.9297872340425531,0.4316494498506127,50.466735554624556,69.80799147592138,69.11633170191071,50.98284005678531
خفنر,1392,فنرسازی خاور,0.651185886718485,0.0868254272360079,0.9688618518006916,1.0,0.910274454609426,0.9252738376407008,0.9877913429522752,0.7098877925091167,55.18763771882325,78.0012574183338,77.96860912319785,57.04379831312865
خفنر,1393,فنرسازی خاور,0.707548045216801,0.4046052432191417,0.6828986426574012,1.0,0.9522237587545144,0.9252738376407008,1.0,0.5537255716937545,64.86705438067388,77.82843873977892,77.47539540692742,64.81434583696839
خفنر,1394,فنرسازی خاور,0.0,1.6439380567811723e-09,0.8578118022431361,1.0,0.9522237587545144,0.9252738376407008,1.0,0.283249099251485,37.82908806841198,62.731981244172175,62.58189976432694,40.0868068647166
خفنر,1395,فنرسازی خاور,0.8745812366634849,0.4064046745807681,1.0,1.0,0.8965188364329985,1.0,1.0,1.0,74.29058833283102,89.71880934596564,89.73526957825703,75.37163956025172
خفنر,1396,فنرسازی خاور,0.8826104529535382,0.1340920353324397,1.0,1.0,0.8329925017041601,1.0,0.9646739130434784,1.0,63.091878743050465,85.1796112879202,85.18433100733449,64.63795438261357
خفنر,1398,فنرسازی خاور,0.3672438601005541,0.0189897794393701,0.9049320931371788,0.8571428571428571,0.4448865897333848,0.9683801565939821,0.9238476953907816,0.7844000143193682,42.60750966027585,65.87278807321846,65.51055873080934,44.81757964603589
خفنر,1399,فنرسازی خاور,0.9999991690929728,0.1379787850793966,0.5687837164815641,0.8333333333333334,0.4358600583090337,0.8072172225435126,0.9347319347319348,0.5204344116470997,49.45425927328836,65.47923289023561,64.51909619688944,49.553042969923325
خفنر,1400,فنرسازی خاور,0.9999995232391216,8.322794419858075e-09,0.8541854505876317,0.8181818181818182,0.0600035984166947,0.7090437674999137,0.9535160905840286,0.5909407857177686,42.269968735464175,62.32338803187214,61.30109282595082,44.325305167731734
خفنر,1401,فنرسازی خاور,0.8826104529535383,1.4594486272574945e-06,0.9999986364723844,0.8888888888888888,0.7507846829880711,0.7867145396987795,0.9404255319148936,0.6465357430779264,50.95354551873976,73.69949919303886,73.51220111987726,53.22208004049812
خمحرکه,1392,نیرو محرکه,0.651185886718485,0.0868254272360079,0.9501144891724248,1.0,0.910274454609426,0.9252738376407008,0.921198668146504,0.7202448372613126,54.88431720080089,77.06397000981076,77.0995444928588,56.65421095974145
خمحرکه,1393,نیرو محرکه,0.707548045216801,0.4554888685593388,0.8493949445982251,1.0,0.9522237587545144,0.9252738376407008,0.9379310344827586,0.4432403295516903,66.63751822481015,78.38876023505036,78.03586148982397,67.47404274145985
خمحرکه,1394,نیرو محرکه,0.0,1.6439380567811723e-09,1.0,0.8181818181818182,0.8782521201667389,0.9252738376407008,0.9432048681541584,0.1644427147373745,35.0954107544456,59.1169420065591,58.77840829604425,38.33946834856759
خمحرکه,1395,نیرو محرکه,0.8745812366634849,0.4064046745807681,1.0,1.0,0.8965188364329985,1.0,0.956772334293948,1.0,74.11331939567287,89.17846352463998,89.23667934221233,75.20662127069686
خمحرکه,1396,نیرو محرکه,0.8826104529535382,0.1340920353324397,1.0,1.0,0.8329925017041601,1.0,0.9619565217391304,1.0,63.0807352066023,85.14564389661585,85.15298846894545,64.62758095028104
خمحرکه,1397,نیرو محرکه,0.0,2.685766663480101e-09,1.0,1.0,1.0,0.9999999759322402,0.9687255668491008,1.0,47.44606487793679,74.60906931833884,75.29021578005212,49.78249606636384
خمحرکه,1398,نیرو محرکه,0.9999994407408777,2.373847660581949e-07,0.7208138058921325,0.7857142857142857,0.4975755699989719,0.9502130756806764,0.9308617234468938,0.6808070153389046,48.157661961221606,69.57481442746885,68.70423462815593,49.02212082825791
خمحرکه,1399,نیرو محرکه,0.999999534147494,3.0800489561274475e-10,0.5785263941099089,0.75,0.504157218442935,0.690050171190468,0.9533799533799534,0.5267709099275222,43.7463889139463,62.53605226882857,61.77897686598324,44.14115401215909
خمحرکه,1400,نیرو محرکه,0.9999998938742092,0.5383156754959402,0.9999997701996436,0.7272727272727273,0.1738035264483709,0.707835617453151,0.9451728247914184,0.6849741977398358,65.54212575392854,72.21717791594119,71.3930288052635,67.41328292978835
خمحرکه,1401,نیرو محرکه,0.8826104529535383,0.3344595320463138,0.6855539248395188,0.8148148148148148,0.8108474576271164,0.6698637749333181,0.9276595744680852,0.4432357205802524,58.55899049519175,69.61306565328698,69.24573429781005,58.91777517411359
خمحور,1392,تولیدمحورخودرو,0.651185886718485,0.0868254272360079,0.8448411943865813,1.0,0.910274454609426,0.9252738376407008,0.981132075471698,0.7784034298552451,54.960308042655996,77.2242038239768,77.22377378167748,56.122822363970585
خمحور,1393,تولیدمحورخودرو,0.707548045216801,0.4865351212730007,0.7492901245207738,1.0,0.9522237587545144,0.9252738376407008,0.986206896551724,0.5096688637408517,67.98642381525407,78.95933309622959,78.59032273176517,68.19153982249635
خمحور,1394,تولیدمحورخودرو,0.0,1.6439380567811723e-09,1.0,1.0,0.6112325467279323,0.9252738376407008,0.9827586206896552,0.1644427147373745,33.78255659674531,58.54634651799502,57.9873726053195,37.131928471024686
خمحور,1395,تولیدمحورخودرو,0.8745812366634849,0.4064046745807681,1.0,1.0,0.8965188364329985,1.0,0.9807877041306436,1.0,74.2118021385385,89.47865564759869,89.51367391779272,75.29829809822735
خمحور,1396,تولیدمحورخودرو,0.8826107103889882,0.1340920353324397,1.0,0.8888888888888888,1.0,0.9970201879684344,0.9827898550724636,1.0,64.09211274355681,86.06752097064019,86.17436930973562,65.5604777621279
خمحور,1397,تولیدمحورخودرو,0.999999989743927,0.0,1.0,1.0,1.0,0.9938283139830624,0.9882720875684128,1.0,61.49081497491973,87.27625489119252,87.38479892884321,63.01670276394682
خمحور,1398,تولیدمحورخودرو,0.9999906432942766,0.1015020313557499,0.9462083285469328,0.7857142857142857,0.4975755699989719,0.9911215133827306,0.940881763527054,0.8681551703151414,56.056027963431696,76.63936632668928,75.99287713434957,57.750378163654105
خمحور,1399,تولیدمحورخودرو,0.999999867540436,0.1584099096373155,0.8987199752331153,0.75,0.504157218442935,0.8692743995799961,0.9382284382284384,0.7350202386630525,55.496455427318224,73.1726255915661,72.5205674606448,57.04309747601578
خمحور,1400,تولیدمحورخودرو,0.999997779536092,0.4880131338076905,0.9915305475390596,0.7272727272727273,0.1738035264483709,0.8568940031154895,0.9296781883194278,0.6904362259009049,64.43329708287312,73.22032664924703,72.20201126479971,66.26160542351097
خمحور,1401,تولیدمحورخودرو,0.8826104529535383,0.3292394475027217,0.9666844444312156,0.8518518518518519,0.7796610169491517,0.8635190633545973,0.8808510638297873,0.6249968978027381,63.35548025340461,77.24267798344503,76.94555699264255,64.94316571819338
خمهر,1392,مهرکام پارس,0.651185886718485,0.0868254272360079,0.9009196937857108,1.0,0.910274454609426,0.9252738376407008,0.9334073251942286,0.7474226706183674,54.85504108207222,76.94136619753658,76.97537611692422,56.34558034061487
خمهر,1393,مهرکام پارس,0.707548045216801,5.696920463921555e-10,0.8861702906803409,1.0,0.9522237587545144,0.9252738376407008,0.9438423645320198,0.4188365862290014,49.17542466992366,72.92368604528838,72.59306140687765,50.91196409111938
خمهر,1394,مهرکام پارس,0.0,1.6439380567811723e-09,1.0,0.8181818181818182,0.8782521201667389,0.9252738376407008,0.9310344827586208,0.1644427147373745,35.045502177412025,58.96481218911489,58.63803441214364,38.293008838242606
خمهر,1395,مهرکام پارس,0.8745812366634849,0.4064046745807681,1.0,1.0,0.8965188364329985,1.0,0.920268972142171,1.0,73.9636256265171,88.72217149774278,88.81564758733015,75.06727249285053
خمهر,1396,مهرکام پارس,0.8826104529535382,0.1340920353324397,1.0,1.0,0.8329925017041601,1.0,0.9320652173913044,1.0,62.958156305672475,84.77200259226802,84.808220546666,64.51347319462329
خمهر,1397,مهرکام پارس,0.7894648266202564,2.685766663480101e-09,1.0,1.0,1.0,0.9999989009968938,0.9585613760750586,1.0,58.458116256215376,84.35031382972468,84.59706886309766,60.15943724964161
خمهر,1398,مهرکام پارس,0.9999997077106884,3.152870013823088e-06,0.7186065073447854,0.8571428571428571,0.4448865897333848,0.8574804899395136,0.9208416833667334,0.996213906818406,50.92952994666394,72.43968618657979,72.04741743299982,51.57968864070768
خمهر,1399,مهرکام پارس,0.9999995341477784,0.527116780900666,0.9000459385981326,0.8333333333333334,0.4358600583090337,0.9311572388037036,0.9452214452214452,0.7358826262840791,70.00467197071868,78.85771194497715,78.05024481754326,70.9766336052833
خمهر,1400,مهرکام پارس,0.9999999821445033,0.4649133097434885,0.9999999127742418,0.8181818181818182,0.0600035984166947,0.9622647517078156,0.9511323003575686,0.6849742896840014,63.75066543033119,74.26837453762664,73.00506304909482,65.64618781973803
خمهر,1401,مهرکام پارس,0.8826104529535383,0.1044142023422726,0.9693249843419708,0.8888888888888888,0.7507846829880711,0.7677310339820916,0.9085106382978724,0.6267041035638875,54.27655624642412,73.73711234198241,73.56419255358189,56.26331607150223
خموتور,1392,موتورسازان تراکتورسازی ایران,0.651185886718485,0.0868254272360079,0.8212266696916519,1.0,0.910274454609426,0.9252738376407008,0.9478357380688124,0.7914493549763846,54.785680071841334,76.67589211176835,76.71253434419131,55.82519538033742
خموتور,1393,موتورسازان تراکتورسازی ایران,0.707548045216801,0.4046052432191417,0.9987610777077714,1.0,0.9522237587545144,0.9252738376407008,0.9625615763546798,0.3424782198364914,64.82836272873065,78.66814698412625,78.24448008393465,66.58789584160573
خموتور,1394,موتورسازان تراکتورسازی ایران,0.0,1.6439380567811723e-09,1.0,0.8181818181818182,0.8782521201667389,0.9252738376407008,0.9675456389452332,0.1644427147373745,35.19522790851274,59.42120164144754,59.059156063845464,38.432387369217544
خموتور,1395,موتورسازان تراکتورسازی ایران,0.8745812366634849,0.4064046745807681,1.0,1.0,0.8965188364329985,1.0,0.9654178674351584,1.0,74.1487731831045,89.28653268890511,89.33639738942128,75.23962492860782
خموتور,1396,موتورسازان تراکتورسازی ایران,0.8826104529535382,0.1340920353324397,1.0,1.0,0.8329925017041601,1.0,0.9728260869565216,1.0,63.125309352394964,85.28151346183324,85.27835862250161,64.66907467961114
خموتور,1398,موتورسازان تراکتورسازی ایران,0.2557384982117752,0.0189897794393701,0.9887737147836202,0.7857142857142857,0.4975755699989719,0.9683801565939821,0.9579158316633266,0.8315729766345166,42.32685723233183,66.30826016299811,66.08088814143915,45.004186762021995
خموتور,1399,موتورسازان تراکتورسازی ایران,0.9999995341478596,0.1379787850793966,0.6128514670057174,0.75,0.504157218442935,0.8072172225435126,0.9766899766899768,0.5490954467413932,50.34418549195783,66.72487063313488,65.80220463018658,50.62188306275471
خموتور,1400,موتورسازان تراکتورسازی ایران,0.9999986574055314,8.322794419858075e-09,0.9999996938600652,0.7272727272727273,0.1738035264483709,0.7090437674999137,0.9511323003575686,0.6849746036981107,44.88947956696235,65.57781606081352,64.79367265834986,47.57627250505452
خموتور,1401,موتورسازان تراکتورسازی ایران,0.8826104529535383,1.4594486272574945e-06,0.8909494569103507,0.8518518518518519,0.7796610169491517,0.7867145396987795,0.925531914893617,0.5760314546032043,49.33080336638241,71.16690184136401,70.88123869756392,51.094913538527756
خنصیر,1392,مهندسی نصیرماشین,0.651185886718485,0.0868254272360079,0.7219584971995212,1.0,0.910274454609426,0.9252738376407008,0.90677025527192,0.5390804344093214,51.15846300331266,71.76710991356728,71.52034560159952,51.9054505352932
خنصیر,1393,مهندسی نصیرماشین,0.707548045216801,0.4046052432191417,0.927327853032529,1.0,0.9522237587545144,0.9252738376407008,0.9192118226600984,0.3915248490345332,64.63828524113293,77.84644261947898,77.49022304903502,66.00161324031345
خنصیر,1394,مهندسی نصیرماشین,0.0,1.6439380567811723e-09,1.0,0.8181818181818182,0.8782521201667389,0.9252738376407008,0.9148073022312372,0.1644427147373745,34.97895740803393,58.76197243252259,58.45086923360947,38.23106282447597
خنصیر,1395,مهندسی نصیرماشین,0.8745812366634849,0.4064046745807681,1.0,1.0,0.8965188364329985,1.0,0.9164265129682996,1.0,73.94786838765859,88.67414075806938,88.77132845523728,75.05260420044566
خنصیر,1396,مهندسی نصیرماشین,0.8826104529535382,0.1340920353324397,1.0,1.0,0.8329925017041601,1.0,0.9375,1.0,62.98044337856881,84.83993737487671,84.87090562344409,64.53422005928833
خنصیر,1398,مهندسی نصیرماشین,0.9999992782446164,0.0189897794393701,0.9503902459696644,0.7857142857142857,0.4975755699989719,0.9683801565939821,0.9258517034068136,0.8099767587617166,52.094689502235795,74.46097222661776,73.80589001270339,53.99956910750583
خنصیر,1399,مهندسی نصیرماشین,0.9999996385064227,0.1379787850793966,0.6524394492698021,0.75,0.504157218442935,0.8072172225435126,0.9265734265734266,0.574842904587269,50.71382103101093,66.91510806253456,66.08589692298165,51.18859333169705
خنصیر,1401,مهندسی نصیرماشین,0.8826104529535383,1.4594486272574945e-06,0.8874823782382233,0.8518518518518519,0.7796610169491517,0.7867145396987795,0.8361702127659575,0.5737898612611364,48.91411890597054,69.97852216459081,69.77524751553679,50.687527315011216
خودرو,1392,ایران  خودرو,0.651185886718485,0.0868254272360079,0.7129918599116984,1.0,0.910274454609426,0.9252738376407008,0.7857935627081021,0.8512440466812423,53.94661234313571,74.04486344382077,74.26053329239267,54.42504693138972
خودرو,1393,ایران  خودرو,0.707548045216801,5.117388456125284e-10,0.4725716247572301,1.0,0.9522237587545144,0.9252738376407008,0.9182266009852216,0.6932964284085057,48.896890101934844,70.8642537034339,70.69579343607609,48.28335458290314
خودرو,1394,ایران  خودرو,0.0,1.6439380567811723e-09,1.0,0.8181818181818182,0.8782521201667389,0.9252738376407008,0.9066937119675456,0.1644427147373745,34.945685023344886,58.66055255422644,58.3572866443424,38.20008981759265
خودرو,1395,ایران  خودرو,0.8745812366634849,0.4064046745807681,1.0,1.0,0.8965188364329985,1.0,0.9058597502401536,1.0,73.90453598079772,88.54205622396756,88.64945084198192,75.01226639633225
خودرو,1396,ایران  خودرو,0.8826104529535382,0.1340920353324397,1.0,1.0,0.8329925017041601,1.0,0.9193840579710144,1.0,62.906153135581036,84.61348809951441,84.66195536751714,64.46506384373816
خودرو,1397,ایران  خودرو,0.8725614896740204,2.685766663480101e-09,1.0,1.0,1.0,0.9999963505301434,0.9343236903831118,1.0,59.52218949474677,85.08601916591303,85.30943388957229,61.16322768365157
خودرو,1398,ایران  خودرو,0.9999998851646662,4.760385052779894e-06,0.6959564525099797,0.8571428571428571,0.4448865897333848,0.8577590728097694,0.9018036072144288,1.0,50.72295336190006,71.96941531200174,71.59007730830953,51.258511757468426
خودرو,1399,ایران  خودرو,0.9999999150943266,0.3276443113264213,0.682350018395572,0.8333333333333334,0.4358600583090337,0.8504244779938863,0.8962703962703963,1.0,62.84932985072713,75.32353138403712,74.90426352449953,62.84001907301939
خودرو,1400,ایران  خودرو,0.9999997476074516,0.6425944460684702,0.3712735398579402,0.8181818181818182,0.0600035984166947,0.6929491639993798,0.8939213349225268,1.0,67.36914410361145,68.48654561317852,67.74802601321774,65.64791403762895
خودرو,1401,ایران  خودرو,0.8826104529535383,0.8333183403100041,0.0,0.8888888888888888,0.7507846829880711,0.8188736073789943,0.8106382978723404,1.0,78.88393477934174,74.81392837989796,74.61708153892724,74.46216752534009
خوساز,1392,محورسازان ایران خودرو,0.651185886718485,0.0868254272360079,0.7695149865467681,1.0,0.910274454609426,0.9252738376407008,0.9267480577136517,0.8200176516036339,54.61580236907447,76.12300377585841,76.19076720315397,55.37128407595374
خوساز,1393,محورسازان ایران خودرو,0.707548045216801,2.2290787917320007e-10,0.7858469781552879,1.0,0.9522237587545144,0.9252738376407008,0.9448275862068966,0.4854101097704673,49.1373830645779,72.5141289495947,72.21588573366743,50.30184356865154
خوساز,1394,محورسازان ایران خودرو,0.0,1.6439380567811723e-09,1.0,0.8181818181818182,0.8782521201667389,0.9252738376407008,0.9158215010141988,0.1644427147373745,34.983116456120065,58.77464991730961,58.46256705726787,38.234934450336375
خوساز,1395,محورسازان ایران خودرو,0.8745812366634849,0.4064046745807681,1.0,1.0,0.8965188364329985,1.0,0.9193083573487032,1.0,73.95968631680248,88.71016381282443,88.80456780430693,75.06360541974931
خوساز,1396,محورسازان ایران خودرو,0.8826104529535382,0.1340920353324397,1.0,1.0,0.8329925017041601,1.0,0.9682971014492754,1.0,63.10673679164802,85.22490114299266,85.22612105851988,64.65178562572362
خوساز,1397,محورسازان ایران خودرو,0.9999994805594768,2.685766663480101e-09,1.0,1.0,1.0,0.9999999732640924,0.9749804534792806,1.0,61.473268028301376,87.18724887485772,87.29968011328317,62.99979569124029
خوساز,1398,محورسازان ایران خودرو,0.9999976407405744,1.0,0.9944155273326684,0.7857142857142857,0.4975755699989719,0.9958826424737348,0.9288577154308616,0.8347473070629962,90.56432720549648,87.96488360942615,87.22619078297245,91.17038196515132
خوساز,1399,محورسازان ایران خودرو,0.999999832231964,9.198513732451804e-11,0.9662433190607228,0.75,0.504157218442935,0.8956019316412448,0.9522144522144522,0.8228464395538649,51.07724403411736,73.63828991546461,73.0744739923605,53.1230938137824
خوساز,1400,محورسازان ایران خودرو,0.9999993604832936,1.703542887207005e-09,0.8710553944531071,0.7272727272727273,0.1738035264483709,0.8962513054051456,0.9499404052443384,0.6018199530486068,44.14017516496417,65.25178342573916,64.05131787337861,46.13621653348863
خوساز,1401,محورسازان ایران خودرو,0.8826104529535383,0.823298744808707,0.8081767987676332,0.8518518518518519,0.7796610169491517,0.8336134468794038,0.9276595744680852,0.5225158995944301,80.05577851903494,80.36734732841002,79.84510828450384,80.16195238957314
خپویش,1392,سازه  پویش,0.651185886718485,0.0868254272360079,0.9881020681375036,1.0,0.910274454609426,0.9252738376407008,0.9178690344062151,0.6861123625461234,54.7907711910147,77.07053839118078,77.08672279230659,56.785457897025914
خپویش,1393,سازه  پویش,0.707548045216801,0.5662010263408429,0.640144409933429,1.0,0.9522237587545144,0.9252738376407008,0.9201970443349754,0.582096843007547,70.73103933876233,78.67106206536013,78.39504645867015,70.21173152152825
خپویش,1394,سازه  پویش,0.0,1.6439380567811723e-09,1.0,0.8181818181818182,0.8782521201667389,0.9252738376407008,0.920892494929006,0.1644427147373745,35.003911696550716,58.83803734124471,58.521056175559785,38.25429257963846
خپویش,1395,سازه  پویش,0.8745812366634849,0.4064046745807681,1.0,1.0,0.8965188364329985,1.0,0.9068203650336216,1.0,73.90847529051234,88.55406390888592,88.66053062500514,75.01593346943348
خپویش,1396,سازه  پویش,0.8826104529535382,0.1340920353324397,1.0,1.0,0.8329925017041601,1.0,0.9329710144927535,1.0,62.96187081782186,84.78332505603615,84.81866805946234,64.51693100540079
خپویش,1397,سازه  پویش,0.9999999797241848,2.685766663480101e-09,1.0,1.0,1.0,0.9999999727468668,0.9421422986708364,1.0,61.33861160588865,86.77677817284568,86.92092901126323,62.874445143424865
خپویش,1398,سازه  پویش,0.999999943874056,3.80714716865429e-10,0.8775894162348036,0.7857142857142857,0.4975755699989719,0.98606694184936,0.8777555110220441,0.9067631707454852,51.76372576671626,74.14331049774651,73.58913249629848,53.24734164929571
خپویش,1399,سازه  پویش,0.9999983208179166,2.085291562086758e-09,0.9058790638057004,0.75,0.504157218442935,0.8803907231354959,0.9417249417249416,0.8621064884042556,50.90921701129025,73.0532094802067,72.54075546215746,52.622353646164576
خپویش,1400,سازه  پویش,0.9999990508064982,0.0417375664178267,0.9570181111329252,0.7272727272727273,0.1738035264483709,0.8484669260702323,0.9046483909415972,0.6572559868866968,46.515778893122146,66.37752857471094,65.38372419256144,48.88293540966496
خپویش,1401,سازه  پویش,0.8826104529535383,3.766658988940532e-10,0.4840531243009937,0.8518518518518519,0.7796610169491517,0.8247102084998424,0.8382978723404255,0.9801153705144072,50.46953849267024,70.51624872233596,70.54493200606498,49.80976788524014
خچرخش,1392,چرخشگر,0.651185886718485,0.0868254272360079,0.9929055143578946,1.0,0.910274454609426,0.9252738376407008,0.9711431742508324,0.6887660428773688,55.07397455713235,77.82967922113396,77.79934296399331,57.07613911326348
خچرخش,1393,چرخشگر,0.707548045216801,4.0076571371214166e-10,0.8860459954120483,1.0,0.9522237587545144,0.9252738376407008,0.98128078817734,0.4189190672970752,49.32890081565075,73.39114366124058,73.02439682997547,51.05412182140333
خچرخش,1394,چرخشگر,0.0,1.6439380567811723e-09,0.9293700200458178,1.0,0.9522237587545144,0.9252738376407008,0.9787018255578094,0.2234581090460446,37.639629761907045,62.612844408610314,62.44579225266775,40.321351716905816
خچرخش,1395,چرخشگر,0.8745812366634849,0.4064046745807681,1.0,1.0,0.8965188364329985,1.0,0.9721421709894332,1.0,74.17634835110687,89.37058648333355,89.41395587058378,75.26529444031637
خچرخش,1396,چرخشگر,0.8826104529535382,0.1340920353324397,1.0,1.0,0.8329925017041601,1.0,0.9855072463768116,1.0,63.17731252248642,85.44002795458687,85.42462380165048,64.71748403049627
خچرخش,1397,چرخشگر,0.99999994094317,2.685766663480101e-09,1.0,1.0,1.0,0.9999998022086796,0.9913995308835029,1.0,61.54060515401194,87.392490959014,87.48906224645779,63.062479392716206
خچرخش,1398,چرخشگر,0.9999995270781786,2.5489528927851686e-10,0.9527571407423444,0.7857142857142857,0.4975755699989719,0.997403410262124,0.9218436873747496,0.8644705222270369,52.12542635926536,75.24705179565734,74.617358021812,54.012989387157454
خچرخش,1399,چرخشگر,0.999996729350785,0.7725599112433287,0.9187239483302752,0.8333333333333334,0.4358600583090337,0.9877685057919408,0.9871794871794872,0.8537523590974012,81.35328723830087,84.86467915794482,84.05244176870133,81.91110753994867
خچرخش,1400,چرخشگر,0.9999987110117694,1.3674611589032317e-10,0.9513249923863948,0.8181818181818182,0.0600035984166947,0.958786522616066,0.9594755661501788,0.6535845821700168,45.19584421279114,67.51694738837107,66.23657250848696,47.57210404660217
خچرخش,1401,چرخشگر,0.8826104529535383,0.8911611357481064,0.9767843037097492,0.8888888888888888,0.7507846829880711,0.789225005196628,0.9085106382978724,0.631526826730106,84.74342570759057,83.99364918141201,83.72856655853462,85.5583627377744
خکار,1392,ایرکا پارت صنعت,0.651185886718485,0.0868254272360079,0.934077941598663,1.0,0.910274454609426,0.9252738376407008,0.9034406215316316,0.6562665486385492,54.00352432720019,75.8418089746683,75.81637863017878,55.748392763544075
خکار,1393,ایرکا پارت صنعت,0.707548045216801,0.4046052432191417,0.7318035912995646,1.0,0.9522237587545144,0.9252738376407008,0.9408866995073892,0.5212727482394829,64.64515505630375,77.29517404846995,76.98298196716023,64.88793628345427
خکار,1394,ایرکا پارت صنعت,0.0,1.6439380567811723e-09,1.0,0.8181818181818182,0.8782521201667389,0.9252738376407008,0.9137931034482758,0.1644427147373745,34.9747983599478,58.74929494773558,58.43917140995109,38.22719119861555
خکار,1395,ایرکا پارت صنعت,0.8745812366634849,0.4064046745807681,1.0,1.0,0.8965188364329985,1.0,0.9193083573487032,1.0,73.95968631680248,88.71016381282443,88.80456780430693,75.06360541974931
خکار,1396,ایرکا پارت صنعت,0.8826104529535382,0.1340920353324397,1.0,1.0,0.8329925017041601,1.0,0.9266304347826086,1.0,62.93586923277614,84.70406780965934,84.74553546988791,64.49272632995823
خکار,1398,ایرکا پارت صنعت,0.4860048129442277,0.0189897794393701,0.8422281312786142,0.7857142857142857,0.4975755699989719,0.9683801565939821,0.9128256513026052,0.7491200236455463,43.375020877545076,65.76048013647005,65.29473764600284,45.191523517677915
خکار,1399,ایرکا پارت صنعت,0.9999995341478648,0.1379787850793966,0.4898978109619584,0.75,0.504157218442935,0.8072172225435126,0.9044289044289044,0.4691281461887953,48.26152634476979,63.28509527241709,62.29232716583688,47.99173312425241
خکار,1400,ایرکا پارت صنعت,0.9999993498043708,8.322794419858075e-09,0.9999997703810134,0.7272727272727273,0.1738035264483709,0.7090437674999137,0.9082240762812872,0.6849741978567985,44.71352651709966,65.04146779834095,64.29877060556352,47.4124797420525
خکار,1401,ایرکا پارت صنعت,0.8826104529535383,1.4594486272574945e-06,0.5807843729505036,0.8518518518518519,0.7796610169491517,0.7867145396987795,0.8340425531914893,0.3754983681359959,44.46221462721848,63.63955768974922,63.09068376516724,44.81850141537739
خکمک,1392,کمک فنرایندامین,0.651185886718485,0.0868254272360079,0.5660426040319878,1.0,0.910274454609426,0.9252738376407008,0.9522752497225304,0.93242666685168,54.3923234288516,75.30380158513523,75.38921209677378,53.99945556687621
خکمک,1393,کمک فنرایندامین,0.707548045216801,0.4046052432191417,0.9943679162377348,1.0,0.9522237587545144,0.9252738376407008,0.9379310344827586,0.3470377491403924,64.74317014001818,78.36234480865055,77.96576898229404,66.48329265585159
خکمک,1394,کمک فنرایندامین,0.0,1.6439380567811723e-09,1.0,0.8181818181818182,0.8782521201667389,0.9252738376407008,0.9533468559837728,0.1644427147373745,35.13700123530691,59.24371685442929,58.895386532628095,38.378184607171725
خکمک,1395,کمک فنرایندامین,0.8745812366634849,0.4064046745807681,1.0,1.0,0.8965188364329985,1.0,0.9317963496637848,1.0,74.01089734309261,88.86626371676294,88.94860498360873,75.11127737006515
خکمک,1396,کمک فنرایندامین,0.8826104529535382,0.1340920353324397,1.0,1.0,0.8329925017041601,1.0,0.9438405797101448,1.0,63.00644496361453,84.91919462125352,84.94403821301852,64.55842473473088
خکمک,1398,کمک فنرایندامین,0.999999814906979,0.0189897794393701,0.9977175388073914,0.7857142857142857,0.4975755699989719,0.9683801565939821,0.9288577154308616,0.8391738363811884,52.77761007562498,75.45510871591287,74.84920163033803,54.901562125254166
خکمک,1399,کمک فنرایندامین,0.9999981504597945,0.1379787850793966,0.9580292428858642,0.75,0.504157218442935,0.8072172225435126,0.9487179487179488,0.8281887572967638,55.83058347129896,74.1785915678277,73.73678673524189,57.665835057311575
خکمک,1400,کمک فنرایندامین,0.9999898244303888,8.322794419858075e-09,0.9094022698936686,0.7272727272727273,0.1738035264483709,0.7090437674999137,0.9213349225268176,0.7433994889812451,44.710963556580076,64.80308169219909,64.07593151897478,46.89123495729606
خکمک,1401,کمک فنرایندامین,0.8826104529535383,1.4594486272574945e-06,0.886850077871262,0.8518518518518519,0.7796610169491517,0.7867145396987795,0.8638297872340426,0.5733810559161172,49.018385652775706,70.31125302404213,70.0805439853818,50.78103254964594
خگستر,1395,گسترش سرمایه گذاری ایران خودرو,0.8745812366634849,0.4064046745807681,1.0,0.6666666666666666,0.849785407725319,1.0,0.9241114313160422,1.0,70.75007325612485,84.0193677119035,83.89130092653203,72.04200944123212
خگستر,1396,گسترش سرمایه گذاری ایران خودرو,0.8826104529535382,0.1340920353324397,1.0,0.6666666666666666,0.7895705521472393,1.0,0.9347826086956522,1.0,59.77663027312675,80.0965289474442,79.91569894039125,61.518066754353086
خگستر,1397,گسترش سرمایه گذاری ایران خودرو,0.9999998826212564,2.685766663480101e-09,1.0,0.8,0.7142418661755675,0.9999990543268971,0.9530883502736512,1.0,56.59437117806295,80.84161445103923,80.5792523842817,58.434404657789294
دابور,1392,داروسازی  ابوریحان,0.651185886718485,0.0868254272360079,0.9028443386991948,1.0,0.910274454609426,0.9252738376407008,0.972253052164262,0.6390114376441973,53.864779229058215,76.09585543390342,75.97183918470267,55.443351953069794
دابور,1393,داروسازی  ابوریحان,0.707548045216801,6.367583447301053e-10,0.9654087826689732,1.0,0.9522237587545144,0.9252738376407008,0.9783251231527094,0.3662547338257711,49.35006983810304,73.68792852370285,73.297667886648,51.528462207755624
دابور,1394,داروسازی  ابوریحان,0.0,1.6439380567811723e-09,1.0,0.8181818181818182,0.8782521201667389,0.9252738376407008,0.9685598377281948,0.1644427147373745,35.19938695659888,59.433879126234565,59.07085388750386,38.43625899507796
دابور,1395,داروسازی  ابوریحان,0.8745812366634849,0.4064046745807681,1.0,1.0,0.8965188364329985,1.0,0.967339097022094,1.0,74.15665180253374,89.31054805874182,89.35855695546769,75.24695907481028
دابور,1396,داروسازی  ابوریحان,0.8826104529535382,0.1340920353324397,1.0,1.0,0.8329925017041601,1.0,0.9791666666666666,1.0,63.151310937440684,85.36077070821005,85.35149121207604,64.69327935505372
دابور,1397,داروسازی  ابوریحان,0.7879011145404339,2.685766663480101e-09,1.0,1.0,1.0,0.9999992729825976,0.9843627834245504,1.0,58.54203103913444,84.65328967041685,84.87600126084041,60.23730345341938
دابور,1398,داروسازی  ابوریحان,0.9999998652775668,5.575206262524472e-06,0.6357030939021882,0.7857142857142857,0.4975755699989719,0.8248410058434253,0.9789579158316634,0.6329200073054967,46.44781695522067,66.94646648849825,66.12279391780581,46.9628689960107
دابور,1399,داروسازی  ابوریحان,0.999999534147994,1.0349530486495902e-09,0.3128890535300345,0.75,0.504157218442935,0.5149701387300745,0.9836829836829836,0.3540041802860419,38.962664543139184,55.2462888731877,54.411644082499656,38.21048060229838
دابور,1400,داروسازی  ابوریحان,0.9999998055978464,0.645393206686827,0.9999992312235076,0.7272727272727273,0.1738035264483709,0.5429810976809841,0.9821215733015496,0.6849738501624155,68.82055988071983,71.95681272967785,71.32664550245995,70.60208249305583
دابور,1401,داروسازی  ابوریحان,0.8826104529535383,1.828990678297683e-09,0.5524156750218203,0.8518518518518519,0.7796610169491517,0.5543619561893605,0.848936170212766,0.357156965931513,42.720519255052494,60.337426136737406,60.07903977301883,43.05919176439369
دارو,1392,کارخانجات داروپخش,0.651185886718485,0.0868254272360079,0.7932406146203205,1.0,0.910274454609426,0.9252738376407008,0.9778024417314096,0.5784604845420984,52.410416296676374,74.0382893387306,73.79620960027238,53.472291280919315
دارو,1393,کارخانجات داروپخش,0.707548045216801,0.4046052432191417,0.7329809116038364,1.0,0.9522237587545144,0.9252738376407008,0.9783251231527094,0.5204914905335764,64.79917718670012,77.76810512651599,77.41935838183561,65.03805864676721
دارو,1394,کارخانجات داروپخش,0.0,1.6439380567811723e-09,1.0,0.8181818181818182,0.8782521201667389,0.9252738376407008,0.9655172413793104,0.1644427147373745,35.18690981234048,59.39584667187351,59.0357604165287,38.42464411749671
دارو,1395,کارخانجات داروپخش,0.8745812366634849,0.4064046745807681,1.0,1.0,0.8965188364329985,1.0,0.9615754082612872,1.0,74.133015944246,89.23850194923173,89.29207825732841,75.22495663620296
دارو,1396,کارخانجات داروپخش,0.8826104529535382,0.1340920353324397,1.0,1.0,0.8329925017041601,1.0,0.9755434782608696,1.0,63.13645288884313,85.31548085313759,85.30970116089065,64.67944811194369
دارو,1398,کارخانجات داروپخش,0.9999999550362758,0.0189897794393701,0.8512721772209849,0.7857142857142857,0.4975755699989719,0.9683801565939821,0.9819639278557114,0.7542085993438437,50.97815399100225,73.22630564004282,72.41397070456428,52.40211761075974
دارو,1399,کارخانجات داروپخش,0.9999994075508908,0.1379787850793966,0.4321162664213764,0.75,0.504157218442935,0.8072172225435126,0.9790209790209792,0.4315478554731978,47.72793549356027,63.0254716816536,61.89490521103791,47.17008829095991
دارو,1400,کارخانجات داروپخش,0.9999998164601374,8.322794419858075e-09,0.6491396919239323,0.7272727272727273,0.1738035264483709,0.7090437674999137,0.9702026221692492,0.458709929659838,39.89095820886259,58.60215112196203,57.40252028075157,40.95000428506759
دارو,1401,کارخانجات داروپخش,0.8826104529535383,1.4594486272574945e-06,0.6102727842674052,0.8518518518518519,0.7796610169491517,0.7867145396987795,0.9531914893617022,0.3945637060550712,45.378026089344395,65.73584125732658,65.10530220553557,45.83685770744959
دالبر,1392,البرزدارو,0.651185886718485,0.0868254272360079,0.7923707300506235,1.0,0.910274454609426,0.9252738376407008,0.9855715871254164,0.5779799138295006,52.430552814738405,74.118522965127,73.86804416972427,53.48613767761301
دالبر,1393,البرزدارو,0.707548045216801,0.4046052432191417,0.3958267731160533,1.0,0.9522237587545144,0.9252738376407008,0.994088669950739,0.7442235265956227,64.72239735176608,76.54737318116966,76.29542142668078,63.03517795336394
دالبر,1394,البرزدارو,0.0,1.6439380567811723e-09,0.3141695479887638,1.0,0.9522237587545144,0.9252738376407008,0.9929006085192698,0.7374933453703223,38.57578808660236,61.52576374896886,61.66776591450173,37.66013678203205
دالبر,1395,البرزدارو,0.8745812366634849,0.4064046745807681,1.0,1.0,0.8965188364329985,1.0,0.9865513928914506,1.0,74.23543799682626,89.55070175710877,89.58015261593201,75.32030053683465
دالبر,1396,البرزدارو,0.8826104529535382,0.1340920353324397,1.0,1.0,0.8329925017041601,1.0,0.9909420289855072,1.0,63.19959959538275,85.50796273719557,85.48730887842856,64.73823089516131
دالبر,1398,البرزدارو,0.9999999313589848,0.0189897794393701,0.6841293302700853,0.7857142857142857,0.4975755699989719,0.9683801565939821,0.9458917835671344,0.6601667253243892,48.55936967405504,69.51059452834004,68.55932844633132,49.20940389817472
دالبر,1399,البرزدارو,0.9999998537900356,0.1379787850793966,0.7167252776580681,0.75,0.504157218442935,0.8072172225435126,0.9766899766899768,0.6166534885536995,51.85331826246742,68.8677727844703,68.06329905436903,52.61084800753404
دالبر,1400,البرزدارو,0.999999732367365,8.322794419858075e-09,0.7696804012534525,0.7272727272727273,0.1738035264483709,0.7090437674999137,0.9582836710369488,0.5364447791312427,41.586232301705515,60.93160766666019,59.87990486382099,43.20602452464984
دامین,1392,داروسازی  امین,0.651185886718485,0.0868254272360079,0.6844605370885573,1.0,0.910274454609426,0.9252738376407008,0.97669256381798,0.5183645577985102,50.9398451114814,71.91346581137084,71.56060201307636,51.4907806263405
دامین,1393,داروسازی  امین,0.707548045216801,0.4046052432191417,0.7579690430111309,1.0,0.9522237587545144,0.9252738376407008,0.9714285714285714,0.5039096222456314,64.78137722950825,77.78697651895614,77.43658899574264,65.16463475614711
دامین,1394,داروسازی  امین,0.0,1.6439380567811723e-09,1.0,0.8181818181818182,0.8782521201667389,0.9252738376407008,0.9533468559837728,0.1644427147373745,35.13700123530691,59.24371685442929,58.895386532628095,38.378184607171725
دامین,1395,داروسازی  امین,0.8745812366634849,0.4064046745807681,1.0,1.0,0.8965188364329985,1.0,0.9663784822286264,1.0,74.15271249281912,89.29854037382347,89.34747717244448,75.24329200170905
دامین,1396,داروسازی  امین,0.8826104529535382,0.1340920353324397,1.0,1.0,0.8329925017041601,1.0,0.9628623188405796,1.0,63.08444971875169,85.15696636038396,85.1634359817418,64.63103876105856
دامین,1398,داروسازی  امین,0.999999989169378,0.0189897794393701,0.8468494723361503,0.8571428571428571,0.4448865897333848,0.9683801565939821,0.9549098196392786,0.7517201921927615,50.805333067033374,73.03598570308954,72.22732955925555,52.22275490358689
دامین,1399,داروسازی  امین,0.999999976745034,0.1379787850793966,0.8178416648481861,0.8333333333333334,0.4358600583090337,0.8072172225435126,0.951048951048951,0.6824181415571632,53.1396164885698,70.82122666830763,70.12871788273401,54.38426821342745
دامین,1400,داروسازی  امین,0.999999342009944,8.322794419858075e-09,0.9271006346937628,0.8181818181818182,0.0600035984166947,0.7090437674999137,0.9749702026221692,0.6379626664765353,43.41298526235595,64.0907754777954,63.13027437705374,45.79939435143025
دامین,1401,داروسازی  امین,0.8826104529535383,1.4594486272574945e-06,0.563230214732392,0.8888888888888888,0.7507846829880711,0.7867145396987795,0.9595744680851064,0.3641489619331129,44.70454349912214,64.94942085910645,64.24853144111992,44.94867060704827
دانا,1393,بیمه دانا,0.7987877334069522,0.4046052432191417,0.9901585210119176,0.0,0.0,0.9252738376407008,0.9211822660098522,0.3367696512466614,47.13736335298113,54.709715656690314,52.77554072931287,49.97361309348996
دانا,1394,بیمه دانا,0.0,1.6439380567811723e-09,0.9822369110318458,0.2727272727272727,0.0,0.9252738376407008,0.9117647058823528,0.1496006363412651,20.517436561150543,40.52004206584219,39.00634753173917,24.6034807406104
دانا,1395,بیمه دانا,0.895860419692308,0.4064046745807681,0.4652149361781189,0.3333333333333333,0.0,1.0,0.9087415946205571,0.5304977874877043,49.79403320982415,56.75065932365988,54.83648936231502,49.49565939296655
دانا,1396,بیمه دانا,0.882610409538183,0.1340920353324397,0.5230983864367313,0.3333333333333333,0.0,1.0,0.9248188405797102,0.7160175422938573,41.639837351670536,56.42463184392818,54.75772889034344,41.907199001771936
دانا,1400,بیمه دانا,0.9999985028973064,8.322794419858075e-09,0.4293715723188939,0.2727272727272727,0.5424776734600427,0.7090437674999137,0.8915375446960667,1.0,44.10314107432704,60.564454274028634,60.10425523972335,43.54009790798159
دانا,1401,بیمه دانا,0.8826104529535383,1.4594486272574945e-06,0.3374502525434638,0.7037037037037037,0.8859784283513092,0.7867145396987795,0.8212765957446808,0.2181739472662244,40.855567903974986,57.94886724637909,57.17047986611424,40.079312119635816
دتماد,1392,تولیدمواداولیه داروپخش,0.651185886718485,0.0868254272360079,0.5981560064158303,1.0,0.910274454609426,0.9252738376407008,0.9689234184239732,0.9146855076161272,54.51238727041036,75.69155673325689,75.75420915546074,54.29489994811995
دتماد,1393,تولیدمواداولیه داروپخش,0.707548045216801,0.4046052432191417,0.918926234340106,1.0,0.9522237587545144,0.9252738376407008,0.9694581280788176,0.2895006347608465,63.68544651538757,77.09419852513659,76.57185073320915,65.07510439906817
دتماد,1394,تولیدمواداولیه داروپخش,0.0,1.6439380567811723e-09,1.0,0.8181818181818182,0.8782521201667389,0.9252738376407008,0.9675456389452332,0.1644427147373745,35.19522790851274,59.42120164144754,59.059156063845464,38.432387369217544
دتماد,1395,تولیدمواداولیه داروپخش,0.8745812366634849,0.4064046745807681,1.0,1.0,0.8965188364329985,1.0,0.9663784822286264,1.0,74.15271249281912,89.29854037382347,89.34747717244448,75.24329200170905
دتماد,1396,تولیدمواداولیه داروپخش,0.8826104529535382,0.1340920353324397,1.0,1.0,0.8329925017041601,1.0,0.980072463768116,1.0,63.15502544959008,85.37209317197818,85.36193872487239,64.69673716583122
دتماد,1398,تولیدمواداولیه داروپخش,0.3518326001507588,0.0189897794393701,0.9442031880969884,0.8571428571428571,0.4448865897333848,0.9683801565939821,0.9519038076152304,0.869283350007093,43.71452396510974,67.58277910974581,67.31319811296092,46.06172148655233
دتماد,1399,تولیدمواداولیه داروپخش,0.9999995341478288,0.1379787850793966,0.2561736354739119,0.8333333333333334,0.4358600583090337,0.8072172225435126,0.9522144522144522,0.3171172829981235,44.98420861636815,59.2486788012449,57.915952447909646,43.63397326022932
دتماد,1400,تولیدمواداولیه داروپخش,0.9999999331271976,8.322794419858075e-09,0.9999985277986908,0.8181818181818182,0.0600035984166947,0.7090437674999137,0.934445768772348,0.6849733965345703,44.30159946462428,65.08308523317534,64.24422615555517,47.036565249919
دتماد,1401,تولیدمواداولیه داروپخش,0.8826104529535383,1.4594486272574945e-06,0.573613266401275,0.8888888888888888,0.7507846829880711,0.7867145396987795,0.9297872340425531,0.3708619851126631,44.732812169104946,64.79078136917995,64.13043441213375,45.03337702765347
دجابر,1392,داروسازی  جابرابن حیان,0.651185886718485,0.0868254272360079,0.6039642546143922,1.0,0.910274454609426,0.9252738376407008,0.957824639289678,0.4738941105947372,49.777629628372466,70.11553263379284,69.69812168684149,49.95558889804197
دجابر,1393,داروسازی  جابرابن حیان,0.707548045216801,0.2880535489802498,0.8840065615533378,1.0,0.9522237587545144,0.9252738376407008,0.9596059113300492,0.420272414735341,60.3073658064517,76.71230097763743,76.34174393999021,61.58942639668551
دجابر,1394,داروسازی  جابرابن حیان,0.0,1.6439380567811723e-09,1.0,0.8181818181818182,0.8782521201667389,0.9252738376407008,0.947261663286004,0.1644427147373745,35.11204694679012,59.16765194570718,58.82519959067778,38.354954852009236
دجابر,1395,داروسازی  جابرابن حیان,0.8745812366634849,0.4064046745807681,1.0,1.0,0.8965188364329985,1.0,0.967339097022094,1.0,74.15665180253374,89.31054805874182,89.35855695546769,75.24695907481028
دجابر,1396,داروسازی  جابرابن حیان,0.8826104529535382,0.1340920353324397,1.0,1.0,0.8329925017041601,1.0,0.9628623188405796,1.0,63.08444971875169,85.15696636038396,85.1634359817418,64.63103876105856
دجابر,1397,داروسازی  جابرابن حیان,0.9999999231282198,2.685766663480101e-09,1.0,1.0,1.0,0.9999986054177336,0.9726348709929632,1.0,61.463647217010674,87.15791752780854,87.27261620701599,62.99083994954693
دجابر,1398,داروسازی  جابرابن حیان,0.99999992001696,0.4641940859453189,0.859409587864311,0.8571428571428571,0.4448865897333848,0.9103294112866698,0.9529058116232464,0.7587870623802488,67.72663594027169,78.09569157491246,77.34693796300137,68.55650789374997
دجابر,1399,داروسازی  جابرابن حیان,0.9999996613215136,0.6254987065980785,0.5087177220617449,0.8333333333333334,0.4358600583090337,0.6981081088919183,0.9673659673659674,0.481368347380976,66.79441463159831,69.37814881578207,68.43337750822428,65.92101504546
دجابر,1400,داروسازی  جابرابن حیان,0.99999986774534,7.959514745568375e-10,0.468576033971775,0.8181818181818182,0.0600035984166947,0.6430869943587241,0.9678188319427892,0.3422672038040699,36.35402150650437,53.74917936521453,52.37234857783416,36.65570687967734
دجابر,1401,داروسازی  جابرابن حیان,0.8826104529535383,0.5954853194807381,0.4981025439798012,0.8888888888888888,0.7507846829880711,0.9507130540065986,0.9382978723404256,0.3220415375135161,67.53703360865858,72.83655440189472,71.79195046999567,66.49823214044794
ددام,1392,داروسازی زاگرس فارمد پارس,0.651185886718485,0.0868254272360079,0.9860622279375454,1.0,0.910274454609426,0.9252738376407008,0.9733629300776916,0.7003853857473574,55.15621023712731,77.91712687459018,77.89483942829763,57.1129230862801
ددام,1393,داروسازی زاگرس فارمد پارس,0.707548045216801,0.6029708311243067,0.9793464882270152,1.0,0.9522237587545144,0.9252738376407008,0.9852216748768472,0.329594896934626,72.25849464859154,81.02724415968514,80.54180277947071,73.62072937284853
ددام,1394,داروسازی زاگرس فارمد پارس,0.0,1.6439380567811723e-09,1.0,1.0,0.6112325467279323,0.9252738376407008,0.9716024340770792,0.1644427147373745,33.73680706779787,58.40689418533781,57.85869654507726,37.089340586560134
ددام,1395,داروسازی زاگرس فارمد پارس,0.8745812366634849,0.4064046745807681,1.0,1.0,0.8965188364329985,1.0,0.9529298751200768,1.0,74.09756215681436,89.1304327849666,89.19236021011947,75.19195297829198
ددام,1396,داروسازی زاگرس فارمد پارس,0.8826104529535382,0.1340920353324397,1.0,1.0,0.8329925017041601,1.0,0.9682971014492754,1.0,63.10673679164802,85.22490114299266,85.22612105851988,64.65178562572362
ددام,1397,داروسازی زاگرس فارمد پارس,0.589709513507913,2.685766663480101e-09,1.0,1.0,1.0,0.9999993258619436,0.9921813917122752,1.0,55.79910242602366,82.27362792209874,82.60030427248968,57.65232387371088
ددام,1398,داروسازی زاگرس فارمد پارس,0.9999997960228374,3.892796043828564e-06,0.926797223616491,0.7857142857142857,0.4975755699989719,0.9887931610064946,0.9789579158316634,0.8790767067000234,52.26919393336398,75.71148189608515,75.04480109955536,53.99912176171425
ددام,1399,داروسازی زاگرس فارمد پارس,0.999999896136868,0.2758556471530155,0.3314871498330328,0.75,0.504157218442935,0.614467654304022,0.9883449883449884,0.3661001163047215,50.447466478908176,60.380158381494795,59.3935013278121,49.310309182051896
ددام,1400,داروسازی زاگرس فارمد پارس,0.999999842263345,1.2337109450148694e-09,0.934441006532943,0.7272727272727273,0.1738035264483709,0.6391743583877492,0.9713945172824792,0.6426963593771053,43.605486998946475,63.609779234980394,62.83321685356131,46.0188050996147
ددام,1401,داروسازی زاگرس فارمد پارس,0.8826104529535383,1.5093769330526987e-09,0.9153333581586478,0.8518518518518519,0.7796610169491517,0.7395819975237476,0.951063829787234,0.59179653981204,49.50639018197617,71.39873810681985,71.18441923421469,51.39986592719118
دزهراوی,1392,داروسازی زهراوی,0.651185886718485,0.0868254272360079,0.4840546137194405,1.0,0.910274454609426,0.9252738376407008,0.97669256381798,0.4076496184176761,48.23899167242705,68.02445502699645,67.46551826115318,47.84804211369064
دزهراوی,1393,داروسازی زهراوی,0.707548045216801,3.7513799056948547e-10,0.4671963914988409,1.0,0.9522237587545144,0.9252738376407008,0.986206896551724,0.6968633781917765,49.173410442692585,71.69140385286869,71.45906425687805,48.50997290632828
دزهراوی,1394,داروسازی زهراوی,0.0,1.6439380567811723e-09,0.7224766231623692,1.0,0.9522237587545144,0.9252738376407008,0.9827586206896552,0.3963293940847419,37.951516478037426,62.238277949699,62.175855333592345,39.42363672459014
دزهراوی,1395,داروسازی زهراوی,0.8745812366634849,0.4064046745807681,1.0,1.0,0.8965188364329985,1.0,0.9721421709894332,1.0,74.17634835110687,89.37058648333355,89.41395587058378,75.26529444031637
دزهراوی,1396,داروسازی زهراوی,0.8826104529535382,0.1340920353324397,1.0,1.0,0.8329925017041601,1.0,0.9528985507246376,1.0,63.04359008510841,85.0324192589347,85.04851334098198,64.59300284250598
دزهراوی,1397,داروسازی زهراوی,0.999999885141333,2.685766663480101e-09,1.0,1.0,1.0,0.9999992274382002,0.9781078967943706,1.0,61.48609431228209,87.22633765074588,87.33574880239274,63.011735714033136
دزهراوی,1398,داروسازی زهراوی,0.0,1.0934642518109349e-10,0.9317779174475748,0.7857142857142857,0.4975755699989719,0.9964677136040808,0.9779559118236472,0.8762743505697018,38.31683446711387,63.32207186584511,63.20680841666212,40.87926889924292
دزهراوی,1399,داروسازی زهراوی,0.9999998138613476,0.0,0.9865150119051884,0.75,0.504157218442935,0.8437959139489939,0.9871794871794872,0.8096620202648086,50.92170137084781,73.51636832003452,72.98748755106585,53.099213637943656
دزهراوی,1400,داروسازی زهراوی,0.999999552658983,1.0864934163485675e-09,0.9838856115444844,0.7272727272727273,0.1738035264483709,0.8818451710410502,0.9785458879618594,0.6953663275409429,46.02695153958028,68.00898506943639,66.95272686904978,48.5268157307986
دزهراوی,1401,داروسازی زهراوی,0.8826104529535383,7.53151120472456e-10,0.8036326715953406,0.8518518518518519,0.7796610169491517,0.8700925433056355,0.8531914893617021,0.7734954887000346,50.99501332388857,72.68169394338007,72.5300779824628,52.12501102954475
دسبحا,1393,گروه دارویی سبحان,0.9322644006852544,1.9015699857763958e-09,0.7700527086264168,0.125,0.8592261554745361,0.9252738376407008,0.9832512315270936,0.4706753621356393,44.015381250642946,63.321796224890136,62.29576883772411,45.3928762155252
دسبحا,1394,گروه دارویی سبحان,0.0,1.0,1.0,0.3636363636363636,0.8592261554745361,0.9252738376407008,0.9716024340770792,0.1644427147373745,69.72698545541577,66.05226881957569,65.34700509122575,71.66820855611176
دسبحا,1395,گروه دارویی سبحان,0.8745812366634849,0.5375354523002921,1.0,0.6666666666666666,0.849785407725319,0.0,0.9500480307396734,1.0,69.9052697022238,73.48270992619294,74.76853078003954,71.49733981406985
دسبحا,1396,گروه دارویی سبحان,0.8826104529535382,0.1340920353324397,1.0,0.6666666666666666,0.7895705521472393,0.0,0.9592391304347826,1.0,53.88717192825352,67.90223546918332,69.1482968219303,56.12840670867705
دسبحا,1397,گروه دارویی سبحان,0.9999998826212564,2.685766663480101e-09,1.0,0.8,0.7142418661755675,0.5189045095772418,0.9616888193901484,1.0,53.74800403337835,74.93543850562476,75.36260372213479,55.829384825871934
دسبحا,1398,گروه دارویی سبحان,0.9999997827802686,0.0189897794393701,0.9152528514196822,0.5,0.8801017318638765,0.9753979861598394,0.9188376753507014,0.80950949167398,53.74556134549623,75.22611623359647,74.80090227499787,55.3129103290477
دسبحا,1399,گروه دارویی سبحان,0.9999996385064227,0.4916049600446645,0.8019277533811288,0.4166666666666667,1.0,0.2473067244289969,0.944055944055944,0.6964161753518401,66.22690006970178,69.97472328044579,70.44749299464766,66.89528867161935
دسبحان,1392,سبحان دارو,0.651185886718485,0.0868254272360079,0.724672686818026,1.0,0.910274454609426,0.9252738376407008,0.9855715871254164,0.5405798977686322,51.51819209301842,72.80479722395867,72.4847060317183,52.255603843240216
دسبحان,1393,سبحان دارو,0.707548045216801,0.4046052432191417,0.3297165110289354,1.0,0.9522237587545144,0.9252738376407008,0.9960591133004926,0.7880936199828417,64.70274705000816,76.29400161429285,76.0621120960365,62.638169187783866
دسبحان,1394,سبحان دارو,0.0,1.6439380567811723e-09,0.5364467847474408,1.0,0.9522237587545144,0.9252738376407008,0.9929006085192698,0.5517679808485643,38.258583808615455,61.982662151930356,62.008044885253014,38.64124061684985
دسبحان,1395,سبحان دارو,0.8745812366634849,0.4064046745807681,1.0,1.0,0.8965188364329985,1.0,0.9731027857829012,1.0,74.18028766082149,89.3825941682519,89.425035653607,75.2689615134176
دسبحان,1396,سبحان دارو,0.8826104529535382,0.1340920353324397,1.0,1.0,0.8329925017041601,1.0,0.9764492753623188,1.0,63.14016740099252,85.32680331690571,85.320148673687,64.68290592272119
دسبحان,1397,سبحان دارو,0.9999999413553976,2.685766663480101e-09,1.0,1.0,1.0,0.9999969203012574,0.9788897576231432,1.0,61.489287551821356,87.23608277456955,87.3447420058824,63.0147084991967
دسبحان,1398,سبحان دارو,0.9999998043437888,0.3297696637021264,0.9341417554628482,0.7857142857142857,0.4975755699989719,0.8774671424074958,0.943887775551102,0.8008346475369558,63.344800709929835,77.11738305896968,76.5324256771759,64.74219646450197
دسبحان,1399,سبحان دارو,0.999999878070895,0.1546119168663724,0.4426384178150927,0.75,0.504157218442935,0.5130001288238919,0.9627039627039627,0.4383913123498423,46.6907263782947,59.5687854384124,58.8912508727033,46.309924220482266
دسبحان,1400,سبحان دارو,0.9999994658035808,0.6067601160981079,0.8718538905298505,0.7272727272727273,0.1738035264483709,0.6192965662436685,0.9535160905840286,0.6023348908872375,65.82172979894295,69.43546592334465,68.5806223596378,67.0388573611763
دسبحان,1401,سبحان دارو,0.8826104529535383,0.0641472408037849,0.4707646887130446,0.8518518518518519,0.7796610169491517,0.7396156844496155,0.9297872340425531,0.3043666128442189,45.443610189245454,62.78505978259699,62.08164583197402,45.19059332882509
دسینا,1392,داروسازی  سینا,0.651185886718485,0.0868254272360079,0.7469749472500211,1.0,0.910274454609426,0.9252738376407008,0.9689234184239732,0.5529008579991143,51.75048657714563,73.0294853734716,72.74840833098936,52.59743448079739
دسینا,1393,داروسازی  سینا,0.707548045216801,0.4046052432191417,0.2187444588205253,1.0,0.9522237587545144,0.9252738376407008,0.9733990147783252,0.8617335382052038,64.56327348172235,75.54409870794015,75.3709688267534,61.87262451220544
دسینا,1394,داروسازی  سینا,0.0,1.6439380567811723e-09,0.243119115965197,1.0,0.9522237587545144,0.9252738376407008,0.977687626774848,0.7968600514686706,38.61479601820687,61.18955490309836,61.38352913171256,37.28845470158706
دسینا,1395,داروسازی  سینا,0.8745812366634849,0.4064046745807681,1.0,1.0,0.8965188364329985,1.0,0.9135446685878964,1.0,73.93605045851473,88.63811770331435,88.73808910616764,75.04160298114199
دسینا,1396,داروسازی  سینا,0.8826104529535382,0.1340920353324397,1.0,1.0,0.8329925017041601,1.0,0.9329710144927535,1.0,62.96187081782186,84.78332505603615,84.81866805946234,64.51693100540079
دسینا,1398,داروسازی  سینا,0.9999999762487636,0.0189897794393701,0.8862090231638449,0.7857142857142857,0.4975755699989719,0.9683801565939821,0.93186372745491,0.7738655964856996,51.24736597534216,73.28247643874786,72.55485867626415,52.849434423525146
دسینا,1399,داروسازی  سینا,0.9999994794362628,0.1379787850793966,0.9941862291767244,0.75,0.504157218442935,0.8072172225435126,0.921911421911422,0.8046727701937177,55.7409661395209,74.00153908479965,73.57414790357724,57.78950036184428
دسینا,1400,داروسازی  سینا,0.999999732367365,8.322794419858075e-09,0.983118296159568,0.7272727272727273,0.1738035264483709,0.7090437674999137,0.9201430274135876,0.6958611574309888,44.751941421536806,65.11552803644143,64.36657365802024,47.351558683620546
دشیمی,1392,شیمی  داروئی  داروپخش,0.651185886718485,0.0868254272360079,0.933332135648999,1.0,0.910274454609426,0.9252738376407008,0.9678135405105438,0.655854525584945,54.25745500895067,76.63199759936386,76.54361960374261,55.98057506531349
دشیمی,1393,شیمی  داروئی  داروپخش,0.707548045216801,0.3422554573842624,0.7913917977506789,1.0,0.9522237587545144,0.9252738376407008,0.98128078817734,0.4817306242294096,62.44006308492629,77.27130386442134,76.90579790157032,63.105760383656985
دشیمی,1394,شیمی  داروئی  داروپخش,0.0,1.6439380567811723e-09,1.0,0.8181818181818182,0.8782521201667389,0.9252738376407008,0.9726166328600404,0.1644427147373745,35.2160231489434,59.48458906538263,59.1176451821374,38.45174549851962
دشیمی,1395,شیمی  داروئی  داروپخش,0.8745812366634849,0.4064046745807681,1.0,1.0,0.8965188364329985,1.0,0.9769452449567724,1.0,74.19604489968,89.43062490792529,89.46935478569985,75.28362980582246
دشیمی,1396,شیمی  داروئی  داروپخش,0.8826104529535382,0.1340920353324397,1.0,1.0,0.8329925017041601,1.0,0.9909420289855072,1.0,63.19959959538275,85.50796273719557,85.48730887842856,64.73823089516131
دشیمی,1397,شیمی  داروئی  داروپخش,0.9999999301015464,2.685766663480101e-09,1.0,1.0,1.0,0.9999997063140929,1.0,1.0,61.575873415741796,87.49999548876757,87.5882593337607,63.095310353348125
دشیمی,1398,شیمی  داروئی  داروپخش,0.999999632676819,0.1952099333725299,0.9648726156014726,0.9285714285714286,0.4707520891364909,0.964559306417377,0.9519038076152304,0.8576538263218709,60.436548256224874,79.16903299641524,78.58319287502407,62.0577208430467
دشیمی,1399,شیمی  داروئی  داروپخش,0.9999995877148408,5.561407805530543e-10,0.9511347626922086,0.9166666666666666,0.4693877551020395,0.5812171009390585,0.9522144522144522,0.7691100672782353,49.47456338704653,70.49662991454552,70.37159758006885,51.595026742903414
دشیمی,1400,شیمی  داروئی  داروپخش,0.9999995698791868,8.13678102714197e-10,0.3090096519981248,0.9090909090909092,0.1158690176322444,0.5678694353091804,0.9499404052443384,0.2393652982784429,34.8791592528738,51.139303603076314,49.81205418048986,34.402154265654886
دشیمی,1401,شیمی  داروئی  داروپخش,0.8826104529535383,0.313380970561081,0.4715972551410765,0.925925925925926,0.7657384987893442,0.9511057151616212,0.9382978723404256,0.3049048975323942,56.78260270609745,69.41951985506759,68.40345070700317,56.02134259143536
دعبید,1392,لابراتوارداروسازی   دکترعبیدی,0.8790037610153459,0.0868254272360079,0.7702470374245057,1.0,0.910274454609426,0.9252738376407008,0.9322974472807992,0.5657576039955274,55.103731670194,75.8709946150289,75.5210393405226,55.8863287324364
دعبید,1393,لابراتوارداروسازی   دکترعبیدی,0.707548045216801,0.3396532880778031,0.8376679185033675,1.0,0.9522237587545144,0.9252738376407008,0.9477832512315272,0.451022264060705,62.22212066303124,77.01465454356774,76.66635951313192,63.16501891238128
دعبید,1394,لابراتوارداروسازی   دکترعبیدی,0.0,0.1814598378001339,0.519249902234787,1.0,0.9522237587545144,0.9252738376407008,0.9634888438133874,0.5661369613158178,45.13494773609972,63.84791426949177,63.894713391471015,45.14977708022895
دعبید,1395,لابراتوارداروسازی   دکترعبیدی,0.8745812366634849,0.4064046745807681,1.0,1.0,0.8965188364329985,0.9248900771864632,0.9404418828049952,1.0,73.59646145736485,88.03545884585887,88.21839706804514,74.73245174863794
دعبید,1396,لابراتوارداروسازی   دکترعبیدی,0.8826104861785646,0.1340920353324397,1.0,0.8888888888888888,1.0,0.6099111777996364,0.9710144927536232,1.0,61.72513468572669,81.08146351191441,81.76119377963565,63.392996456387365
دعبید,1397,لابراتوارداروسازی   دکترعبیدی,0.9999998826212564,3.285451451071074e-09,1.0,1.0,1.0,0.0565266461878595,0.9749804534792806,1.0,55.82210415684822,75.39383731967311,76.87479057884063,57.82671701239748
دعبید,1399,لابراتوارداروسازی   دکترعبیدی,0.9999997545963114,0.1379787850793966,0.7923811343678635,0.75,0.504157218442935,0.8072172225435126,0.9603729603729604,0.6658589764321837,52.88556809679348,70.22457564793953,69.52194808057115,53.997205163861395
دعبید,1400,لابراتوارداروسازی   دکترعبیدی,0.9999994434753124,1.4789088287140875e-09,0.758965184509013,0.7272727272727273,0.1738035264483709,0.7090437674999137,0.9606674612634089,0.5295347006580401,41.44096064390324,60.74108515757119,59.674953582891234,43.0105314505606
دعبید,1401,لابراتوارداروسازی   دکترعبیدی,0.8826104529535383,7.470942312394554e-10,0.4917716208432187,0.8888888888888888,0.794099183929693,0.7867145396987795,0.925531914893617,0.3179483638378811,44.008909494939076,63.59456207240888,62.89013394878318,43.89981528064368
دفارا,1392,داروسازی  فارابی,0.651185886718485,0.0868254272360079,0.7125671581115783,1.0,0.910274454609426,0.9252738376407008,0.948945615982242,0.5338921569355495,51.20485035428278,72.11205671542487,71.81489638208677,51.895747233270924
دفارا,1393,داروسازی  فارابی,0.707548045216801,0.4046052432191417,0.9246723834426596,1.0,0.9522237587545144,0.9252738376407008,0.9536945812807882,0.2933137205025685,63.70510051430867,77.01664462571468,76.51614669017827,65.12570702420895
دفارا,1394,داروسازی  فارابی,0.0,1.6439380567811723e-09,1.0,0.8181818181818182,0.8782521201667389,0.9252738376407008,0.949290060851927,0.1644427147373745,35.12036504296239,59.193006915281224,58.84859523799455,38.36269810373008
دفارا,1395,داروسازی  فارابی,0.8745812366634849,0.4064046745807681,1.0,1.0,0.8965188364329985,1.0,0.9327569644572526,1.0,74.01483665280723,88.8782714016813,88.95968476663195,75.11494444316638
دفارا,1396,داروسازی  فارابی,0.8826104529535382,0.1340920353324397,1.0,1.0,0.8329925017041601,1.0,0.9329710144927535,1.0,62.96187081782186,84.78332505603615,84.81866805946234,64.51693100540079
دفارا,1398,داروسازی  فارابی,0.9999999771531504,0.0189897794393701,0.2554127022312077,0.7857142857142857,0.4975755699989719,0.9683801565939821,0.9529058116232464,0.4189520047451647,42.76344624220794,61.224128593742236,59.82035966304628,41.40016467254265
دفارا,1399,داروسازی  فارابی,0.9999995341477002,0.1379787850793966,0.6179133990610283,0.75,0.504157218442935,0.8072172225435126,0.951048951048951,0.5523876550015513,50.312578389668374,66.50878456656343,65.61664610822015,50.62092556328652
دفارا,1400,داروسازی  فارابی,0.9999990813860412,8.322794419858075e-09,0.9999993437466368,0.7272727272727273,0.1738035264483709,0.7090437674999137,0.9439809296781884,0.684973922726851,44.86014905574602,65.48841633851904,64.71117962899069,47.548967092914616
دفارا,1401,داروسازی  فارابی,0.8826104529535383,1.4594486272574945e-06,0.7112151698244138,0.8518518518518519,0.7796610169491517,0.7867145396987795,0.9085106382978724,0.4598266552970639,46.657165089682486,67.25489730401624,66.78193977506716,47.59526966346364
دفرا,1392,فرآورده های  تزریقی  ایران,0.651185886718485,0.0868254272360079,0.8366940828083009,1.0,0.910274454609426,0.9252738376407008,0.9456159822419534,0.6024665020062541,52.86404403786303,74.47920216576411,74.31289504288705,54.139266974618906
دفرا,1393,فرآورده های  تزریقی  ایران,0.707548045216801,4.1531309264037804e-10,0.1223973747689535,1.0,0.9522237587545144,0.9252738376407008,0.9605911330049262,0.9256684772220664,48.92373471201624,69.92128283779093,69.82824846809208,46.302350627906605
دفرا,1394,فرآورده های  تزریقی  ایران,0.0,1.6439380567811723e-09,1.0,0.8181818181818182,0.8782521201667389,0.9252738376407008,0.9685598377281948,0.1644427147373745,35.19938695659888,59.433879126234565,59.07085388750386,38.43625899507796
دفرا,1395,فرآورده های  تزریقی  ایران,0.8745812366634849,0.4064046745807681,1.0,1.0,0.8965188364329985,1.0,0.951969260326609,1.0,74.09362284709974,89.11842510004824,89.18128042709625,75.18828590519077
دفرا,1396,فرآورده های  تزریقی  ایران,0.8826104529535382,0.1340920353324397,1.0,1.0,0.8329925017041601,1.0,0.9538043478260868,1.0,63.047304597257806,85.04374172270282,85.05896085377832,64.59646065328349
دفرا,1397,فرآورده های  تزریقی  ایران,0.9999999333108944,2.685766663480101e-09,1.0,1.0,1.0,0.999996541660414,0.9695074276778732,1.0,61.450809911679016,87.11879881668685,87.23652142463854,62.978889993916866
دفرا,1398,فرآورده های  تزریقی  ایران,0.9999998653226286,0.6536460023344577,0.936882806274835,0.8571428571428571,0.4448865897333848,0.9071247482739002,0.9198396793587176,0.8023768825762903,75.90394268857726,81.5237428877134,80.87540341995347,76.8204155821421
دفرا,1399,فرآورده های  تزریقی  ایران,0.9999995551288552,0.7184700604484056,0.6495170372575518,0.8333333333333334,0.4358600583090337,0.3583273460499834,0.9393939393939394,0.572942209583625,70.26244544235063,68.8480442438091,68.57515160960519,70.07829123260332
دفرا,1400,فرآورده های  تزریقی  ایران,0.9999996828068644,7.357433596943257e-10,0.8745868594025763,0.8181818181818182,0.0600035984166947,0.1908474453745543,0.9404052443384984,0.6040973404788572,39.40753524652399,56.101524871695084,55.866633607912355,41.82350646776842
دفرا,1401,فرآورده های  تزریقی  ایران,0.8826104529535383,0.74326321352853,0.5888430340415393,0.8888888888888888,0.7507846829880711,0.7463455469892231,0.9106382978723404,0.3807085876769801,73.19230327091876,73.6510338117389,73.01940027883475,72.4598120904179
دلر,1392,داروسازی  اکسیر,0.651185886718485,0.0868254272360079,0.6101908632395096,1.0,0.910274454609426,0.9252738376407008,0.957824639289678,0.4773340218752453,49.861545098714224,70.23636413261316,69.82535586925304,50.06876872157512
دلر,1393,داروسازی  اکسیر,0.707548045216801,0.4046052432191417,0.3805537757838722,1.0,0.9522237587545144,0.9252738376407008,0.9714285714285714,0.7543585313303277,64.62306589360995,76.19989704217411,75.97490827210119,62.85521881684235
دلر,1394,داروسازی  اکسیر,0.0,1.6439380567811723e-09,1.0,0.8181818181818182,0.8782521201667389,0.9252738376407008,0.969574036511156,0.1644427147373745,35.203546004685,59.446556611021585,59.08255171116223,38.440130620938376
دلر,1395,داروسازی  اکسیر,0.8745812366634849,0.4064046745807681,1.0,1.0,0.8965188364329985,1.0,0.9663784822286264,1.0,74.15271249281912,89.29854037382347,89.34747717244448,75.24329200170905
دلر,1396,داروسازی  اکسیر,0.8826104529535382,0.1340920353324397,1.0,1.0,0.8329925017041601,1.0,0.9719202898550724,1.0,63.12159484024558,85.27019099806512,85.26791110970527,64.66561686883364
دلر,1398,داروسازی  اکسیر,0.9999999181980234,0.0189897794393701,0.7075978006355316,0.8571428571428571,0.4448865897333848,0.9683801565939821,0.9749498997995992,0.6733711129114031,48.99559312527146,70.5664764306769,69.59368566295605,49.75403519910368
دلر,1399,داروسازی  اکسیر,0.9999995181291372,0.1379787850793966,0.6192518911447366,0.8333333333333334,0.4358600583090337,0.8072172225435126,0.9673659673659674,0.5532581911221451,50.32131622764015,66.92831208784078,65.9940775252593,50.64398280601965
دلر,1400,داروسازی  اکسیر,0.999999990362465,8.322794419858075e-09,0.2964752059499013,0.8181818181818182,0.0600035984166947,0.7090437674999137,0.9582836710369488,0.2312820268078687,34.21978893554869,50.915876082230064,49.257819291661704,33.69497708532302
دلر,1401,داروسازی  اکسیر,0.8826104529535383,1.4594486272574945e-06,0.6002725619819825,0.8888888888888888,0.7507846829880711,0.7867145396987795,0.946808510638298,0.3880981960929196,45.18883052208041,65.55224115863881,64.90567194959154,45.60780530914584
دلقما,1392,دارویی  لقمان,0.651185886718485,0.0868254272360079,0.8516013099541285,1.0,0.910274454609426,0.9252738376407008,0.9112097669256382,0.6107020507467309,52.923853714905334,74.33840917288896,74.22066536284369,54.27888958920709
دلقما,1393,دارویی  لقمان,0.707548045216801,0.5946925262256002,0.979317839272854,1.0,0.9522237587545144,0.9252738376407008,0.941871921182266,0.3295758857818213,71.7622181493291,80.38129767593198,79.93842746121459,73.14918445191687
دلقما,1394,دارویی  لقمان,0.0,1.6439380567811723e-09,1.0,0.8181818181818182,0.8782521201667389,0.9252738376407008,0.9421906693711968,0.1644427147373745,35.09125170635947,59.10426452177209,58.76671047238587,38.33559672270717
دلقما,1395,دارویی  لقمان,0.8745812366634849,0.4064046745807681,1.0,1.0,0.8965188364329985,1.0,0.9212295869356388,1.0,73.96756493623172,88.73417918266112,88.82672737035337,75.07093956595175
دلقما,1396,دارویی  لقمان,0.8826104529535382,0.1340920353324397,1.0,1.0,0.8329925017041601,1.0,0.9302536231884058,1.0,62.950727281373695,84.74935766473179,84.78732552107331,64.50655757306826
دلقما,1397,دارویی  لقمان,0.9999989786061744,2.685766663480101e-09,1.0,1.0,1.0,0.9999994532048536,0.9405785770132916,1.0,61.332181933490524,86.75721264387607,86.90287526968119,62.86845969941086
دلقما,1398,دارویی  لقمان,0.9999998974691762,0.6806972814710833,0.3329913926225354,0.8571428571428571,0.4448865897333848,0.779048917759969,0.93186372745491,0.4626011680893708,68.02086057169335,68.61539789679108,67.51097892416261,66.12456079817971
دلقما,1399,دارویی  لقمان,0.999999580034664,0.9035232542459422,0.0,0.8333333333333334,0.4358600583090337,0.4447053321064411,0.9452214452214452,0.0,66.86166192792453,57.033037540635746,55.70545033364029,63.474271841095096
دلقما,1400,دارویی  لقمان,0.99999567852956,1.0,0.9888320460377517,0.8181818181818182,0.0600035984166947,0.481298147594105,0.9272943980929678,0.6921764480148224,81.32529200450047,74.59727668584651,74.01089154754222,82.59478251177646
دلقما,1401,دارویی  لقمان,0.8826104529535383,0.2048087350488625,0.6725500067895358,0.8888888888888888,0.7507846829880711,0.4181275861074094,0.851063829787234,0.4348282112970111,51.505089036167604,63.79577992325689,63.84018820953439,52.16088535940416
دپارس,1392,پارس  دارو,0.651185886718485,0.0868254272360079,0.6741724614511314,1.0,0.910274454609426,0.9252738376407008,0.921198668146504,0.512680875143856,50.57362304293842,71.0201451368264,70.71030643795508,51.09193264753497
دپارس,1393,پارس  دارو,0.707548045216801,0.4046052432191417,0.9571690892191236,1.0,0.9522237587545144,0.9252738376407008,0.9182266009852216,0.3717225100788833,64.64676228547665,77.95961356392984,77.59443071348528,66.18045169897579
دپارس,1394,پارس  دارو,0.0,1.6439380567811723e-09,1.0,0.8181818181818182,0.8782521201667389,0.9252738376407008,0.9198782961460448,0.1644427147373745,34.999752648464586,58.825359856457695,58.50935835190141,38.25042095377804
دپارس,1395,پارس  دارو,0.8745812366634849,0.4064046745807681,1.0,1.0,0.8965188364329985,1.0,0.9125840537944284,1.0,73.93211114880009,88.62611001839599,88.72700932314443,75.03793590804078
دپارس,1396,پارس  دارو,0.8826104529535382,0.1340920353324397,1.0,1.0,0.8329925017041601,1.0,0.9184782608695652,1.0,62.90243862343164,84.6021656357463,84.65150785472079,64.46160603296065
دپارس,1398,پارس  دارو,1.0,0.0189897794393701,0.0,0.8571428571428571,0.4448865897333848,0.9683801565939821,0.93186372745491,0.0,36.249752596688694,52.7657888795563,50.790991856944245,33.92697717718942
دپارس,1399,پارس  دارو,0.999999534147892,0.1379787850793966,0.0245781135222781,0.8333333333333334,0.4358600583090337,0.8072172225435126,0.9230769230769232,0.1664908656433533,41.49999054089214,54.106685445696534,52.53858421250454,39.08818537017453
دپارس,1400,پارس  دارو,0.9999994675395184,8.322794419858075e-09,0.9999990803501728,0.8181818181818182,0.0600035984166947,0.7090437674999137,0.9117997616209772,0.6849737528665224,44.20873370971983,64.80001568498015,63.98303231179586,46.95012026647182
دپارس,1401,پارس  دارو,0.8826104529535383,1.4594486272574945e-06,0.1607111321668737,0.8888888888888888,0.7507846829880711,0.7867145396987795,0.851063829787234,0.1039056329346044,38.42820757865649,55.30850773583271,54.25616221055779,36.84242481048611
دکوثر,1392,داروسازی  کوثر,0.651185886718485,0.0868254272360079,0.7826421203171983,1.0,0.910274454609426,0.9252738376407008,0.902330743618202,0.5726053100314277,51.958085342366324,72.8892222521431,72.70914589229365,52.99153715942219
دکوثر,1393,داروسازی  کوثر,0.707548045216801,0.2355498241133122,0.6827108365553738,1.0,0.9522237587545144,0.9252738376407008,0.9201970443349754,0.1327505140812529,53.52228842859923,69.45317325871163,68.72106393981518,54.094171604322995
دکوثر,1394,داروسازی  کوثر,0.0,1.6439380567811723e-09,1.0,0.8181818181818182,0.8782521201667389,0.9252738376407008,0.9219066937119677,0.1644427147373745,35.008070744636846,58.85071482603173,58.53275399921818,38.258164205498865
دکوثر,1395,داروسازی  کوثر,0.8745812366634849,0.4064046745807681,1.0,1.0,0.8965188364329985,1.0,0.9241114313160422,1.0,73.9793828653756,88.77020223741616,88.85996671942301,75.08194078525541
دکوثر,1396,داروسازی  کوثر,0.8826104529535382,0.1340920353324397,1.0,1.0,0.8329925017041601,1.0,0.9239130434782608,1.0,62.924725696327975,84.67010041835499,84.71419293149887,64.4823528976257
دکوثر,1397,داروسازی  کوثر,0.9999987806376972,2.685766663480101e-09,1.0,1.0,1.0,0.9999998702385788,0.9585613760750586,1.0,61.40592590700761,86.98200037046377,87.11029209221115,62.937107326644195
دکوثر,1398,داروسازی  کوثر,0.9999999275396144,0.64759814764253,0.4610893840813798,0.8571428571428571,0.4448865897333848,0.6793772417970445,0.9218436873747496,0.5346746991717787,67.85133905012593,69.33265668104174,68.5185939985232,66.65965040886653
دکوثر,1399,داروسازی  کوثر,0.9999999115875908,1.817747804591623e-09,0.4091503211733306,0.8333333333333334,0.4358600583090337,0.6069909372117277,0.9055944055944056,0.4166111329289623,40.51453241609916,57.59425127445166,56.7832308492102,40.195276533090926
دکوثر,1400,داروسازی  کوثر,0.999998863695416,0.3885813564269619,0.9066691297454682,0.8181818181818182,0.0600035984166947,0.5669990996455223,0.9082240762812872,0.6247867031819425,56.923718640608215,65.9180580696889,65.17064864059145,58.716124016931516
دکوثر,1401,داروسازی  کوثر,0.8826104529535383,0.9767383005879204,0.0,0.8888888888888888,0.7507846829880711,0.9545723510811492,0.8829787234042553,0.0,74.76652284569465,66.70716749879779,65.1121310309507,70.85965309631578
دکیمی,1392,کیمیدارو,0.651185886718485,0.0868254272360079,0.9913747526620512,1.0,0.910274454609426,0.9252738376407008,0.9500554938956716,0.6974504632513316,55.06919867332163,77.65550395017092,77.6546256718334,57.062310548058115
دکیمی,1393,کیمیدارو,0.707548045216801,0.2856730746390117,0.7730278103004438,1.0,0.9522237587545144,0.9252738376407008,0.948768472906404,0.4939167783750686,60.12490440471478,76.0803972229118,75.7573921071197,60.78112216420395
دکیمی,1394,کیمیدارو,0.0,1.6439380567811723e-09,1.0,0.8181818181818182,0.8782521201667389,0.9252738376407008,0.9543610547667344,0.1644427147373745,35.14116028339304,59.2563943392163,58.907084356286475,38.38205623303215
دکیمی,1395,کیمیدارو,0.8745812366634849,0.4064046745807681,1.0,1.0,0.8965188364329985,1.0,0.9558117195004804,1.0,74.10938008595824,89.16645583972165,89.22559955918912,75.20295419759564
دکیمی,1396,کیمیدارو,0.8826104529535382,0.1340920353324397,1.0,1.0,0.8329925017041601,1.0,0.9447463768115942,1.0,63.01015947576391,84.93051708502165,84.95448572581485,64.5618825455084
دکیمی,1397,کیمیدارو,0.999999985657108,2.685766663480101e-09,1.0,1.0,1.0,0.9999973825775148,0.9585613760750586,1.0,61.40592787869124,86.98198433744311,87.1102789895476,62.937109585084464
دکیمی,1398,کیمیدارو,0.9999999877200348,0.099223393737017,0.8815191441531076,0.7857142857142857,0.4975755699989719,0.9191189452211912,0.940881763527054,0.7712268654891898,54.00847321954762,73.69074944451066,73.01391721019601,55.489035546796515
دکیمی,1399,کیمیدارو,0.9999993407323182,2.271050796452105e-09,0.4749103418819913,0.75,0.504157218442935,0.8438055495835762,0.9592074592074592,0.4593805105104065,43.185856688642396,62.39325528287172,61.28962728207071,43.02241634049121
دکیمی,1400,کیمیدارو,0.9999998590572672,5.406140052254188e-10,0.5614276073982305,0.7272727272727273,0.1738035264483709,0.7691066087007138,0.965435041716329,0.4021457554040726,38.96202694515307,57.48988908172906,56.10847834293241,39.58641655788711
دکیمی,1401,کیمیدارو,0.8826104529535383,0.3450495009961473,0.3054687527914534,0.8518518518518519,0.7796610169491517,0.8785940111201169,0.9574468085106383,0.1974967363653637,54.78823934053247,64.97723914422828,63.833354438992984,53.266058702456874
دیران,1392,ایران دارو,0.651185886718485,0.0868254272360079,0.9729907632787512,1.0,0.910274454609426,0.9252738376407008,0.9889012208657048,0.6777640703735385,54.87840774287358,77.66519575903268,77.59722829307515,56.78194263078057
دیران,1393,ایران دارو,0.707548045216801,0.4516040155101719,0.6122206721174186,1.0,0.9522237587545144,0.9252738376407008,0.9950738916256158,0.6006267496670352,66.62309322412564,78.05713713165323,77.72818711197557,66.09753505407052
دیران,1394,ایران دارو,0.0,1.6439380567811723e-09,0.8549107424507665,1.0,0.9522237587545144,0.9252738376407008,0.9969574036511156,0.2856731008959818,37.82075092782762,62.68798556296271,62.54236512944931,40.062387073196184
دیران,1395,ایران دارو,0.8745812366634849,0.4064046745807681,1.0,1.0,0.8965188364329985,1.0,0.9884726224783862,1.0,74.24331661625551,89.57471712694547,89.60231218197843,75.32763468303709
دیران,1396,ایران دارو,0.8826104529535382,0.1340920353324397,1.0,1.0,0.8329925017041601,1.0,0.9846014492753624,1.0,63.17359801033702,85.42870549081876,85.41417628885412,64.71402621971876
دیران,1399,ایران دارو,0.9999999775960128,0.1381863011484436,0.4824204551455159,0.75,0.504157218442935,0.8455324889457976,0.944055944055944,0.464264980837296,48.55287386921023,64.1077170771493,63.012567876373026,48.21757854525698
دیران,1400,ایران دارو,0.9999999547584892,0.2392735462750231,0.7445621516970599,0.7272727272727273,0.1738035264483709,0.692897761554254,0.9380214541120382,0.5202464063233171,50.236863007906095,62.95096910551599,61.89271319912506,51.390873687644465
دیران,1401,ایران دارو,0.8826104529535383,0.8091329438570539,0.9100655410764776,0.8888888888888888,0.794099183929693,0.6862978761480591,0.9170212765957448,0.5883907031364681,80.52264822275126,80.95633583232404,80.8085205177985,81.17100511714732
ذوب,1392,ذوب آهن اصفهان,0.651185886718485,0.0868254272360079,0.9888151709319084,1.0,0.910274454609426,0.9252738376407008,0.9089900110987792,0.6865063186294944,54.76397032730219,76.97338883581001,76.99888316064684,56.7645248356784
ذوب,1393,ذوب آهن اصفهان,0.707548045216801,0.4046052432191417,0.974742908209986,1.0,0.9522237587545144,0.9252738376407008,0.9211822660098522,0.3600607036367417,64.66625448790701,78.07045953359673,77.69658265152637,66.29926947631525
ذوب,1394,ذوب آهن اصفهان,0.0,1.6439380567811723e-09,1.0,0.8181818181818182,0.8782521201667389,0.9252738376407008,0.9148073022312372,0.1644427147373745,34.97895740803393,58.76197243252259,58.45086923360947,38.23106282447597
ذوب,1395,ذوب آهن اصفهان,0.8745812366634849,0.4064046745807681,1.0,1.0,0.8965188364329985,1.0,0.9164265129682996,1.0,73.94786838765859,88.67414075806938,88.77132845523728,75.05260420044566
ذوب,1396,ذوب آهن اصفهان,0.8826104529535382,0.1340920353324397,1.0,1.0,0.8329925017041601,1.0,0.9157608695652174,1.0,62.891295086983476,84.56819824444194,84.62016531633175,64.45123260062813
ذوب,1398,ذوب آهن اصفهان,0.9999998020981092,0.0189897794393701,0.9446608724593144,0.7857142857142857,0.4975755699989719,0.9683801565939821,0.9248496993987976,0.8690258367725889,52.68140910499779,75.11495003094275,74.52455066369713,54.5084998035844
ذوب,1399,ذوب آهن اصفهان,0.9999999483618772,0.1379787850793966,1.0,0.75,0.504157218442935,0.8072172225435126,0.9114219114219114,0.8008913192076246,55.70121726627115,73.89583006321571,73.47672485173578,57.78579691551775
ذوب,1400,ذوب آهن اصفهان,0.9999982113182556,0.1599869265892362,0.9333009232099976,0.7272727272727273,0.1738035264483709,0.7090437674999137,0.9070321811680572,0.6419611371771782,49.89088714125629,65.65499250854671,64.82384373958408,52.03868022142155
ذوب,1401,ذوب آهن اصفهان,0.8826104529535383,2.392395775669117e-10,0.4532975124338327,0.8518518518518519,0.7796610169491517,0.7867145396987795,0.8468085106382979,1.0,50.25832203981291,70.01179855955864,70.09700627554882,49.44053045994105
رانفور,1393,خدمات انفورماتیک,0.954872398033511,9.207029437110727e-10,0.7700527086264168,0.625,0.9184993531694684,0.9252738376407008,0.9822660098522168,0.4706753621356393,49.05205732317662,70.5829958797332,69.86080309893097,50.1356302951978
رانفور,1394,خدمات انفورماتیک,0.0,0.439933576135053,1.0,0.7272727272727273,0.9184993531694684,0.9252738376407008,0.9827586206896552,0.1644427147373745,51.86729576990692,64.47726037056223,64.05682117711096,54.4435173800753
رانفور,1395,خدمات انفورماتیک,0.8745812366634849,5.547677432843431e-10,1.0,1.0,0.8965188364329985,0.0,0.9731027857829012,1.0,52.574793919417004,71.80253574292689,73.33136291445814,54.78770319980305
رانفور,1396,خدمات انفورماتیک,0.8826104529535382,0.1340920353324397,1.0,1.0,0.8329925017041601,0.0,0.9764492753623188,1.0,57.15041722808578,72.82680331690571,74.27066370972469,59.19988498605243
رانفور,1397,خدمات انفورماتیک,1.0,2.685766663480101e-09,1.0,1.0,1.0,0.0,0.9921813917122752,1.0,55.55406326434211,74.90226742997552,76.44859819808731,57.582445013290965
رانفور,1398,خدمات انفورماتیک,0.9999999823306772,0.0495247568504532,0.9406474316778994,0.7857142857142857,0.4975755699989719,0.3837206336280433,0.9589178356713428,0.8044950254363877,49.76924381164418,67.75744401635076,67.9056542221049,51.868911566256074
رانفور,1399,خدمات انفورماتیک,0.999999986666032,0.7900222678681095,0.9434529849322444,0.75,0.504157218442935,0.5606919094822982,0.9918414918414918,0.7641139488164085,78.78703668468722,78.803497600619,78.54240669388813,79.7217962341189
رانفور,1400,خدمات انفورماتیک,0.9999999394201304,0.1081613084837993,0.9567893466073408,0.7272727272727273,0.1738035264483709,0.6576725843411524,0.9773539928486292,0.6571084601626581,48.220097593857844,65.7270235698101,64.93361739812332,50.56134535999895
رانفور,1401,خدمات انفورماتیک,0.8826104529535383,0.585954682297837,0.9444073502777912,0.8888888888888888,0.794099183929693,0.7907158354057933,0.9829787234042552,0.6105939405418072,73.34065108004168,81.00311322124504,80.69875304787541,74.41525583794343
رتاپ,1393,تجارت الکترونیک  پارسیان,0.9983903105200376,0.4017985777368884,0.7700527086264168,0.625,0.9184993531694684,0.9252738376407008,0.9467980295566504,0.4706753621356393,64.95468646283446,75.70610224232252,74.9582191281584,65.40263529429113
رتاپ,1394,تجارت الکترونیک  پارسیان,0.0,1.553657991635289e-09,1.0,0.7272727272727273,0.9184993531694684,0.9252738376407008,0.986815415821501,0.1644427147373745,34.97986976291725,59.02880062744287,58.64327281370302,38.22339291896908
رتاپ,1395,تجارت الکترونیک  پارسیان,0.8745812366634849,0.6319201683737116,1.0,1.0,0.8965188364329985,0.559327810950638,0.9279538904899136,1.0,80.02085906975019,86.12877428638433,86.83412403728742,81.00297299907263
رتاپ,1396,تجارت الکترونیک  پارسیان,0.8826104529535382,0.1340920353324397,1.0,1.0,0.8329925017041601,0.5005178060849231,0.9438405797101448,1.0,60.01467140624786,78.67566719731506,79.42501722158696,61.819753408001276
رتاپ,1397,تجارت الکترونیک  پارسیان,0.8705876685764091,2.685766663480101e-09,1.0,1.0,1.0,0.6901046390320182,0.9679437060203284,1.0,57.7762486671934,81.60795020393152,82.2495030164097,59.566385297268766
رتاپ,1398,تجارت الکترونیک  پارسیان,0.9999998071581648,2.7214385499380605e-06,0.8384763105911526,0.7857142857142857,0.4975755699989719,0.9009928667988332,0.968937875751503,0.9287699142020592,51.56937646117612,74.005866895669,73.49559086345086,52.850574866739564
رتاپ,1399,تجارت الکترونیک  پارسیان,0.9999995341477168,0.1410936218001776,0.9079641098364416,0.75,0.504157218442935,0.7767377841171779,0.9836829836829836,0.8607504042667745,55.8830101763065,74.05482070367759,73.63907158408843,57.434257370208975
رتاپ,1400,تجارت الکترونیک  پارسیان,0.6858211394675011,0.539067473720071,0.999999702243482,0.7272727272727273,0.1738035264483709,0.802882968001608,0.9880810488676997,0.6849745982917742,61.91729281459588,70.02378980391542,69.1970402267636,63.98088130358085
رتاپ,1401,تجارت الکترونیک  پارسیان,0.8826104529535383,1.1349077616220411e-15,0.0381753838067109,0.8888888888888888,0.794099183929693,0.7765586966078684,0.9851063829787234,1.0,48.09369785913766,67.0679873645678,66.89778161805418,45.07431030721476
رمپنا,1393,گروه مپنا (سهامی عام),0.707548045216801,3.6046057228379475e-09,0.7700527086264168,0.625,0.9184993531694684,0.9252738376407008,0.9201970443349754,0.4706753621356393,45.334596852146326,66.7155794341076,66.19250480738457,46.63563061657901
رمپنا,1394,گروه مپنا (سهامی عام),0.0,7.192795971973642e-10,1.0,0.8181818181818182,0.8782521201667389,0.9252738376407008,0.9066937119675456,0.1644427147373745,34.945684987815696,58.66055254266822,58.35728663286578,38.20008978346842
رمپنا,1395,گروه مپنا (سهامی عام),0.8745812366634849,0.4064046745807681,1.0,1.0,0.8965188364329985,0.8992259136025614,0.903938520653218,1.0,73.29304575994489,87.25836477416289,87.51378952352995,74.452385824539
رمپنا,1396,گروه مپنا (سهامی عام),0.8826104529535382,0.1340920353324397,1.0,1.0,0.8329925017041601,0.9034972624340422,0.9184782608695652,1.0,62.32441133440998,83.39588141617182,83.58520230700454,63.93247950244066
رمپنا,1398,گروه مپنا (سهامی عام),0.9999991486652056,0.0189897794393701,0.9152528514196822,0.7142857142857143,1.0,0.9999999600299312,0.9128256513026052,0.80950949167398,56.938452034859665,79.6357824602061,79.41320370670861,58.30576953329383
رمپنا,1399,گروه مپنا (سهامی عام),0.999999144014587,0.0596823719567805,0.7243178147835807,0.75,0.504157218442935,0.6965098565213264,0.8461538461538461,0.6215915661823674,47.75673042073396,65.03014772569279,64.5278977784358,48.76139236588804
رمپنا,1400,گروه مپنا (سهامی عام),0.9999998658867324,5.051301843666953e-10,0.3399751028668167,0.7272727272727273,0.1738035264483709,0.5919769838481297,0.8486293206197855,0.2593344412798476,34.2177786918019,49.26239960909426,48.00013007673787,33.941053216266795
رمپنا,1401,گروه مپنا (سهامی عام),0.8826104529535383,0.1180039981107291,0.9074126487023207,0.8888888888888888,0.794099183929693,0.7328286456983897,0.6872340425531915,0.5866755110553251,53.264582379232905,69.97191714865096,70.03656450049134,54.99234568886695
رکیش,1393,کارت اعتباری ایران کیش,0.707548045216801,0.5819018915890779,0.7700527086264168,0.625,0.9184993531694684,0.9252738376407008,0.9783251231527094,0.4706753621356393,67.93203999291305,74.71595401913517,74.08537018717621,68.33243725220743
رکیش,1394,کارت اعتباری ایران کیش,0.0,8.952462175952463e-10,1.0,0.8181818181818182,0.8782521201667389,0.9252738376407008,0.9503042596348884,0.1644427147373745,35.12452406228069,59.20568439070959,58.86029305236037,38.36656970196025
رکیش,1395,کارت اعتباری ایران کیش,0.8745812366634849,0.4064046745807681,1.0,1.0,0.8965188364329985,0.9659170378763772,0.946205571565802,1.0,73.86583856053885,88.62034196399287,88.7382025514447,74.97940587167594
رکیش,1396,کارت اعتباری ایران کیش,0.8826104529535382,0.1340920353324397,1.0,1.0,0.8329925017041601,0.809927701926716,0.9746376811594204,1.0,61.994252796444506,82.92825466345344,83.1990526484678,63.63381991134961
رکیش,1397,کارت اعتباری ایران کیش,1.0,2.685766663480101e-09,1.0,1.0,1.0,0.999998206492024,0.9695074276778732,1.0,61.45082081735597,87.1188204606958,87.23654061626,62.97890000208142
رکیش,1398,کارت اعتباری ایران کیش,0.9999999830878056,0.0087616571679815,0.8374460866943565,0.7857142857142857,0.4975755699989719,0.9267415985283628,0.9539078156312624,0.9293495632129604,51.99697741067975,74.24370700044983,73.71005302273174,53.250292544777466
رکیش,1399,کارت اعتباری ایران کیش,0.9999996385064227,0.0933698155156885,0.8682380047082845,0.75,0.504157218442935,0.9467524795330284,0.9557109557109558,0.8865876952492956,54.93060746844767,75.06019759583262,74.44168366683786,56.250153206101906
رکیش,1401,کارت اعتباری ایران کیش,0.8826104529535383,0.6866659221568531,0.803729649207931,0.8888888888888888,0.794099183929693,0.9041454517143704,0.925531914893617,0.773432789121724,78.34134203571733,83.2388031608327,82.9409971476249,78.36279887792506
زمگسا,1392,کشاورزی  ودامپروی  مگسال,0.651185886718485,0.0868254272360079,0.916764696230454,1.0,0.910274454609426,0.9252738376407008,0.9778024417314096,0.6467017868829985,54.07513974902805,76.43535663811853,76.3202939739723,55.71756388442499
زمگسا,1393,کشاورزی  ودامپروی  مگسال,0.707548045216801,0.0671198590566144,0.7243922438365049,1.0,0.9522237587545144,0.9252738376407008,0.9536945812807882,0.5261908425725701,51.726988881772606,73.20553960448117,72.9132258731956,52.436686576420485
زمگسا,1394,کشاورزی  ودامپروی  مگسال,0.0,1.6439380567811723e-09,1.0,1.0,0.6112325467279323,0.9252738376407008,0.969574036511156,0.1644427147373745,33.7284889716256,58.381539215763766,57.83530089776049,37.0815973348393
زمگسا,1395,کشاورزی  ودامپروی  مگسال,0.8745812366634849,0.4064046745807681,1.0,1.0,0.8965188364329985,1.0,0.94716618635927,1.0,74.0739262985266,89.05838667545652,89.12588151198018,75.16995053968468
زمگسا,1396,کشاورزی  ودامپروی  مگسال,0.8826104529535382,0.1340920353324397,1.0,1.0,0.8329925017041601,1.0,0.960144927536232,1.0,63.073306182303526,85.12299896907962,85.13209344335276,64.62066532872603
زمگسا,1397,کشاورزی  ودامپروی  مگسال,0.9999999734093844,2.685766663480101e-09,1.0,1.0,1.0,0.999999246011268,0.9530883502736512,1.0,61.38349496730673,86.91359465475088,87.04717325749294,62.916226785629014
زمگسا,1398,کشاورزی  ودامپروی  مگسال,0.9999999463287814,0.1807101821647518,0.9799290035251316,0.7857142857142857,0.4975755699989719,0.8655408513654771,0.9028056112224448,0.826596555345285,57.99949743088854,75.48590007081411,75.01868555208904,59.85587683364096
زمگسا,1399,کشاورزی  ودامپروی  مگسال,0.9999993329808304,0.7136298380569094,0.9047089290239468,0.75,0.504157218442935,0.826804501109631,0.9137529137529138,0.7389153686103606,76.56254383390603,79.39960127471907,78.7905976254268,77.3216870636964
زمگسا,1400,کشاورزی  ودامپروی  مگسال,0.9999997212780004,5.583016491719349e-10,0.7545537968336126,0.5454545454545454,0.6789924433249334,0.7094099597575758,0.9702026221692492,0.5266898645954795,45.52872434170037,64.81628692464622,64.16277743755178,46.77950184644038
زمگسا,1401,کشاورزی  ودامپروی  مگسال,0.8826104529535383,1.0,0.8047150431164671,0.1481481481481481,1.0,0.8197123174622569,0.9446808510638298,0.5702492361389175,84.0304761567652,77.12645061103946,76.51276828518428,83.9733733210543
زپارس,1394,ملی کشت و صنعت و دامپروری پارس,0.0,1.6439380567811723e-09,1.0,0.8181818181818182,0.8782521201667389,0.9252738376407008,0.0973630831643002,0.1644427147373745,31.626764650612344,48.54391969418588,49.02242336495155,35.11053238098156
زپارس,1395,ملی کشت و صنعت و دامپروری پارس,0.8745812366634849,0.4064046745807681,1.0,1.0,0.8965188364329985,1.0,0.4899135446685879,1.0,72.19881487436486,83.342728654323,83.85190479292969,73.42442374350438
زپارس,1396,ملی کشت و صنعت و دامپروری پارس,0.8826104529535382,0.1340920353324397,1.0,1.0,0.8329925017041601,1.0,0.845108695652174,1.0,62.60156313933116,83.68504607052888,83.80525931821668,64.18152335998248
زپارس,1398,ملی کشت و صنعت و دامپروری پارس,0.9999998997066072,0.4600844316736586,0.9152528514196822,0.7142857142857143,1.0,0.9683801565939821,0.9178356713426854,0.80950949167398,73.71828861595706,84.81685270870388,84.59636661989111,74.42999293623508
زپارس,1399,ملی کشت و صنعت و دامپروری پارس,0.9999999701577312,0.3915401512241505,0.7973494272407283,0.75,0.504157218442935,0.8739846684028829,0.9102564102564102,0.6690902831064344,62.895027505081536,73.7047266103909,72.9369345838466,63.62471429684717
زپارس,1400,ملی کشت و صنعت و دامپروری پارس,0.9999996031447136,1.1156774810052848e-09,0.7298373689854647,0.7272727272727273,0.1738035264483709,0.7195128066390366,0.9058402860548272,0.5107506204269862,40.85737107986825,59.58771175109754,58.52639096225993,42.30249059280799
زپارس,1401,ملی کشت و صنعت و دامپروری پارس,0.8826104529535383,0.7020687032838252,0.8110119346813778,0.8148148148148148,0.9199999999999984,0.9208828663843426,0.8468085106382979,0.5243489187985223,76.88128958720148,80.28182751943397,79.85059148840475,77.0751368446676
سآبیک,1392,سیمان آبیک,0.651185886718485,0.0868254272360079,0.92291974023892,1.0,0.910274454609426,0.9252738376407008,0.8856825749167592,0.7352686695364915,54.69481220209643,76.46788238620988,76.54341769045307,56.32225738524503
سآبیک,1398,سیمان آبیک,0.9999999162146408,0.0189897794393701,1.0,0.7857142857142857,0.4975755699989719,0.9683801565939821,0.5040080160320641,0.8378895249410073,51.0388091062986,70.15696561167903,69.9609395914421,53.295982479317836
سآبیک,1399,سیمان آبیک,0.9999996556950574,0.1379787850793966,0.9317629910299968,0.75,0.504157218442935,0.8072172225435126,0.8554778554778555,0.845271952088473,55.433501837559106,72.89832100446534,72.55491931572327,57.14575507474944
سآبیک,1400,سیمان آبیک,0.9999997595790991,8.322794419858075e-09,0.7798148805255694,0.7272727272727273,0.1738035264483709,0.7090437674999137,0.9439809296781884,0.5429803489405715,41.67421961488217,60.96119935334043,59.93478131602007,43.34492601425199
سآبیک,1401,سیمان آبیک,0.8826104529535383,1.4594486272574945e-06,0.9149606066799358,0.8518518518518519,0.7796610169491517,0.7867145396987795,0.9531914893617022,0.5915555423291607,49.79208340108477,72.00683699090935,71.72167379578656,51.65934745922659
ساربیل,1392,سیمان آرتا اردبیل,0.9285386291092286,0.0868254272360079,0.9574108308787695,1.0,0.910274454609426,0.9252738376407008,0.9822419533851277,0.7162139482729071,59.029783530315804,81.3347385141521,81.15377239209225,60.599159680059756
ساربیل,1393,سیمان آرتا اردبیل,0.707548045216801,1.91424873293165e-09,0.8531275065475779,1.0,0.9522237587545144,0.9252738376407008,0.9852216748768472,0.2458372723434572,47.23820375790522,70.86540121617683,70.2876976216501,48.93493135788412
ساربیل,1394,سیمان آرتا اردبیل,0.0,0.1040884041512491,0.5235564322440158,1.0,0.9522237587545144,0.9252738376407008,0.973630831643002,0.5625386087924045,42.19746295789652,63.01639841532358,63.057970536740804,42.352133263915384
ساربیل,1395,سیمان آرتا اردبیل,0.8745812366634849,0.4064046745807681,1.0,1.0,0.8965188364329985,0.4369593363007812,0.9711815561959656,1.0,70.79993612864632,82.32057050217497,83.18156673991668,72.17446361995647
ساربیل,1396,سیمان آرتا اردبیل,0.8826104529535382,0.1340920353324397,1.0,1.0,0.8329925017041601,0.4888955607892411,0.977355072463768,1.0,60.082494010005874,78.94932029053933,79.68315537040968,61.883967392481765
ساربیل,1399,سیمان آرتا اردبیل,0.9999997626196064,0.1379787850793966,0.97079604298287,0.75,0.504157218442935,0.8072172225435126,0.9883449883449884,0.8198854129855637,56.00027472827731,74.7297429124859,74.24560634611426,57.89692146084202
ساربیل,1400,سیمان آرتا اردبیل,0.9999995232387112,9.113178649227899e-10,0.8847412661203626,0.7272727272727273,0.1738035264483709,0.7090437674999137,0.9797377830750894,0.6106457611914042,43.339071223265854,63.565554446973714,62.62334168596995,45.484813578852304
ساربیل,1401,سیمان آرتا اردبیل,0.8826104529535383,5.014524120076813e-10,0.9999994206446629,0.8888888888888888,0.794099183929693,0.7867145396987795,0.9893617021276596,0.6465362500740244,51.63343495460288,74.85263048523375,74.66264281972256,53.85555614370402
ساروم,1392,سیمان ارومیه,0.651185886718485,0.0868254272360079,0.9148286121043558,1.0,0.910274454609426,0.9252738376407008,0.9911209766925638,0.7397386410117902,55.11414684116262,77.74059795016662,77.71596773266815,56.666334238878754
ساروم,1393,سیمان ارومیه,0.707548045216801,0.4046052432191417,0.4208887178885455,1.0,0.9522237587545144,0.9252738376407008,0.9891625615763546,0.7275926765138953,64.71270879275235,76.59118551012442,76.33566511049558,63.16972774501396
ساروم,1394,سیمان ارومیه,0.0,1.6439380567811723e-09,0.6426201318625016,1.0,0.9522237587545144,0.9252738376407008,0.9827586206896552,0.4630540671658579,38.065476958357976,62.074130221964595,62.05360491756423,39.07116019126678
ساروم,1395,سیمان ارومیه,0.8745812366634849,0.4064046745807681,1.0,1.0,0.8965188364329985,1.0,0.9769452449567724,1.0,74.19604489968,89.43062490792529,89.46935478569985,75.28362980582246
ساروم,1396,سیمان ارومیه,0.8826104529535382,0.1340920353324397,1.0,1.0,0.8329925017041601,1.0,0.9846014492753624,1.0,63.17359801033702,85.42870549081876,85.41417628885412,64.71402621971876
ساروم,1398,سیمان ارومیه,0.9999996369070844,0.0189897794393701,0.9840124325549928,0.7142857142857143,0.5543175487465202,0.9683801565939821,0.996993987975952,0.8288940710655143,52.889872199009446,75.82341659461413,75.15659798944235,54.922742572547314
ساروم,1399,سیمان ارومیه,0.9999996565365384,0.1379787850793966,0.7020763574408919,0.8333333333333334,0.4358600583090337,0.8072172225435126,0.9965034965034965,0.6071260402168965,51.64411934336302,69.00118687453875,68.13304848779848,52.34112583011912
ساروم,1400,سیمان ارومیه,1.0,8.322794419858075e-09,0.7463969540617732,0.8181818181818182,0.0600035984166947,0.7090437674999137,1.0,0.5214296421481609,40.90096183757936,60.688197357889436,59.499017588207515,42.44472112034415
سبجنو,1392,سیمان  بجنورد,0.651185886718485,0.0868254272360079,0.8353361649218458,1.0,0.910274454609426,0.9252738376407008,0.97669256381798,0.7836545159674204,54.92677263355459,77.11553563639832,77.1213701607125,56.037238933810485
سبجنو,1393,سیمان  بجنورد,0.707548045216801,0.4047211561248341,0.750400583552073,1.0,0.9522237587545144,0.9252738376407008,0.9714285714285714,0.5089319744914705,64.78265640076222,77.75659909011206,77.40871600743621,65.12260084322638
سبجنو,1394,سیمان  بجنورد,0.0,1.6439380567811723e-09,1.0,0.8181818181818182,0.8782521201667389,0.9252738376407008,0.975659229208925,0.1644427147373745,35.22850029320179,59.52262151974369,59.15273865311255,38.463360376100866
سبجنو,1395,سیمان  بجنورد,0.8745812366634849,0.4064046745807681,1.0,1.0,0.8965188364329985,1.0,0.9702209414024976,1.0,74.16846973167762,89.34657111349686,89.39179630453734,75.25796029411393
سبجنو,1396,سیمان  بجنورد,0.8826104529535382,0.1340920353324397,1.0,1.0,0.8329925017041601,1.0,0.9818840579710144,1.0,63.16245447388885,85.39473809951441,85.38283375046508,64.70365278738623
سبجنو,1397,سیمان  بجنورد,0.9999998104926326,2.685766663480101e-09,1.0,1.0,1.0,0.9999990820195228,0.9851446442533228,1.0,61.514948840719285,87.31429424314057,87.4169085305561,63.03859617411436
سبجنو,1398,سیمان  بجنورد,0.999999878996902,0.9472632919067954,0.9300798882196432,0.7857142857142857,0.4975755699989719,0.6947028667748064,0.9919839679358716,0.7985492634206888,86.1187891219936,83.07336266209957,82.64832413707896,86.63786764757462
سبجنو,1399,سیمان  بجنورد,0.9999996622290984,0.8014801963602177,0.8286379436933495,0.75,0.504157218442935,0.5521866676365892,0.993006993006993,0.6894398870102108,77.51304053027826,76.48635710474242,76.10482434149495,77.90399618173092
سبجنو,1400,سیمان  بجنورد,0.9999999936946056,9.472142494566246e-10,0.9932377771973132,0.7272727272727273,0.1738035264483709,0.3882142330895102,0.9868891537544696,0.6893352597523262,43.110247210936556,61.98440840195671,61.63319830767635,45.91104331697733
سبجنو,1401,سیمان  بجنورد,0.8826104529535383,0.1380629843544839,0.5742912190615803,0.8518518518518519,0.7796610169491517,0.8773256186980696,0.9829787234042552,0.3713003063373283,50.82653885923073,68.22602717012825,67.38231020713302,50.854911471609995
سبهان,1392,سیمان  بهبهان,0.651185886718485,0.0868254272360079,0.8370466464852337,1.0,0.910274454609426,0.9252738376407008,0.9755826859045506,0.6026612770182064,52.99168360834962,74.86062769515763,74.66573689196714,54.26007104102484
سبهان,1393,سیمان  بهبهان,0.707548045216801,0.4046052432191417,0.0,1.0,0.9522237587545144,0.9252738376407008,0.9793103448275862,1.0,64.42177605883582,74.6120153707343,74.49814596473672,60.48836677250271
سبهان,1394,سیمان  بهبهان,0.0,1.6439380567811723e-09,1.0,0.8181818181818182,0.8782521201667389,0.9252738376407008,0.9746450304259636,0.1644427147373745,35.22434124511567,59.509944034956675,59.14104082945417,38.45948875024045
سبهان,1395,سیمان  بهبهان,0.8745812366634849,0.4064046745807681,1.0,1.0,0.8965188364329985,1.0,0.9615754082612872,1.0,74.133015944246,89.23850194923173,89.29207825732841,75.22495663620296
سبهان,1396,سیمان  بهبهان,0.8826104529535382,0.1340920353324397,1.0,1.0,0.8329925017041601,1.0,0.977355072463768,1.0,63.14388191314191,85.33812578067382,85.33059618648335,64.6863637334987
سبهان,1398,سیمان  بهبهان,0.9999998020980164,0.0189897794393701,0.6534653363762989,0.7857142857142857,0.4975755699989719,0.9683801565939821,0.9529058116232464,0.6429138215758975,48.17151987428127,68.99930704275086,68.0093851532056,48.67570603049894
سبهان,1399,سیمان  بهبهان,0.999999981124696,0.1379787850793966,0.9999999040157022,0.75,0.504157218442935,0.8072172225435126,0.9790209790209792,0.8008912567808091,55.978428034400075,74.74081683760039,74.2564144581156,58.04384975195907
سبهان,1400,سیمان  بهبهان,0.9999998590364244,8.322794419858075e-09,0.8555309123952874,0.7272727272727273,0.1738035264483709,0.7090437674999137,0.9785458879618594,0.7781402988640631,44.91229899461826,65.27921234751801,64.5135655477719,46.77013362599912
سبهان,1401,سیمان  بهبهان,0.8826104529535383,1.4594486272574945e-06,0.8806839936722929,0.8518518518518519,0.7796610169491517,0.7867145396987795,0.9680851063829788,0.5693944566508174,49.356589128952024,71.48753597010047,71.14913243265009,51.06118725718206
ستران,1392,سیمان  تهران,0.651185886718485,0.0868254272360079,0.78265449178005,1.0,0.910274454609426,0.9252738376407008,0.9223085460599334,0.572612144688491,52.04017747154624,73.13918485916368,72.93982374479832,53.06802575753158
ستران,1393,سیمان  تهران,0.707548045216801,0.4046052432191417,0.9048681651700412,1.0,0.9522237587545144,0.9252738376407008,0.9408866995073892,0.406428868060758,64.71774905624284,78.02293271961683,77.65323877322467,65.94692387651526
ستران,1394,سیمان  تهران,0.0,1.6439380567811723e-09,1.0,0.8181818181818182,0.8782521201667389,0.9252738376407008,0.9290060851926978,0.1644427147373745,35.03718408123977,58.939457219540856,58.614638764826864,38.285265586521774
ستران,1395,سیمان  تهران,0.8745812366634849,0.4064046745807681,1.0,1.0,0.8965188364329985,1.0,0.9193083573487032,1.0,73.95968631680248,88.71016381282443,88.80456780430693,75.06360541974931
ستران,1396,سیمان  تهران,0.8826104529535382,0.1340920353324397,1.0,1.0,0.8329925017041601,1.0,0.9202898550724636,1.0,62.90986764773042,84.62481056328252,84.67240288031348,64.46852165451567
ستران,1398,سیمان  تهران,0.5257430549278503,0.0189897794393701,0.9622450479565214,0.8571428571428571,0.4448865897333848,0.9683801565939821,0.8957915831663327,0.859132210769377,45.94655934112228,69.15389099662094,68.8366996717586,48.270450109085026
ستران,1399,سیمان  تهران,0.9999995341484756,0.1379787850793966,0.5753830793569283,0.8333333333333334,0.4358600583090337,0.8072172225435126,0.8811188811188811,1.0,54.43360793416737,70.88613617361952,70.51704151830937,54.1873579358083
ستران,1400,سیمان  تهران,0.9999993749371056,8.322794419858075e-09,0.9999999820565226,0.8181818181818182,0.0600035984166947,0.7090437674999137,0.902264600715137,0.6849744178446479,44.169644364676984,64.68084459968293,63.873072841781955,46.913737345565806
ستران,1401,سیمان  تهران,0.8826104529535383,1.4594486272574945e-06,0.5164251815343761,0.8888888888888888,0.7507846829880711,0.7867145396987795,0.8531914893617021,0.3338877937527081,43.59021449967961,62.656306107833636,62.00512150830457,43.64813210443169
سخاش,1392,سیمان خاش,0.651185886718485,0.0868254272360079,0.934937177475116,1.0,0.910274454609426,0.9252738376407008,0.9711431742508324,0.6567412364440595,54.29274025330518,76.70476492968284,76.61482111701453,56.022460211326894
سخاش,1393,سیمان خاش,0.707548045216801,0.4046052432191417,0.246029065161059,1.0,0.9522237587545144,0.9252738376407008,0.9891625615763546,0.8436277526523439,64.63936182557379,75.85587830276144,75.65845619520147,62.099756007736595
سخاش,1394,سیمان خاش,0.0,1.6439380567811723e-09,0.2758791536984766,1.0,0.9522237587545144,0.9252738376407008,0.988843813387424,0.7694871632751503,38.61379481249724,61.39634660500255,61.562356759808566,37.47564128233553
سخاش,1395,سیمان خاش,0.8745812366634849,0.4064046745807681,1.0,1.0,0.8965188364329985,1.0,0.983669548511047,1.0,74.22362006768239,89.51467870235372,89.54691326686236,75.30929931753099
سخاش,1396,سیمان خاش,0.8826104529535382,0.1340920353324397,1.0,1.0,0.8329925017041601,1.0,0.9936594202898552,1.0,63.2107431318309,85.54193012849991,85.5186514168176,64.74860432749384
سخاش,1398,سیمان خاش,0.9999998368044618,0.0189897794393701,0.9495597611229396,0.8571428571428571,0.4448865897333848,0.9683801565939821,1.0,0.80950949167398,52.385694011397156,75.6058559063872,74.86043089932846,54.27220375196558
سخاش,1399,سیمان خاش,0.9999996273700292,0.1379787850793966,0.786223721253814,0.8333333333333334,0.4358600583090337,0.8072172225435126,0.9953379953379954,0.6618542829487913,52.861872483724035,70.72256282719883,69.95129705196435,53.947917806147174
سخاش,1400,سیمان خاش,0.9999997853653764,8.322794419858075e-09,0.9120171030234608,0.7272727272727273,0.1738035264483709,0.7090437674999137,0.9916567342073898,0.6282355288944691,43.7826178937046,64.27536476293128,63.35250663242871,46.05110297640261
سخزر,1392,سیمان  خزر,0.651185886718485,0.0868254272360079,0.8145018909859445,1.0,0.910274454609426,0.9252738376407008,0.9833518312985572,0.7951644820257014,54.92047946677674,77.08222263143529,77.08595642286896,55.91221562443346
سخزر,1393,سیمان  خزر,0.707548045216801,0.4046052432191417,0.6419703823347825,1.0,0.9522237587545144,0.9252738376407008,0.9891625615763546,0.5808851464079434,64.80544413411316,77.52086218937798,77.19188592436386,64.52253343173443
سخزر,1394,سیمان  خزر,0.0,1.6439380567811723e-09,0.8517805541352931,1.0,0.9522237587545144,0.9252738376407008,0.984787018255578,0.2882885525472197,37.775309335983586,62.52942153721555,62.39719931420304,40.0021113043789
سخزر,1395,سیمان  خزر,0.8745812366634849,0.4064046745807681,1.0,1.0,0.8965188364329985,1.0,0.9798270893371758,1.0,74.20786282882388,89.46664796268034,89.5025941347695,75.29463102512612
سخزر,1396,سیمان  خزر,0.8826104529535382,0.1340920353324397,1.0,1.0,0.8329925017041601,1.0,0.9818840579710144,1.0,63.16245447388885,85.39473809951441,85.38283375046508,64.70365278738623
سخزر,1398,سیمان  خزر,0.6226329626330049,0.0189897794393701,0.9336325763425786,0.7857142857142857,0.4975755699989719,0.9683801565939821,0.937875751503006,0.8005481611000231,46.632605467079216,69.56686554156528,69.09508022922029,48.76042025623365
سخزر,1399,سیمان  خزر,0.9999996388464166,0.1379787850793966,0.8001793403653655,0.75,0.504157218442935,0.8072172225435126,0.9906759906759908,0.9308520777966648,55.91407466427233,74.01325342187852,73.58103332982587,56.83947112046509
سخزر,1400,سیمان  خزر,0.999999780285894,8.322794419858075e-09,0.837329191344964,0.7272727272727273,0.1738035264483709,0.7090437674999137,0.9928486293206198,0.5800704433897029,42.706815669897665,62.75460092356233,61.74606779435263,44.6296134898612
سخزر,1401,سیمان  خزر,0.8826104529535383,1.4594486272574945e-06,0.8944846471971896,0.8888888888888888,0.7507846829880711,0.7867145396987795,0.997872340425532,0.5783170845987472,49.660527934374656,72.24592620249217,71.88353328656456,51.42503921667678
سخوز,1392,سیمان خوزستان,0.651185886718485,0.0868254272360079,0.843501540642803,1.0,0.910274454609426,0.9252738376407008,0.7524972253052165,0.7791435261584894,54.02055675230639,74.35877372888912,74.57947111066584,55.24035274952912
سخوز,1393,سیمان خوزستان,0.707548045216801,0.4046052432191417,0.4122573098142787,1.0,0.9522237587545144,0.9252738376407008,0.9802955665024632,0.7333203905831921,64.67272628240711,76.44405189663865,76.19996437751293,63.083062814611054
سخوز,1394,سیمان خوزستان,0.0,1.6439380567811723e-09,1.0,0.8181818181818182,0.8782521201667389,0.9252738376407008,0.9726166328600404,0.1644427147373745,35.2160231489434,59.48458906538263,59.1176451821374,38.45174549851962
سخوز,1395,سیمان خوزستان,0.8745812366634849,0.4064046745807681,1.0,1.0,0.8965188364329985,1.0,0.9654178674351584,1.0,74.1487731831045,89.28653268890511,89.33639738942128,75.23962492860782
سخوز,1396,سیمان خوزستان,0.8826104529535382,0.1340920353324397,1.0,1.0,0.8329925017041601,1.0,0.9746376811594204,1.0,63.132738376693744,85.30415838936948,85.29925364809431,64.67599030116617
سخوز,1398,سیمان خوزستان,0.9999994802125018,0.0189897794393701,0.8006512716210699,0.7857142857142857,0.4975755699989719,0.9683801565939821,0.943887775551102,0.9500519350273382,52.542974374320096,74.56562817698277,73.9884228731099,53.55582794606937
سخوز,1399,سیمان خوزستان,0.9999997746397048,0.1379787850793966,0.8044675598241691,0.75,0.504157218442935,0.8072172225435126,0.965034965034965,0.6737198148014548,53.080283783263226,70.53219175457673,69.83881342876514,54.246431402012405
سخوز,1400,سیمان خوزستان,0.9999995784643728,8.322794419858075e-09,0.9742790899065408,0.7272727272727273,0.1738035264483709,0.7090437674999137,0.9630512514898688,0.6683873266154862,44.56620314094525,65.19796595025093,64.37320066263928,47.13068838006849
سخوز,1401,سیمان خوزستان,0.8826104529535383,1.4594486272574945e-06,0.5799192709788827,0.8518518518518519,0.7796610169491517,0.7867145396987795,0.9574468085106383,0.3749390480272875,44.95574058033277,65.16430560523447,64.49524922178429,45.273055839804535
سدشت,1392,صنایع سیمان دشتستان,0.9915382245007232,0.0868254272360079,0.9159730521042873,1.0,0.910274454609426,0.9252738376407008,0.9200887902330744,0.6462644403716464,58.593261220394524,79.95297783369833,79.70134211498635,59.973271285115636
سدشت,1393,صنایع سیمان دشتستان,0.707548045216801,0.2194121727895661,0.8646199034231203,1.0,0.9522237587545144,0.9252738376407008,0.9576354679802956,0.4331372026788221,57.6536686583341,75.74812985604775,75.39197602703887,58.930088289173334
سدشت,1394,صنایع سیمان دشتستان,0.0,8.396838021629518e-10,1.0,1.0,0.6112325467279323,0.9252738376407008,0.9685598377281948,0.1644427147373745,33.7243298926367,58.36886172092357,57.82360306411992,37.077725679298126
سدشت,1395,صنایع سیمان دشتستان,0.8745812366634849,0.4064046745807681,1.0,1.0,0.8965188364329985,0.7110280696978724,0.9634966378482228,1.0,72.4100248941829,85.65036819029184,86.1212468244943,73.64785163844925
سدشت,1396,صنایع سیمان دشتستان,0.8826104529535382,0.1340920353324397,1.0,1.0,0.8329925017041601,0.6866045958388282,0.9791666666666666,1.0,61.27415076117813,81.44332815619542,81.88863340602228,62.97492579258224
سدشت,1399,صنایع سیمان دشتستان,0.9999995341481088,0.1379787850793966,0.9582969826230208,0.75,0.504157218442935,0.8072172225435126,0.9696969696969696,0.7737682727538595,55.334305734193244,73.76393731609754,73.24109015296831,57.20972864907223
سدشت,1400,صنایع سیمان دشتستان,0.9999997727649774,0.7889770166521964,0.9999997353451648,0.7272727272727273,0.1738035264483709,0.7090437674999137,0.9618593563766388,0.684974576945008,75.24923531197307,75.57413099131247,74.70998741543869,76.73418690430613
سدشت,1401,صنایع سیمان دشتستان,0.8826104529535383,0.8553747601268046,0.8158088278914581,0.8888888888888888,0.794099183929693,0.7867145396987795,0.9893617021276596,0.5274502859433667,81.83206452484649,81.75385801950236,81.27958466854035,81.90306901853337
سدور,1392,سیمان  دورود,0.651185886718485,0.0868254272360079,0.955872307894337,1.0,0.910274454609426,0.9252738376407008,0.978912319644839,0.7170639105698984,55.13027682090128,77.81760180392118,77.79623088634426,56.916105666571745
سدور,1393,سیمان  دورود,0.707548045216801,0.4820112069804224,0.8622719002829666,1.0,0.9522237587545144,0.9252738376407008,0.9694581280788176,0.4346953135345359,67.79130421690964,79.16852738110948,78.77855576384212,68.65198809887454
سدور,1394,سیمان  دورود,0.0,1.6439380567811723e-09,1.0,0.8181818181818182,0.8782521201667389,0.9252738376407008,0.9614604462474644,0.1644427147373745,35.17027361999596,59.345136732725436,58.98896912189516,38.40915761405505
سدور,1395,سیمان  دورود,0.8745812366634849,0.4064046745807681,1.0,1.0,0.8965188364329985,1.0,0.9529298751200768,1.0,74.09756215681436,89.1304327849666,89.19236021011947,75.19195297829198
سدور,1396,سیمان  دورود,0.8826104529535382,0.1340920353324397,1.0,1.0,0.8329925017041601,1.0,0.977355072463768,1.0,63.14388191314191,85.33812578067382,85.33059618648335,64.6863637334987
سدور,1397,سیمان  دورود,0.9999999225030344,2.685766663480101e-09,1.0,1.0,1.0,0.9999998495031563,0.9945269741985928,1.0,61.55343026561759,87.43158436113188,87.52513464938738,63.07441818309406
سدور,1398,سیمان  دورود,0.999999769315786,0.4919243482939963,0.9570119768057872,0.8571428571428571,0.4448865897333848,0.9529128430884708,0.9889779559118236,0.8620765654149382,71.0406178077556,81.93666132133805,81.24444571810142,72.21468960717804
سدور,1399,سیمان  دورود,0.9999998618511128,0.7483420307467151,0.9584211389462024,0.75,0.504157218442935,0.927539102707072,1.0,0.7738490222519294,79.63375244876096,83.27885468682459,82.49847610371516,80.51278184368947
سدور,1400,سیمان  دورود,0.9999998286563564,1.012516724108342e-09,0.9424127452232492,0.7272727272727273,0.1738035264483709,0.917490369702902,0.9904648390941596,0.6478372110492345,45.46608050417175,67.49101560574395,66.30135232528525,47.769823787235886
سدور,1401,سیمان  دورود,0.8826104529535383,9.717256165710967e-10,0.8534608248333195,0.8518518518518519,0.7796610169491517,0.942731976084977,0.9914893617021276,0.741279762693085,52.027265347603176,75.53856560049721,75.1323917449197,53.36456163258742
سرود,1392,سیمان شاهرود,0.651185886718485,0.0868254272360079,0.958158938238826,1.0,0.910274454609426,0.9252738376407008,0.9844617092119868,0.7158006537972421,55.15672176666757,77.89976134315843,77.87255459077534,56.95380182060723
سرود,1393,سیمان شاهرود,0.707548045216801,0.4046052432191417,0.6213125611283427,1.0,0.9522237587545144,0.9252738376407008,0.993103448275862,0.5945934651604655,64.81293983715118,77.48325449244786,77.15733524379947,64.4111716032929
سرود,1394,سیمان شاهرود,0.0,1.6439380567811723e-09,1.0,0.8181818181818182,0.8782521201667389,0.9252738376407008,0.9685598377281948,0.1644427147373745,35.19938695659888,59.433879126234565,59.07085388750386,38.43625899507796
سرود,1395,سیمان شاهرود,0.8745812366634849,0.4064046745807681,1.0,1.0,0.8965188364329985,1.0,0.9731027857829012,1.0,74.18028766082149,89.3825941682519,89.425035653607,75.2689615134176
سرود,1396,سیمان شاهرود,0.8826104529535382,0.1340920353324397,1.0,1.0,0.8329925017041601,1.0,0.9818840579710144,1.0,63.16245447388885,85.39473809951441,85.38283375046508,64.70365278738623
سرود,1398,سیمان شاهرود,0.9999998020983332,0.0189897794393701,0.9745867566002886,0.7857142857142857,0.4975755699989719,0.9683801565939821,0.9829659318637276,0.8521882258448955,52.96472354171768,76.00500635192317,75.35190661964695,54.943425441763395
سرود,1399,سیمان شاهرود,0.9999997392455148,0.1379787850793966,0.999999931179712,0.75,0.504157218442935,0.8072172225435126,1.0,0.8008912744478928,56.064456260818815,75.00305213673705,74.49838532552901,58.12393288014231
سرود,1400,سیمان شاهرود,0.9999997992293084,8.322794419858075e-09,0.9871066862333732,0.7272727272727273,0.1738035264483709,0.7090437674999137,0.99880810488677,0.6766596461919402,44.898446432981544,65.90867832606497,65.0638906145371,47.51211159311971
سرود,1401,سیمان شاهرود,0.8826104529535383,1.4594486272574945e-06,0.929874276377881,0.8518518518518519,0.7796610169491517,0.7867145396987795,1.0,0.6011977759967924,50.200093270966605,72.89889216595778,72.58541972541879,52.12303094964812
سشرق,1392,سیمان  شرق,0.8137145073443313,0.0868254272360079,0.9302300178412632,1.0,0.910274454609426,0.9252738376407008,1.0,0.7312300816145677,57.45105188001662,79.96935407857872,79.84149445098703,58.955752777266746
سشرق,1393,سیمان  شرق,0.707548045216801,0.4046052432191417,0.8218780691647659,1.0,0.9522237587545144,0.9252738376407008,0.993103448275862,0.4615002464977094,64.89706943197555,78.32665810961869,77.9340996261149,65.63843828102155
سشرق,1394,سیمان  شرق,0.0,1.6439380567811723e-09,0.9664620492372472,1.0,0.9522237587545144,0.9252738376407008,0.9452332657200812,0.1364198356447772,36.847648387044146,61.57015935801573,61.35327024065283,39.801581636825574
سشرق,1395,سیمان  شرق,0.8745812366634849,0.4064046745807681,1.0,1.0,0.8965188364329985,1.0,0.9356388088376562,1.0,74.0266545819511,88.91429445643634,88.9929241157016,75.12594566247004
سشرق,1396,سیمان  شرق,0.8826104529535382,0.1340920353324397,1.0,1.0,0.8329925017041601,1.0,0.9692028985507246,1.0,63.11045130379741,85.23622360676077,85.23656857131623,64.65524343650112
سشرق,1398,سیمان  شرق,0.6608599217322486,0.0189897794393701,0.9528194034314466,0.7857142857142857,0.4975755699989719,0.9683801565939821,0.9819639278557114,0.811343508964682,47.60931891979746,70.97058192163372,70.4546486553151,49.78376196636533
سشرق,1399,سیمان  شرق,0.9999995384663936,0.1379787850793966,0.9721096199514044,0.75,0.504157218442935,0.8072172225435126,0.977855477855478,0.7827518146525225,55.568438966809374,74.15087096239554,73.63585978069976,57.50535556863793
سشرق,1400,سیمان  شرق,0.9999995232385008,8.322794419858075e-09,0.9064565535529504,0.7272727272727273,0.1738035264483709,0.7090437674999137,0.9785458879618594,0.7452991361428127,44.94388404587196,65.50526413049913,64.72376289097852,47.09119009862458
سشرق,1401,سیمان  شرق,0.8826104529535383,1.4594486272574945e-06,0.9999995597090484,0.8888888888888888,0.794099183929693,0.7867145396987795,0.9808510638297872,0.6465363399842428,51.598592420246604,74.74626860553258,74.56450178482385,53.82312393595027
سشمال,1392,سیمان  شمال,0.651185886718485,0.0868254272360079,0.910834170289002,1.0,0.910274454609426,0.9252738376407008,0.9611542730299668,0.6434254474960883,53.92694339292012,76.11216871274596,76.00708905011467,55.54621279305418
سشمال,1393,سیمان  شمال,0.707548045216801,0.4046052432191417,0.9916181299611504,1.0,0.9522237587545144,0.9252738376407008,0.9832512315270936,0.3377382328085873,64.80841842419318,78.77823098909987,78.32634590112981,66.52916968055212
سشمال,1394,سیمان  شمال,0.0,1.6439380567811723e-09,1.0,0.8181818181818182,0.8782521201667389,0.9252738376407008,0.9685598377281948,0.1644427147373745,35.19938695659888,59.433879126234565,59.07085388750386,38.43625899507796
سشمال,1396,سیمان  شمال,0.8826104529535382,0.1340920353324397,1.0,1.0,0.8329925017041601,1.0,0.9556159420289856,1.0,63.05473362155658,85.06638665023904,85.07985587937102,64.6033762748385
سشمال,1399,سیمان  شمال,0.9999994820151544,0.1379787850793966,0.9484546455701732,0.8333333333333334,0.4358600583090337,0.8072172225435126,0.9475524475524476,0.7673669574081418,55.022878744254115,73.47203664763992,72.93152309754562,56.871872548150115
سشمال,1400,سیمان  شمال,0.9999995232390364,8.322794419858075e-09,0.98664554346917,0.7272727272727273,0.1738035264483709,0.7090437674999137,0.9547079856972588,0.6935864898918193,44.89587120600232,65.56324464801364,64.77980437410204,47.50574253904336
سشمال,1401,سیمان  شمال,0.8826104529535383,1.4594486272574945e-06,0.9999983222024896,0.925925925925926,0.7657384987893442,0.7867145396987795,0.9148936170212766,0.6465355398909294,51.31565478650896,74.03022944913639,73.90184313604024,53.563045999273584
سصفها,1392,سیمان اصفهان,0.651185886718485,0.0868254272360079,0.9718781780957472,1.0,0.910274454609426,0.9252738376407008,0.9311875693673696,0.7082214127070847,54.960380499962255,77.31058457968527,77.33198532640502,56.84949869003343
سصفها,1393,سیمان اصفهان,0.707548045216801,0.4046052432191417,0.2930022298675738,1.0,0.9522237587545144,0.9252738376407008,0.9586206896551724,0.8124568412490207,64.53381851747181,75.67163307003656,75.48810560867429,62.27059503869462
سصفها,1394,سیمان اصفهان,0.0,1.6439380567811723e-09,1.0,0.8181818181818182,0.8782521201667389,0.9252738376407008,0.9137931034482758,0.1644427147373745,34.9747983599478,58.74929494773558,58.43917140995109,38.22719119861555
سصفها,1395,سیمان اصفهان,0.8745812366634849,0.4064046745807681,1.0,1.0,0.8965188364329985,1.0,0.914505283381364,1.0,73.93998976822934,88.6501253882327,88.74916888919086,75.04527005424322
سصفها,1396,سیمان اصفهان,0.8826104529535382,0.1340920353324397,1.0,1.0,0.8329925017041601,1.0,0.9284420289855072,1.0,62.94329825707492,84.72671273719557,84.7664304954806,64.49964195151325
سصفها,1398,سیمان اصفهان,0.9999992126891484,0.0189897794393701,0.9894905488919444,0.7857142857142857,0.4975755699989719,0.9683801565939821,0.9158316633266532,0.831976298847448,52.58482796896392,75.09946894377255,74.49471734479005,54.67598671950758
سصفها,1399,سیمان اصفهان,0.9999998919243224,0.1379787850793966,0.6467152039457962,0.75,0.504157218442935,0.8072172225435126,0.9184149184149184,0.5711199372433889,50.59720342633496,66.69503971992837,65.86719580251645,51.047845174738924
سصفها,1400,سیمان اصفهان,0.9999997426954674,8.322794419858075e-09,0.9920064431422284,0.7272727272727273,0.1738035264483709,0.7090437674999137,0.9070321811680572,0.6901293281459289,44.703689745528216,64.99109655869361,64.25203940440714,47.357544529843906
سصفها,1401,سیمان اصفهان,0.8826104529535383,1.4594486272574945e-06,0.9741012082166168,0.8518518518518519,0.7796610169491517,0.7867145396987795,0.8404255319148937,0.6632813364241509,50.54602473337376,72.23309246822012,72.16136177542447,52.69109564080494
سصوفی,1392,سیمان  صوفیان,0.651185886718485,0.0868254272360079,0.8147020059641485,1.0,0.910274454609426,0.9252738376407008,0.9844617092119868,0.7950539278199744,54.925353624445265,77.09721561500913,77.09983571753773,55.91789753075981
سصوفی,1393,سیمان  صوفیان,0.707548045216801,0.4046052432191417,0.4741692460306865,1.0,0.9522237587545144,0.9252738376407008,0.9793103448275862,0.6922362632805625,64.69465576443893,76.69208423712492,76.4283777328767,63.45814289957972
سصوفی,1394,سیمان  صوفیان,0.0,1.6439380567811723e-09,1.0,1.0,0.6112325467279323,0.9252738376407008,0.9675456389452332,0.1644427147373745,33.72017087545334,58.356184246189734,57.811905250443715,37.07385408311847
سصوفی,1395,سیمان  صوفیان,0.8745812366634849,0.4064046745807681,1.0,1.0,0.8965188364329985,1.0,0.9634966378482228,1.0,74.14089456367525,89.26251731906842,89.31423782337484,75.23229078240539
سصوفی,1396,سیمان  صوفیان,0.8826104529535382,0.1340920353324397,1.0,1.0,0.8329925017041601,1.0,0.9755434782608696,1.0,63.13645288884313,85.31548085313759,85.30970116089065,64.67944811194369
سصوفی,1398,سیمان  صوفیان,0.9999994109090428,0.0189897794393701,0.9718393030787283,0.8571428571428571,0.4448865897333848,0.9683801565939821,1.0,0.822044936151798,52.68838534915224,76.04103791311454,75.31877671636767,54.67942010935519
سصوفی,1399,سیمان  صوفیان,0.9999995764173016,0.1379787850793966,0.965460171798316,0.8333333333333334,0.4358600583090337,0.8072172225435126,0.9953379953379954,0.7784271086122425,55.465904464562875,74.42017814288914,73.85285596564452,57.37991080824125
سصوفی,1400,سیمان  صوفیان,0.999999786967484,8.322794419858075e-09,0.9701463078102438,0.8181818181818182,0.0600035984166947,0.7090437674999137,0.9880810488676997,0.7042265932019278,44.50304948909305,65.62103661585721,64.73966489662575,47.053127867539466
سصوفی,1401,سیمان  صوفیان,0.8826104529535383,1.4594486272574945e-06,0.9054142913919666,0.8888888888888888,0.7507846829880711,0.7867145396987795,0.9851063829787234,0.5853834998650471,49.76651638623892,72.31130247767052,71.97362997533732,51.58516826530261
سغرب,1392,سیمان غرب,0.651185886718485,0.0868254272360079,0.8468251772204598,1.0,0.910274454609426,0.9252738376407008,0.9800221975582686,0.7773073717373377,54.958956410146776,77.22142940900858,77.2216589488136,56.13291185507416
سغرب,1393,سیمان غرب,0.707548045216801,0.4046052432191417,0.3114586098336996,1.0,0.9522237587545144,0.9252738376407008,0.9921182266009853,0.8002093763753079,64.67892768299622,76.1679637205144,75.94594719559376,62.51140448185319
سغرب,1394,سیمان غرب,0.0,1.6439380567811723e-09,1.0,1.0,0.6112325467279323,0.9252738376407008,0.9827586206896552,0.1644427147373745,33.78255659674531,58.54634651799502,57.9873726053195,37.131928471024686
سغرب,1395,سیمان غرب,0.8745812366634849,0.4064046745807681,1.0,1.0,0.8965188364329985,1.0,0.9731027857829012,1.0,74.18028766082149,89.3825941682519,89.425035653607,75.2689615134176
سغرب,1396,سیمان غرب,0.8826104529535382,0.1340920353324397,1.0,1.0,0.8329925017041601,1.0,0.9782608695652174,1.0,63.1475964252913,85.34944824444194,85.3410436992797,64.6898215442762
سغرب,1398,سیمان غرب,0.999999844560491,0.0189897794393701,0.9287300202957158,0.7857142857142857,0.4975755699989719,0.9683801565939821,0.9939879759519038,0.7977897687036808,52.07982905396433,74.88959251573002,74.14617435133619,53.86377934933952
سغرب,1399,سیمان غرب,0.9999998059265812,0.1379787850793966,0.906567669935206,0.75,0.504157218442935,0.8072172225435126,0.9918414918414918,0.7401242671326395,54.67357212751881,72.97358076127203,72.37048301765685,56.30376183516172
سغرب,1400,سیمان غرب,0.9999996015957412,8.322794419858075e-09,0.997640708461768,0.7272727272727273,0.1738035264483709,0.7090437674999137,0.9856972586412396,0.6864958770991207,45.02977420276037,65.99941844177096,65.18262104979262,47.69336179967921
سغرب,1401,سیمان غرب,0.8826104529535383,1.4594486272574945e-06,0.9212729503544642,0.8518518518518519,0.7796610169491517,0.7867145396987795,0.9914893617021276,0.5956367037021114,50.0405839875903,72.61547920825815,72.3004776359238,51.92617357082666
سفار,1392,سیمان فارس,0.651185886718485,0.0868254272360079,0.8833054476114712,1.0,0.910274454609426,0.9252738376407008,0.97669256381798,0.6282171102811202,53.61966091430623,75.77218409893989,75.62378811329566,55.105144919715755
سفار,1393,سیمان فارس,0.707548045216801,0.0,0.6287340671548107,1.0,0.9522237587545144,0.9252738376407008,0.9822660098522168,0.5896686297086574,49.2250084606975,72.32142935409627,72.03922446551965,49.48338299942493
سفار,1394,سیمان فارس,0.0,1.6439380567811723e-09,1.0,1.0,0.6112325467279323,0.9252738376407008,0.9685598377281948,0.1644427147373745,33.72432992353948,58.368861730976754,57.8236030741021,37.07772570897888
سفار,1395,سیمان فارس,0.8745812366634849,0.4064046745807681,1.0,1.0,0.8965188364329985,1.0,0.9769452449567724,1.0,74.19604489968,89.43062490792529,89.46935478569985,75.28362980582246
سفار,1396,سیمان فارس,0.8826104529535382,0.1340920353324397,1.0,1.0,0.8329925017041601,1.0,0.9891304347826086,1.0,63.19217057108397,85.48531780965934,85.46641385283587,64.7313152736063
سفار,1397,سیمان فارس,0.811832188224783,2.685766663480101e-09,1.0,1.0,1.0,0.9999998642769978,0.9945269741985928,1.0,58.91878848244001,85.07948786732675,85.27891515766058,60.59184063234429
سفار,1398,سیمان فارس,0.9999998020980264,1.2086971911865956e-05,0.8683422914147827,0.8571428571428571,0.4448865897333848,0.970292866986726,0.9529058116232464,0.7638129919804152,50.37137643960617,73.21744122439189,72.43196720064687,51.91806629452267
سفار,1399,سیمان فارس,0.9999996571098778,6.241014141029779e-10,0.9999997553029754,0.8333333333333334,0.4358600583090337,0.9635605359802176,0.9755244755244756,0.8008911600601771,51.521204913625084,75.1146122030524,74.39112965951276,53.730804020781065
سفار,1400,سیمان فارس,0.9999994004080048,7.309841718480535e-10,0.7177856300103409,0.7272727272727273,0.1738035264483709,0.2067640743089965,0.9856972586412396,0.5029786393235823,37.93922906749943,53.928765714303076,53.520418418558755,39.56581614287009
سفار,1401,سیمان فارس,0.8826104529535383,0.9481710810964648,0.6246584899059922,0.8518518518518519,0.7796610169491517,0.0102865703462844,0.9765957446808512,0.4038645916218296,77.46438809867672,68.47124749257455,68.87693975919755,76.93584052392646
سفارس,1395,سیمان فارس و خوزستان,0.8745812366634849,0.4064046745807681,1.0,0.6666666666666666,0.849785407725319,1.0,0.909702209414025,1.0,70.69098361040547,83.83925243812828,83.72510418118378,71.98700334471384
سفارس,1396,سیمان فارس و خوزستان,0.8826104529535382,0.1340920353324397,1.0,0.6666666666666666,0.7895705521472393,1.0,0.9356884057971014,1.0,59.78034478527614,80.10785141121232,79.9261464531876,61.52152456513059
سفارس,1397,سیمان فارس و خوزستان,0.9999998826212564,2.685766663480101e-09,1.0,0.8,0.7142418661755675,0.9999990543268971,0.9515246286161064,1.0,56.58795863480584,80.82206793031992,80.56121633404373,58.42843527061435
سفانو,1392,سیمان فارس نو,0.651185886718485,0.0868254272360079,0.8971298769004138,1.0,0.910274454609426,0.9252738376407008,0.9733629300776916,0.6358544636335998,53.792317328677775,75.99883596020408,75.86787157464833,55.343718193871524
سفانو,1393,سیمان فارس نو,0.707548045216801,0.4046052432191417,0.0103831055306888,1.0,0.9522237587545144,0.9252738376407008,0.9832512315270936,1.0,64.51627600802053,74.79106527361175,74.677648141031,60.63526489095767
سفانو,1394,سیمان فارس نو,0.0,1.6439380567811723e-09,0.5216180550717453,1.0,0.9522237587545144,0.9252738376407008,0.9797160243407708,0.5641582339602818,38.22567775882768,61.78737389264939,61.833272225742405,38.525457328377286
سفانو,1395,سیمان فارس نو,0.8745812366634849,0.4064046745807681,1.0,1.0,0.8965188364329985,1.0,0.9731027857829012,1.0,74.18028766082149,89.3825941682519,89.425035653607,75.2689615134176
سفانو,1396,سیمان فارس نو,0.8826104529535382,0.1340920353324397,1.0,1.0,0.8329925017041601,1.0,0.9873188405797102,1.0,63.1847415467852,85.4626728821231,85.44551882724318,64.72439965205128
سفانو,1398,سیمان فارس نو,0.999999972736478,0.0189897794393701,0.9856150336020024,0.8571428571428571,0.4448865897333848,0.9683801565939821,0.995991983967936,0.8297957644883303,52.859118735221955,76.26002672130426,75.55595907195091,54.91591787249702
سفانو,1399,سیمان فارس نو,0.0,0.1379787850793966,0.8577547307732463,0.75,0.504157218442935,0.8072172225435126,1.0,0.8934058667824794,41.983069311388824,61.88142279526963,61.98459039961768,44.04148436938407
سفانو,1400,سیمان فارس نو,0.9999994366575724,8.322794419858075e-09,0.6614981079701451,0.7272727272727273,0.1738035264483709,0.7090437674999137,0.9916567342073898,0.4666796820895433,40.15775134286395,59.12442488085572,57.918056660173264,41.26786175519618
سفانو,1401,سیمان فارس نو,0.8826104529535383,1.4594486272574945e-06,0.6430454376924419,0.8518518518518519,0.7796610169491517,0.7867145396987795,0.997872340425532,0.4157524267812685,46.03603653211471,66.96886907251489,66.33231985302234,46.63369865904044
سقاین,1392,سیمان  قائن,0.651185886718485,0.0868254272360079,0.7133309270490746,1.0,0.910274454609426,0.9252738376407008,1.0,0.534314103703361,51.424508513943444,72.7650579619632,72.41936722375708,52.104526293791864
سقاین,1393,سیمان  قائن,0.707548045216801,0.5196772130108404,0.6837975128646552,1.0,0.9522237587545144,0.9252738376407008,0.9802955665024632,0.5531290906227332,69.20816669009658,79.02431280765884,78.67984759438137,68.99132094475895
سقاین,1394,سیمان  قائن,0.0,1.6439380567811723e-09,0.8895339794505833,1.0,0.9522237587545144,0.9252738376407008,0.986815415821501,0.0721420264933384,35.747564910103065,60.3248627475572,59.964337705497364,38.346064411037226
سقاین,1395,سیمان  قائن,0.8745812366634849,0.4064046745807681,1.0,1.0,0.8965188364329985,1.0,0.9807877041306436,1.0,74.2118021385385,89.47865564759869,89.51367391779272,75.29829809822735
سقاین,1396,سیمان  قائن,0.8826104529535382,0.1340920353324397,1.0,1.0,0.8329925017041601,1.0,0.9891304347826086,1.0,63.19217057108397,85.48531780965934,85.46641385283587,64.7313152736063
سقاین,1397,سیمان  قائن,0.7770221937366754,2.685766663480101e-09,1.0,1.0,1.0,0.9999986590134012,0.9882720875684128,1.0,58.40573685448906,84.56616178755321,84.7912193742857,60.10869328633886
سقاین,1398,سیمان  قائن,0.9999995402598566,1.8356934218248185e-06,0.8374959135823069,0.8571428571428571,0.4448865897333848,0.3837367742065164,0.998997995991984,0.7464574710532746,46.627581040055716,65.85898722079503,65.84772979643184,48.31373329172803
سقاین,1399,سیمان  قائن,0.999999971848212,0.8237143590241539,0.417879470849036,0.75,0.504157218442935,0.4626067063425935,0.9953379953379954,0.4222884471150269,71.87267539486079,67.1998021119994,66.47661207702518,70.37713077717855
سقاین,1400,سیمان  قائن,0.999999523238338,0.3912913905954718,0.5301907554292156,0.7272727272727273,0.1738035264483709,0.2725361524111587,0.9916567342073898,0.3820015900073515,50.6782698463078,55.859404995125296,55.103061433855196,50.807876701212095
سقاین,1401,سیمان  قائن,0.8826104529535383,9.62773350656646e-10,0.9999980601436048,0.8518518518518519,0.7796610169491517,0.0,0.9957446808510638,0.6465353704602627,46.48625694851596,64.45501792715308,65.36628541123386,49.13320422940216
سمازن,1392,سیمان مازندران,0.651185886718485,0.0868254272360079,0.962984601176752,1.0,0.910274454609426,0.9252738376407008,0.9633740288568258,0.6722361318179639,54.63887309892026,77.15192960070202,77.09833090588019,56.502614524844844
سمازن,1393,سیمان مازندران,0.707548045216801,0.4046052432191417,0.5397704851232238,1.0,0.9522237587545144,0.9252738376407008,0.8788177339901477,0.6487039523435034,64.31007073634851,75.7117882036004,75.52335567048995,63.475936139511624
سمازن,1394,سیمان مازندران,0.0,1.6439380567811723e-09,1.0,0.8181818181818182,0.8782521201667389,0.9252738376407008,0.9705882352941176,0.1644427147373745,35.20770505277114,59.4592340958086,59.094249534820634,38.44400224679878
سمازن,1396,سیمان مازندران,0.8826104529535382,0.1340920353324397,1.0,1.0,0.8329925017041601,1.0,0.9710144927536232,1.0,63.117880328096184,85.25886853429701,85.25746359690892,64.66215905805613
سمازن,1399,سیمان مازندران,0.9999995299465518,0.1379787850793966,0.9262666051295878,0.75,0.504157218442935,0.8072172225435126,0.9522144522144522,0.7529361730323276,54.79726038257168,72.88462482985955,72.34221918152942,56.52967738433804
سمازن,1400,سیمان مازندران,0.9999995951191122,8.322794419858075e-09,0.9753148665873432,0.7272727272727273,0.1738035264483709,0.7090437674999137,0.9475566150178784,0.7008934691415442,44.859517171008314,65.42355719262105,64.65055228351197,47.40700938325543
سمازن,1401,سیمان مازندران,0.8826104529535383,1.4594486272574945e-06,0.8104901078671106,0.8888888888888888,0.794099183929693,0.7867145396987795,0.9361702127659576,0.524011538651375,48.66991291826401,70.28732980254962,69.93390570751588,50.03109139684291
سنیر,1392,سیمان  سفید نی ریز,0.651185886718485,0.0868254272360079,0.898003336900772,1.0,0.910274454609426,0.9252738376407008,0.9855715871254164,0.6363370096051234,53.85415439642431,76.16839424794915,76.0265351200571,55.40620051156383
سنیر,1393,سیمان  سفید نی ریز,0.707548045216801,0.4046052432191417,0.4877797388623144,1.0,0.9522237587545144,0.9252738376407008,1.0,0.6832044795193251,64.78520942896922,77.00793879015997,76.7197250213847,63.620407102601504
سنیر,1394,سیمان  سفید نی ریز,0.0,1.6439380567811723e-09,0.6906359491861733,1.0,0.9522237587545144,0.9252738376407008,0.9918864097363084,0.4229341011932245,38.03438665274822,62.28692572693575,62.232391610921,39.31794061732483
سنیر,1395,سیمان  سفید نی ریز,0.8745812366634849,0.4064046745807681,1.0,1.0,0.8965188364329985,1.0,0.9827089337175792,1.0,74.21968075796775,89.50267101743538,89.53583348383914,75.30563224442977
سنیر,1396,سیمان  سفید نی ریز,0.8826104529535382,0.1340920353324397,1.0,1.0,0.8329925017041601,1.0,0.9909420289855072,1.0,63.19959959538275,85.50796273719557,85.48730887842856,64.73823089516131
سنیر,1398,سیمان  سفید نی ریز,0.9999997043762056,0.0189897794393701,0.88959119305325,0.8571428571428571,0.4448865897333848,0.9683801565939821,1.0,0.7757685531509363,51.570939154961756,74.43448541862483,73.62671242850676,53.176105915360964
سنیر,1399,سیمان  سفید نی ریز,0.9999999563033242,0.1379787850793966,0.8674048040101316,0.8333333333333334,0.4358600583090337,0.8072172225435126,0.9918414918414918,0.7146532988776008,54.02697606691802,72.3536118787228,71.67809496304062,55.48901816324052
سنیر,1400,سیمان  سفید نی ریز,1.0,8.322794419858075e-09,0.9233929451301492,0.8181818181818182,0.0600035984166947,0.7090437674999137,0.9856972586412396,0.7343771177046826,44.464275332600586,65.38370642371616,64.51919287439863,46.74927398525127
سهرمز,1392,سیمان هرمزگان,0.7413759501747059,0.0868254272360079,0.849596174492377,1.0,0.910274454609426,0.9252738376407008,0.9655937846836848,0.6095943067870412,54.382651429727915,76.10667419529929,75.88358896034364,55.6399656409346
سهرمز,1393,سیمان هرمزگان,0.707548045216801,0.4046052432191417,0.4826617689445875,1.0,0.9522237587545144,0.9252738376407008,0.9714285714285714,0.0,57.29341473871137,68.04676531505396,67.01966725800264,56.671979126755055
سهرمز,1394,سیمان هرمزگان,0.0,1.6439380567811723e-09,0.8113523124054461,1.0,0.9522237587545144,0.9252738376407008,0.9543610547667344,0.3220686644549518,37.70823166094509,62.065995370828574,61.98437396425045,39.70751734194055
سهرمز,1395,سیمان هرمزگان,0.8745812366634849,0.4064046745807681,1.0,1.0,0.8965188364329985,1.0,0.946205571565802,1.0,74.06998698881199,89.04637899053817,89.11480172895696,75.16628346658345
سهرمز,1396,سیمان هرمزگان,0.8826104529535382,0.1340920353324397,1.0,1.0,0.8329925017041601,1.0,0.960144927536232,1.0,63.073306182303526,85.12299896907962,85.13209344335276,64.62066532872603
سهرمز,1399,سیمان هرمزگان,0.9999999911010627,0.1379787850793966,0.8336573725131253,0.75,0.504157218442935,0.8072172225435126,0.9463869463869464,0.6927044517734622,53.42789814948725,70.90127484800551,70.25912290347746,54.7341691992848
سهرمز,1400,سیمان هرمزگان,0.999999763620448,8.322794419858075e-09,0.6206089339373215,0.7272727272727273,0.1738035264483709,0.7090437674999137,0.9535160905840286,0.4403108826513173,39.409705791786095,57.806946254211525,56.59114570487783,40.34155745429742
سهرمز,1401,سیمان هرمزگان,0.8826104529535383,1.4594486272574945e-06,0.9738238775076176,0.8888888888888888,0.794099183929693,0.7867145396987795,0.9361702127659576,0.6634606408846586,51.39959967854391,74.072115700972,73.94170664767661,53.48796987797447
سهگمت,1392,سیمان هگمتان,0.651185886718485,0.0868254272360079,0.8273539235252447,1.0,0.910274454609426,0.9252738376407008,0.9700332963374028,0.7880643325910546,54.88659036333482,76.98763948322902,77.0015661275826,55.95417782803889
سهگمت,1393,سیمان هگمتان,0.707548045216801,0.4046052432191417,0.519058899404811,1.0,0.9522237587545144,0.9252738376407008,0.9113300492610836,0.6624479486759762,64.4347102133042,76.03109727716286,75.81814117052824,63.47331455570537
سهگمت,1394,سیمان هگمتان,0.0,1.6439380567811723e-09,0.5455763571414599,1.0,0.9522237587545144,0.9252738376407008,0.9482758620689656,0.5441397001234092,38.062557190844096,61.44361896716235,61.507316890988164,38.511185866087885
سهگمت,1395,سیمان هگمتان,0.8745812366634849,0.4064046745807681,1.0,1.0,0.8965188364329985,1.0,0.9375600384245918,1.0,74.03453320138036,88.93830982627304,89.01508368174802,75.13327980867248
سهگمت,1396,سیمان هگمتان,0.8826104529535382,0.1340920353324397,1.0,1.0,0.8329925017041601,1.0,0.9501811594202898,1.0,63.032446548660246,84.99845186763035,85.01717080259293,64.58262941017344
سهگمت,1399,سیمان هگمتان,0.9999995341480352,0.1379787850793966,0.9415323682385722,0.75,0.504157218442935,0.8072172225435126,0.9009324009324008,0.8389180887826776,55.62538409931748,73.50919522709412,73.11878535786649,57.38033089461818
سهگمت,1400,سیمان هگمتان,0.9999995894362234,8.322794419858075e-09,0.9999998936313144,0.7272727272727273,0.1738035264483709,0.7090437674999137,0.9070321811680572,0.6849744748687048,44.70864602768173,65.02657710810132,64.28503144713653,47.407937247558976
سهگمت,1401,سیمان هگمتان,0.8826104529535383,1.4594486272574945e-06,0.6487682953482674,0.8888888888888888,0.794099183929693,0.7867145396987795,0.8574468085106383,0.4194524638534095,46.00419460444759,65.97477615789802,65.51407645502107,46.64011719473629
سپ,1396,پرداخت الکترونیک سامان کیش,0.8826104529535382,0.1340920353324397,1.0,1.0,0.8329925017041601,1.0,0.9610507246376812,1.0,63.07702069445291,85.13432143284774,85.1425409561491,64.62412313950354
سپ,1398,پرداخت الکترونیک سامان کیش,1.0,0.2625090226754505,0.9152528514196822,0.7142857142857143,1.0,0.9683801565939821,0.938877755511022,0.80950949167398,66.21291784479845,82.61018740199788,82.38681441577864,67.21886212747555
سپ,1399,پرداخت الکترونیک سامان کیش,0.9999998821463912,0.7142833183996974,0.8452577627080445,0.75,0.504157218442935,0.8763847621150892,0.9195804195804196,0.9015337161968192,78.20612086293617,81.38996349486744,80.86091093170886,78.49739628552726
سپ,1400,پرداخت الکترونیک سامان کیش,0.9999998673656952,1.0,0.9154915672683416,0.7272727272727273,0.1738035264483709,0.8833418781454537,0.9475566150178784,0.7394725947606973,84.29053767988172,79.83673470348955,78.74126895947937,84.89022384767388
سپ,1401,پرداخت الکترونیک سامان کیش,0.8826104529535383,0.9303760410614528,0.6730849127177658,0.8888888888888888,0.794099183929693,0.9247870639457572,0.925531914893617,0.857899396080164,87.7506050032747,85.96597318088597,85.65763048495494,86.64851276593303
سپاها,1392,سیمان سپاهان,0.8095173013734753,0.0868254272360079,0.906843313728811,1.0,0.910274454609426,0.9252738376407008,0.9944506104328524,0.7441501464739215,57.331809184987925,79.71668864368995,79.60141353089864,58.71031718972696
سپاها,1393,سیمان سپاهان,0.707548045216801,0.4046052432191417,0.8688248408603426,1.0,0.9522237587545144,0.9252738376407008,0.9783251231527094,0.4303468492263541,64.85615854326333,78.33934622588205,77.94546442486005,65.86929193997115
سپاها,1394,سیمان سپاهان,0.0,1.6439380567811723e-09,0.8629926918191573,1.0,0.9522237587545144,0.9252738376407008,0.960446247464503,0.2789201692220993,37.659491721902796,62.24820883181141,62.133615943110286,39.9586812527235
سپاها,1395,سیمان سپاهان,0.8745812366634849,0.4064046745807681,1.0,1.0,0.8965188364329985,1.0,0.951969260326609,1.0,74.09362284709974,89.11842510004824,89.18128042709625,75.18828590519077
سپاها,1396,سیمان سپاهان,0.8826104529535382,0.1340920353324397,1.0,1.0,0.8329925017041601,1.0,0.9628623188405796,1.0,63.08444971875169,85.15696636038396,85.1634359817418,64.63103876105856
سپاها,1399,سیمان سپاهان,0.9999985679934872,0.1379787850793966,0.9197532361825176,0.75,0.504157218442935,0.8072172225435126,0.9766899766899768,0.7486999709627045,54.80298733601586,73.05618722368162,72.48272887065423,56.49838107724992
سپاها,1400,سیمان سپاهان,0.9999997604931684,8.322794419858075e-09,0.6665706019887743,0.7272727272727273,0.1738035264483709,0.7090437674999137,0.9702026221692492,0.4699508554647126,40.143172382932654,58.96054837074639,57.780643978592494,41.282817301309024
سپاها,1401,سیمان سپاهان,0.8826104529535383,1.4594486272574945e-06,0.8057004370250032,0.8888888888888888,0.794099183929693,0.7867145396987795,0.9744680851063828,0.5209148410319415,48.757576987037446,70.6674736010357,70.27162655043713,50.085761455616975
سپید,1398,سپید ماکیان,0.999999828750187,0.0189897794393701,0.9257989547839884,0.7857142857142857,0.4975755699989719,0.9683801565939821,0.8136272545090181,0.7961406230858752,51.30037928869454,72.57783066094599,72.00558383284866,53.12169240058071
سپید,1399,سپید ماکیان,0.9999995341482514,0.1379787850793966,0.7181041748679429,0.75,0.504157218442935,0.8072172225435126,0.9055944055944056,0.6175503035908542,51.58179682341576,68.00752055334122,67.27329044994526,52.365844839740916
سپید,1400,سپید ماکیان,0.9999999454696598,8.322794419858075e-09,0.9999992879467884,0.7272727272727273,0.1738035264483709,0.7090437674999137,0.9630512514898688,0.684973886742387,44.938364330910794,65.72680501490638,64.93114685738513,47.621776914713934
سپید,1401,سپید ماکیان,0.8826104529535383,1.4594486272574945e-06,0.7684988700012129,0.8518518518518519,0.7796610169491517,0.7867145396987795,0.9212765957446808,0.4968626654567464,47.53939339389831,68.59346815130736,68.17311276816909,48.738676461440136
سکرد,1392,سیمان کردستان,0.8517282527715698,0.0868254272360079,0.8540088699313026,1.0,0.910274454609426,0.9252738376407008,0.9889012208657048,0.6120321155095253,56.082804996361226,77.86305223205296,77.55989842068183,57.26507393450018
سکرد,1393,سیمان کردستان,0.707548045216801,0.8001919701812739,0.9972160890670132,1.0,0.9522237587545144,0.9252738376407008,0.9576354679802956,0.3451477307974198,80.02524263253736,83.56546124547523,83.1139898568185,81.17494529917964
سکرد,1394,سیمان کردستان,0.0,0.5021897918082225,0.8669212183789254,1.0,0.9522237587545144,0.9252738376407008,0.9381338742393508,0.2756376602347374,56.85858914101449,68.25475176320563,68.11532531995019,58.42400263484983
سکرد,1395,سیمان کردستان,0.8745812366634849,0.4064046745807681,1.0,1.0,0.8965188364329985,0.8619981865584799,0.9404418828049952,1.0,73.21975474460145,87.24931021300908,87.52347406819607,74.38761419557802
سکرد,1396,سیمان کردستان,0.8826104529535382,0.1340920353324397,1.0,1.0,0.8329925017041601,0.8243765428981882,0.9492753623188406,1.0,61.97679140396881,82.79183619008958,83.06617454123104,63.61622450713655
سکرد,1399,سیمان کردستان,0.9999996863640292,0.1379787850793966,0.8630422969578103,0.8333333333333334,0.4358600583090337,0.8072172225435126,0.9696969696969696,0.8899669093095735,55.78570411849937,74.21369076992073,73.75391952684198,57.08741599717075
سکرد,1400,سیمان کردستان,0.9999998516859966,9.536823989954114e-10,0.9643893857282408,0.8181818181818182,0.0600035984166947,0.7090437674999137,0.9821215733015496,0.6620096084993989,43.981864779452664,64.94687005334119,64.02166020235214,46.5386662627935
سکرد,1401,سیمان کردستان,0.8826104529535383,0.8934586372800682,0.837273487256817,0.925925925925926,0.7657384987893442,0.7867145396987795,0.946808510638298,0.7517454692918424,85.67881325229746,84.87844402293267,84.69133446790651,85.63442594899232
سکرما,1392,سیمان  کرمان,0.651185886718485,0.0868254272360079,0.7869648450807131,1.0,0.910274454609426,0.9252738376407008,0.978912319644839,0.5749934141458509,52.33038970002003,73.9303773134503,73.68077225833262,53.362454742828156
سکرما,1393,سیمان  کرمان,0.707548045216801,0.4046052432191417,0.5621537057777601,1.0,0.9522237587545144,0.9252738376407008,0.9832512315270936,0.6338506761739543,64.74772276818014,77.11133122887458,76.81458461468875,64.01156661932161
سکرما,1394,سیمان  کرمان,0.0,1.6439380567811723e-09,0.7615540794149365,1.0,0.9522237587545144,0.9252738376407008,0.9827586206896552,0.3636779408233777,37.89575037046422,62.31860298708904,62.23567808821673,39.59611971359698
سکرما,1396,سیمان  کرمان,0.8826104529535382,0.1340920353324397,1.0,1.0,0.8329925017041601,1.0,0.9737318840579712,1.0,63.12902386454435,85.29283592560137,85.28880613529796,64.67253249038866
سکرما,1399,سیمان  کرمان,0.2251759773102002,0.1379787850793966,0.6537798824652847,0.8333333333333334,0.4358600583090337,0.8072172225435126,0.9533799533799534,0.5757147031792172,39.916862715901715,57.780498944999145,57.33503444938924,41.02914993540279
سکرما,1400,سیمان  کرمان,0.999999609042733,8.322794419858075e-09,0.0,0.8181818181818182,0.0600035984166947,0.7090437674999137,0.9547079856972588,0.0,29.48482984243817,44.27420983951516,42.23923540618127,27.623116648120227
سکرما,1401,سیمان  کرمان,0.8826104529535383,1.4594486272574945e-06,0.1435618415256854,0.925925925925926,0.7657384987893442,0.7867145396987795,0.9276595744680852,0.092817988448335,38.96068439585593,56.56287851572901,55.45135590731199,37.24554363820674
سیتا,1396,سرمایه گذاری سیمان تامین,0.8826104529535382,0.1340920353324397,1.0,0.6666666666666666,0.7895705521472393,1.0,0.0,1.0,55.943253734957565,68.41174633874854,69.1338657345611,57.949606031964585
سیتا,1397,سرمایه گذاری سیمان تامین,0.9999998826212564,2.685766663480101e-09,1.0,0.8,0.7142418661755675,0.9999990543268971,0.4261141516810007,1.0,54.43334410041513,74.2544369686311,74.50110345409354,56.42272117983717
سیتا,1399,سرمایه گذاری سیمان تامین,0.9999996183091232,0.3357462772555727,0.8019277533811288,0.4166666666666667,1.0,0.8072172225435126,0.9568764568764568,0.6964161753518401,63.644465077181444,75.18562712980376,74.84761095170349,64.2623147729385
سیتا,1400,سرمایه گذاری سیمان تامین,0.9999999988737288,8.380000981161431e-10,0.8747548846697097,0.3636363636363636,1.0,0.7090437674999137,0.9845053635280095,0.6423091275654844,49.8059779480025,69.67811883264012,69.42778377683636,51.42026569775807
سیتا,1401,سرمایه گذاری سیمان تامین,0.8826104529535383,0.0116524202179934,0.8047150431164671,0.7407407407407407,1.0,0.9281240518302436,0.9787234042553192,0.5702492361389175,51.66478131885117,73.96019186566527,73.54535666324666,52.77059030153238
سیدکو,1393,سرمایه گذاری توسعه صنایع سیمان,0.8615660221216102,1.0622036355623654e-09,0.7700527086264168,0.0,0.9417852522639072,0.9252738376407008,0.9517241379310344,0.4706753621356393,42.792601826708896,61.5134665222689,60.578992110469656,44.231968950147134
سیدکو,1394,سرمایه گذاری توسعه صنایع سیمان,0.0,0.6221243777176109,1.0,0.2727272727272727,0.9417852522639072,0.9252738376407008,0.9411764705882352,0.1644427147373745,55.256456115413144,60.84412407093877,60.24028125352252,57.76048743598875
سیدکو,1395,سرمایه گذاری توسعه صنایع سیمان,0.8745812366634849,0.1669254491983358,1.0,0.6666666666666666,0.849785407725319,0.6883736034651086,0.9538904899135446,1.0,59.80384815528701,77.50278567040574,77.81910994593437,61.60912874393251
سیدکو,1396,سرمایه گذاری توسعه صنایع سیمان,0.8826104529535382,0.1340920353324397,1.0,0.6666666666666666,0.7895705521472393,0.6731564607651184,0.9538043478260868,1.0,57.89692388261833,76.24875644613861,76.52364393677048,59.798590812040985
سیدکو,1397,سرمایه گذاری توسعه صنایع سیمان,0.9999998826212564,2.685766663480101e-09,1.0,0.8,0.7142418661755675,0.4629904379987748,0.964034401876466,1.0,53.42271152835898,74.26583239197288,74.77183610431153,55.531760881515204
سیستم,1394,همکاران سیستم,0.0,1.6439380567811723e-09,1.0,0.8181818181818182,0.8782521201667389,0.9252738376407008,0.9675456389452332,0.1644427147373745,35.19522790851274,59.42120164144754,59.059156063845464,38.432387369217544
سیستم,1395,همکاران سیستم,0.8745812366634849,0.4064046745807681,1.0,1.0,0.8965188364329985,1.0,0.9654178674351584,1.0,74.1487731831045,89.28653268890511,89.33639738942128,75.23962492860782
سیستم,1396,همکاران سیستم,0.8826104529535382,0.1340920353324397,1.0,1.0,0.8329925017041601,1.0,0.9755434782608696,1.0,63.13645288884313,85.31548085313759,85.30970116089065,64.67944811194369
سیستم,1398,همکاران سیستم,0.9999998025525064,0.0189897794393701,0.947597776100919,0.7857142857142857,0.4975755699989719,0.9683801565939821,0.9509018036072144,0.867373406367642,52.7926594370778,75.45665725468615,74.84044885420322,54.62886237904724
سیستم,1399,همکاران سیستم,0.9999997780652724,0.1379787850793966,0.9998730904056404,0.75,0.504157218442935,0.8072172225435126,0.951048951048951,0.8009741169309649,55.863649832764494,74.39061453145841,73.93327242028849,57.9362772191789
سیستم,1400,همکاران سیستم,0.9999996890609628,8.322794419858075e-09,0.9394443764439926,0.7272727272727273,0.1738035264483709,0.7090437674999137,0.9499404052443384,0.7240257965292677,44.84704311236787,65.2941287102796,64.52998865965407,47.1899649137764
سیستم,1401,همکاران سیستم,0.8826104529535383,1.4594486272574945e-06,0.9165419749202964,0.8888888888888888,0.794099183929693,0.7867145396987795,0.9212765957446808,0.7004954888369075,51.304007105189,73.63285730526765,73.5347740710904,53.07091897341372
سیسکو,1399,فولاد سیرجان ایرانیان,0.9999992203269178,0.1379787850793966,0.9474739701417284,0.75,0.504157218442935,0.8072172225435126,0.0,0.7667291401259694,51.20050535220495,61.41944445825575,61.82095733052719,53.30074341794258
سیسکو,1400,فولاد سیرجان ایرانیان,0.9999999923945484,8.322794419858075e-09,0.7826308005373267,0.7272727272727273,0.1738035264483709,0.7090437674999137,0.0,0.5447962924459234,37.84387036170736,49.21933893652006,49.10794200477482,39.79511971183939
سیسکو,1401,فولاد سیرجان ایرانیان,0.8826104529535383,1.4594486272574945e-06,0.7367625056321447,0.8888888888888888,0.794099183929693,0.7867145396987795,0.0,0.8167295000915622,47.41768611688486,61.32258163304043,62.17070457189787,48.42354094526248
سیلام,1392,سیمان  ایلام,0.651185886718485,0.0868254272360079,0.9207602041211032,1.0,0.910274454609426,0.9252738376407008,0.957824639289678,0.7364617126679285,54.987171012528016,77.35757702854163,77.36387600350102,56.58206013101569
سیلام,1393,سیمان  ایلام,0.707548045216801,0.5189336065132277,0.4892673274178423,1.0,0.9522237587545144,0.9252738376407008,0.9270935960591132,0.6822173309769889,68.87982447548778,77.53196878223984,77.3035933844191,67.57044760050414
سیلام,1394,سیمان  ایلام,0.0,1.6439380567811723e-09,1.0,1.0,0.6112325467279323,0.9252738376407008,0.9168356997971604,0.1644427147373745,33.512218471146795,57.722310006838825,57.22701406752449,36.88027279009773
سیلام,1395,سیمان  ایلام,0.8745812366634849,0.4064046745807681,1.0,1.0,0.8965188364329985,1.0,0.915465898174832,1.0,73.94392907794398,88.66213307315104,88.76024867221408,75.04893712734444
سیلام,1396,سیمان  ایلام,0.8826104529535382,0.1340920353324397,1.0,1.0,0.8329925017041601,1.0,0.927536231884058,1.0,62.93958374492553,84.71539027342745,84.75598298268426,64.49618414073575
سیلام,1397,سیمان  ایلام,0.0,2.685766663480101e-09,1.0,1.0,1.0,0.9999999952906424,0.9351055512118844,1.0,47.30819531386081,74.18881936485366,74.90244091383664,49.65415434824533
سیلام,1398,سیمان  ایلام,0.999999740042614,0.0,0.9152528514196822,0.7142857142857143,1.0,0.9128963904582044,0.905811623246493,0.80950949167398,55.65830277876454,78.2219476390836,78.13416486375966,57.10059925679608
سیلام,1399,سیمان  ایلام,0.9999966553492918,6.34739138730724e-10,0.9293306361537816,0.75,0.504157218442935,0.9085860906486122,0.8997668997668997,0.7549289750172234,49.93211807195773,71.83458095016853,71.21146621962365,51.851838328147906
سیلام,1400,سیمان  ایلام,0.9999987640718644,1.3632305646613862e-10,0.9983970093565242,0.7272727272727273,0.1738035264483709,0.9814639290634656,0.899880810488677,0.686008150284371,46.31004208524976,68.33531146402905,67.20602358907423,48.8642063077099
سیلام,1401,سیمان  ایلام,0.8826104529535383,0.8961773119515336,0.9430921402167504,0.8888888888888888,0.794099183929693,0.4619416550762555,0.8340425531914893,0.609743609068238,82.66159437274229,78.88244744095483,79.16997129742116,83.467563605059
سیمرغ,1395,سیمرغ,0.8745812366634849,0.4064046745807681,1.0,1.0,0.8965188364329985,1.0,0.3477425552353506,1.0,71.61579703660028,81.56559128640752,82.21209690549381,72.88169692452394
سیمرغ,1396,سیمرغ,0.8826104529535382,0.1340920353324397,1.0,1.0,0.8329925017041601,1.0,0.7219202898550725,1.0,62.09638948701428,82.14519099806512,82.38439757791348,63.711261094241365
سیمرغ,1399,سیمرغ,0.9999987639873684,0.1379787850793966,0.8654216333359457,0.75,0.504157218442935,0.8072172225435126,0.8648018648018648,0.8884194229363471,55.43449185580609,72.72493638909212,72.39359101530762,56.76670633668138
سیمرغ,1400,سیمرغ,0.5492179001596522,8.322794419858075e-09,0.9283432187539444,0.7272727272727273,0.1738035264483709,0.7090437674999137,0.935637663885578,0.7311847623823322,38.46985556603521,59.431294684066415,58.93806944858528,41.1180205055433
سیمرغ,1401,سیمرغ,0.8826104529535383,1.4594486272574945e-06,0.6368648485731174,0.8148148148148148,0.9199999999999984,0.7867145396987795,0.825531914893617,0.4117564495537214,46.49119005313436,65.97868099920268,65.62717431028034,47.02079851246922
شاملا,1392,معدنی  املاح   ایران,0.651185886718485,0.0868254272360079,0.9671384039210988,1.0,0.910274454609426,0.9252738376407008,0.9778024417314096,0.710839917198384,55.14389543243175,77.8667546131939,77.84411338671443,56.99322141233514
شاملا,1393,معدنی  املاح   ایران,0.707548045216801,0.4046052432191417,0.0,1.0,0.9522237587545144,0.9252738376407008,0.986206896551724,1.0,64.4500575858215,74.69822226728601,74.57769116561374,60.51469382835353
شاملا,1394,معدنی  املاح   ایران,0.0,1.6439380567811723e-09,1.0,1.0,0.6112325467279323,0.9252738376407008,0.9827586206896552,0.1644427147373745,33.78255659674531,58.54634651799502,57.9873726053195,37.131928471024686
شاملا,1395,معدنی  املاح   ایران,0.8745812366634849,0.4064046745807681,1.0,1.0,0.8965188364329985,1.0,0.967339097022094,1.0,74.15665180253374,89.31054805874182,89.35855695546769,75.24695907481028
شاملا,1396,معدنی  املاح   ایران,0.8826104529535382,0.1340920353324397,1.0,1.0,0.8329925017041601,1.0,0.9945652173913044,1.0,63.2144576439803,85.55325259226802,85.52909892961395,64.75206213827136
شاملا,1398,معدنی  املاح   ایران,0.9999999373190056,0.0189897794393701,0.8890806052674485,0.8571428571428571,0.5224830879426994,0.9683801565939821,0.9829659318637276,0.7754812741371815,52.35272238230668,75.1815453713284,74.4695573433528,53.90200736646919
شاملا,1399,معدنی  املاح   ایران,0.999999534148025,0.1379787850793966,0.9160521439647688,0.9166666666666666,0.4693877551020395,0.8072172225435126,0.9883449883449884,0.7462928334828375,55.768428671573474,74.77424911665294,74.23440298644462,57.392421945032346
شاملا,1400,معدنی  املاح   ایران,0.999999987127563,8.322794419858075e-09,0.9999988048332058,0.8181818181818182,0.227599856063335,0.7090437674999137,0.9737783075089392,0.684973575189868,46.31727780814302,67.66970155909297,66.96533894508782,48.915149859976495
شاملا,1401,معدنی  املاح   ایران,0.8826104529535383,1.4594486272574945e-06,0.947765545280908,0.8888888888888888,0.794099183929693,0.7867145396987795,0.9680851063829788,0.6803083070464837,51.51477491850237,74.35591854537373,74.2028423102697,53.44594452374422
شبریز,1392,پالایش نفت تبریز,0.651185886718485,0.0868254272360079,0.8951928593690136,1.0,0.910274454609426,0.9252738376407008,0.8790233074361821,0.6347843516580491,53.379342364942794,74.78200155834831,74.74017234974826,54.948375157837845
شبریز,1393,پالایش نفت تبریز,0.707548045216801,0.4046052432191417,0.5397070910849524,1.0,0.9522237587545144,0.9252738376407008,0.903448275862069,0.6487460199785628,64.41104959848327,76.01940339695928,75.80720015667626,63.56957342885662
شبریز,1394,پالایش نفت تبریز,0.0,1.6439380567811723e-09,1.0,0.8181818181818182,0.8782521201667389,0.9252738376407008,0.9066937119675456,0.1644427147373745,34.945685023344886,58.66055255422644,58.3572866443424,38.20008981759265
شبریز,1395,پالایش نفت تبریز,0.8745812366634849,0.4064046745807681,1.0,1.0,0.8965188364329985,1.0,0.9068203650336216,1.0,73.90847529051234,88.55406390888592,88.66053062500514,75.01593346943348
شبریز,1396,پالایش نفت تبریز,0.8826104529535382,0.1340920353324397,1.0,1.0,0.8329925017041601,1.0,0.9230072463768116,1.0,62.92101118417859,84.65877795458687,84.70374541870252,64.4788950868482
شبریز,1398,پالایش نفت تبریز,0.9999989777265234,0.0189897794393701,0.985406486867912,0.7857142857142857,0.4975755699989719,0.9683801565939821,0.9188376753507014,0.8296784269770201,52.541664366388666,75.05726698335958,74.4453657583803,54.61281099362311
شبریز,1399,پالایش نفت تبریز,0.9999999138104542,0.1379787850793966,0.2484358391211444,0.75,0.504157218442935,0.8072172225435126,0.8974358974358975,0.3120847308441938,44.724779822989305,58.21637009096917,56.95560997558411,43.34156389576441
شبریز,1400,پالایش نفت تبریز,0.999999759677112,8.322794419858075e-09,0.6195786028031838,0.7272727272727273,0.1738035264483709,0.7090437674999137,0.8927294398092968,0.4396464379499099,39.14552225541921,57.02592837229137,55.86767842234479,40.08983660666014
شبریز,1401,پالایش نفت تبریز,0.8826104529535383,1.4594486272574945e-06,0.6153330533892253,0.8518518518518519,0.7796610169491517,0.7867145396987795,0.8382978723404255,0.3978353553729056,44.980176747735854,64.40382002505632,63.889998006275036,45.4949603328617
شبندر,1392,پالایش نفت بندرعباس,0.651185886718485,0.0868254272360079,0.5779413106074442,1.0,0.910274454609426,0.9252738376407008,0.8779134295227525,0.4595176459683225,49.099219044012344,68.61164990378923,68.2446700437704,49.17752013523414
شبندر,1393,پالایش نفت بندرعباس,0.707548045216801,0.4046052432191417,0.548772773010922,1.0,0.9522237587545144,0.9252738376407008,0.8985221674876848,0.642730126225381,64.39465121620454,75.99594939443932,75.78549237460354,63.60624158297122
شبندر,1394,پالایش نفت بندرعباس,0.0,1.6439380567811723e-09,1.0,0.8181818181818182,0.8782521201667389,0.9252738376407008,0.9066937119675456,0.1644427147373745,34.945685023344886,58.66055255422644,58.3572866443424,38.20008981759265
شبندر,1395,پالایش نفت بندرعباس,0.8745812366634849,0.4064046745807681,1.0,1.0,0.8965188364329985,1.0,0.9087415946205571,1.0,73.91635390994159,88.57807927872261,88.68269019105156,75.02326761563592
شبندر,1396,پالایش نفت بندرعباس,0.8826104529535382,0.1340920353324397,1.0,1.0,0.8329925017041601,1.0,0.9193840579710144,1.0,62.906153135581036,84.61348809951441,84.66195536751714,64.46506384373816
شبندر,1398,پالایش نفت بندرعباس,0.9999991793419132,0.0189897794393701,0.9385500000406284,0.7857142857142857,0.4975755699989719,0.9683801565939821,0.9118236472945892,0.8724640807933808,52.61879587385445,74.91870874021402,74.34223239774836,54.41525640831413
شبندر,1399,پالایش نفت بندرعباس,0.9999996783826984,0.1379787850793966,0.5199078184539958,0.8333333333333334,0.4358600583090337,0.8072172225435126,0.8986013986013986,0.4886462261379379,48.59600915530683,64.01930651051634,63.038456402979214,48.47925550798073
شبندر,1400,پالایش نفت بندرعباس,0.9999996193535964,8.322794419858075e-09,0.4923532153051676,0.8181818181818182,0.0600035984166947,0.7090437674999137,0.8939213349225268,0.3576007423412695,36.79008422195681,54.13880130429727,52.76458878767279,37.18923331024499
شبندر,1401,پالایش نفت بندرعباس,0.8826104529535383,1.4594486272574945e-06,0.1764941304205904,0.8888888888888888,0.7507846829880711,0.7867145396987795,0.8212765957446808,0.1141099193523951,38.53470606930316,55.26100836869464,54.25532636020971,37.030322534903135
شبهرن,1392,نفت  بهران,0.651185886718485,0.0868254272360079,0.7457253247772863,1.0,0.910274454609426,0.9252738376407008,0.90677025527192,0.552210499780196,51.4787664999343,72.22832107542527,72.00599566529151,52.33745542160373
شبهرن,1393,نفت  بهران,0.707548045216801,0.4046052432191417,0.7379914693557652,1.0,0.9522237587545144,0.9252738376407008,0.9201970443349754,0.5171665356845165,64.56290605461047,77.06257417758019,76.76831121932014,64.8468189371469
شبهرن,1394,نفت  بهران,0.0,1.6439380567811723e-09,1.0,0.8181818181818182,0.8782521201667389,0.9252738376407008,0.9259634888438134,0.1644427147373745,35.024706936981374,58.90142476517979,58.57954529385171,38.273650708940536
شبهرن,1395,نفت  بهران,0.8745812366634849,0.4064046745807681,1.0,1.0,0.8965188364329985,1.0,0.9135446685878964,1.0,73.93605045851473,88.63811770331435,88.73808910616764,75.04160298114199
شبهرن,1396,نفت  بهران,0.8826104529535382,0.1340920353324397,1.0,1.0,0.8329925017041601,1.0,0.9311594202898552,1.0,62.95444179352309,84.76068012849991,84.79777303386965,64.51001538384577
شبهرن,1398,نفت  بهران,0.9999998204376074,0.0189897794393701,0.9069326786736476,0.7857142857142857,0.4975755699989719,0.9683801565939821,0.905811623246493,0.7855256312178348,51.42208727480748,73.36161931652741,72.68071251254658,53.1287641912513
شبهرن,1399,نفت  بهران,0.9999997671596668,0.1379787850793966,0.4752288400790611,0.75,0.504157218442935,0.8072172225435126,0.93006993006993,0.4595876571855851,48.153561064531296,63.302992757001086,62.2687656391262,47.80873950567251
شبهرن,1400,نفت  بهران,0.9999996603854964,8.322794419858075e-09,0.851831140972954,0.7272727272727273,0.1738035264483709,0.7090437674999137,0.9249106078665076,0.7805262245500276,44.69005249790581,64.59234579148489,63.879659727082164,46.54205722465199
شبهرن,1401,نفت  بهران,0.8826104529535383,1.4594486272574945e-06,0.8409571733128764,0.8518518518518519,0.7796610169491517,0.7867145396987795,0.8361702127659575,0.749363831342893,50.44834547108472,71.59163172904594,71.56570913273075,51.83762517767113
شتران,1392,پالایش نفت تهران,0.651185886718485,0.0868254272360079,0.7574433855749366,1.0,0.910274454609426,0.9252738376407008,0.8879023307436182,0.5586841826387772,51.55931581124265,72.2198688145244,72.02781822032004,52.47842542549242
شتران,1393,پالایش نفت تهران,0.707548045216801,0.4046052432191417,0.6646477142733936,1.0,0.9522237587545144,0.9252738376407008,0.9113300492610836,0.5658367010000454,64.49577917838086,76.64331686707101,76.38198790050981,64.36417711172257
شتران,1394,پالایش نفت تهران,0.0,1.6439380567811723e-09,1.0,0.8181818181818182,0.8782521201667389,0.9252738376407008,0.920892494929006,0.1644427147373745,35.003911696550716,58.83803734124471,58.521056175559785,38.25429257963846
شتران,1395,پالایش نفت تهران,0.8745812366634849,0.4064046745807681,1.0,1.0,0.8965188364329985,1.0,0.9135446685878964,1.0,73.93605045851473,88.63811770331435,88.73808910616764,75.04160298114199
شتران,1396,پالایش نفت تهران,0.8826104529535382,0.1340920353324397,1.0,1.0,0.8329925017041601,1.0,0.9248188405797102,1.0,62.92844020847737,84.6814228821231,84.72464044429522,64.4858107084032
شتران,1398,پالایش نفت تهران,0.999999522777239,0.0189897794393701,0.8857520721412148,0.7857142857142857,0.4975755699989719,0.9683801565939821,0.9148296593186372,0.7736084958601739,51.17129766540287,73.06061927304843,72.34898067117794,52.77605011633598
شتران,1399,پالایش نفت تهران,0.99999982398136,0.1379787850793966,0.7097037181745444,0.75,0.504157218442935,0.8072172225435126,0.8997668997668997,0.6120867666225758,51.43585747688344,67.76138043264031,67.02322079105349,52.18275187649305
شتران,1400,پالایش نفت تهران,0.9999995495654456,8.322794419858075e-09,0.6253061150997203,0.7272727272727273,0.1738035264483709,0.7090437674999137,0.9046483909415972,0.4433400225379993,39.277270518474346,57.29267634610712,56.12939523129199,40.24469067686703
شتران,1401,پالایش نفت تهران,0.8826104529535383,1.4594486272574945e-06,0.3911540141003428,0.8518518518518519,0.7796610169491517,0.7867145396987795,0.8106382978723404,0.2528953959941351,41.61903504704276,59.4440878608596,58.70286756916606,41.105380148906725
شدوص,1392,دوده  صنعتی  پارس,0.651185886718485,0.0868254272360079,0.9042360841165052,1.0,0.910274454609426,0.9252738376407008,0.9378468368479468,0.745590519411136,54.878595419387125,77.01541308225259,77.04444514622722,56.386475530719125
شدوص,1393,دوده  صنعتی  پارس,0.707548045216801,0.549160736381391,0.7106204540141723,1.0,0.9522237587545144,0.9252738376407008,0.9753694581280788,0.5353296613662201,70.33209535848238,79.44407439377348,79.09285311707795,70.22472653678966
شدوص,1394,دوده  صنعتی  پارس,0.0,1.6439380567811723e-09,1.0,1.0,0.6112325467279323,0.9252738376407008,0.9746450304259636,0.1644427147373745,33.74928421205626,58.44492663969887,57.893790016052414,37.10095546414138
شدوص,1395,دوده  صنعتی  پارس,0.8745812366634849,0.4064046745807681,1.0,1.0,0.8965188364329985,1.0,0.9731027857829012,1.0,74.18028766082149,89.3825941682519,89.425035653607,75.2689615134176
شدوص,1396,دوده  صنعتی  پارس,0.8826104529535382,0.1340920353324397,1.0,1.0,0.8329925017041601,1.0,0.9846014492753624,1.0,63.17359801033702,85.42870549081876,85.41417628885412,64.71402621971876
شدوص,1397,دوده  صنعتی  پارس,0.9999999473183884,2.685766663480101e-09,1.0,1.0,1.0,0.9999955541393508,0.9937451133698202,1.0,61.55019861328661,87.42175771891658,87.5160694589396,63.07141026533654
شدوص,1398,دوده  صنعتی  پارس,0.6127268133799748,0.3542089655894908,0.886760334131713,0.7857142857142857,0.4975755699989719,0.9207453201643668,0.9849699398797596,0.7741757881423073,58.64538962319521,72.71096271251088,72.19003627708153,60.06275553204923
شدوص,1399,دوده  صنعتی  پارس,0.999999489330965,1.1382797173012748e-06,0.8225254001719875,0.8333333333333334,0.4358600583090337,0.2196840851404038,0.9918414918414918,0.916318519883702,47.03292536910827,65.24454395363293,65.64064989050627,48.605241136610736
شدوص,1400,دوده  صنعتی  پارس,0.99999952323838,6.091910382500981e-10,0.6589830555091731,0.8181818181818182,0.0600035984166947,0.2584205787496403,0.9928486293206198,0.4650577634402023,36.90768064511112,53.168687093321495,52.5411255503596,38.27761777038228
شدوص,1401,دوده  صنعتی  پارس,0.8826104529535383,7.902763366614123e-10,0.8047150431164671,0.037037037037037,0.2923728813559318,0.4196839396148434,0.9893617021276596,0.5702492361389175,34.65985681750132,49.95037866418338,49.1771832791413,36.89543383895401
شراز,1392,پالایش نفت شیراز,0.651185886718485,0.0868254272360079,0.8494221276922237,1.0,0.910274454609426,0.9252738376407008,0.8856825749167592,0.6094981540356432,52.789802606883185,73.97703078561557,73.88170405653376,54.14183093530114
شراز,1393,پالایش نفت شیراز,0.707548045216801,0.4046052432191417,0.4450948824843004,1.0,0.9522237587545144,0.9252738376407008,0.9073891625615764,0.7115297133998968,64.38752425155177,75.67080804096165,75.48623365812713,63.00568236839843
شراز,1394,پالایش نفت شیراز,0.0,1.6439380567811723e-09,1.0,0.8181818181818182,0.8782521201667389,0.9252738376407008,0.9087221095334684,0.1644427147373745,34.95400311951715,58.68590752380049,58.38068229165917,38.20783306931348
شراز,1395,پالایش نفت شیراز,0.8745812366634849,0.4064046745807681,1.0,1.0,0.8965188364329985,1.0,0.9087415946205571,1.0,73.91635390994159,88.57807927872261,88.68269019105156,75.02326761563592
شراز,1396,پالایش نفت شیراز,0.8826104529535382,0.1340920353324397,1.0,1.0,0.8329925017041601,1.0,0.9248188405797102,1.0,62.92844020847737,84.6814228821231,84.72464044429522,64.4858107084032
شراز,1398,پالایش نفت شیراز,0.9999960474063028,0.0189897794393701,0.851502909884023,0.7857142857142857,0.4975755699989719,0.9683801565939821,0.9158316633266532,0.9214405798515324,52.5043228295346,74.492887402689,73.93163212990184,53.81074273115114
شراز,1399,پالایش نفت شیراز,0.999999858828716,0.1379787850793966,0.5812432916334797,0.75,0.504157218442935,0.8072172225435126,0.8974358974358975,0.5285379412450835,49.559964555893586,65.08212769011277,64.20005140327095,49.71411221563131
شراز,1400,پالایش نفت شیراز,0.9999997111353872,8.322794419858075e-09,0.8913101731857309,0.7272727272727273,0.1738035264483709,0.7090437674999137,0.8951132300357568,0.6148819483248493,43.08709215924538,62.64281365281913,61.78977750128738,45.28719078128858
شراز,1401,پالایش نفت شیراز,0.8826104529535383,1.4594486272574945e-06,0.8829837183200001,0.8518518518518519,0.7796610169491517,0.7867145396987795,0.8404255319148937,0.570881312862167,48.86639646173617,69.93912354998761,69.7266390816689,50.61780367336903
شسپا,1392,نفت سپاهان,0.651185886718485,0.0868254272360079,0.4921372076207335,1.0,0.910274454609426,0.9252738376407008,0.9034406215316316,0.4121148751265477,48.04752696366902,67.26565388104416,66.78578567862871,47.71532415506283
شسپا,1393,نفت سپاهان,0.707548045216801,0.4046052432191417,0.4785203334711024,1.0,0.9522237587545144,0.9252738376407008,0.92807881773399,0.689348926181589,64.4863895366462,76.06998702772299,75.85432172765326,63.289194926147374
شسپا,1394,نفت سپاهان,0.0,1.6439380567811723e-09,1.0,0.8181818181818182,0.8782521201667389,0.9252738376407008,0.949290060851927,0.1644427147373745,35.12036504296239,59.193006915281224,58.84859523799455,38.36269810373008
شسپا,1395,نفت سپاهان,0.8745812366634849,0.4064046745807681,1.0,1.0,0.8965188364329985,1.0,0.9231508165225744,1.0,73.97544355566097,88.75819455249781,88.8488869363998,75.07827371215419
شسپا,1396,نفت سپاهان,0.8826104529535382,0.1340920353324397,1.0,1.0,0.8329925017041601,1.0,0.9483695652173914,1.0,63.02501752436147,84.97580694009412,84.99627577700024,64.57571378861843
شسپا,1398,نفت سپاهان,0.9999998399862264,0.0189897794393701,0.8267059947589416,0.7857142857142857,0.4975755699989719,0.9683801565939821,0.9188376753507014,0.7403865909337973,50.385518529255904,71.95737365970345,71.18047438937471,51.71211964518765
شسپا,1399,نفت سپاهان,0.9999995386589478,0.1379787850793966,0.6954441464416035,0.75,0.504157218442935,0.8072172225435126,0.9184149184149184,0.6028125449750829,51.305155812576196,67.70030468195496,66.92790702036312,51.98089526869391
شسپا,1400,نفت سپاهان,0.9999999094705732,8.322794419858075e-09,0.7596157616825461,0.7272727272727273,0.1738035264483709,0.7090437674999137,0.9189511323003576,0.5299542478710557,41.279309683317685,60.233013510854235,59.20791364199539,42.86371064454504
شسپا,1401,نفت سپاهان,0.8826104529535383,1.4594486272574945e-06,0.9499361968990864,0.8518518518518519,0.7796610169491517,0.7867145396987795,0.8659574468085106,0.6141685423745384,49.94104869287913,71.63626883730106,71.47501523866721,51.9947108875422
شسینا,1392,صنایع شیمیایی سینا,0.651185886718485,0.0868254272360079,0.7609473225850871,1.0,0.910274454609426,0.9252738376407008,0.9311875693673696,0.5606199446519516,51.78404310318356,72.82893053511286,72.59867176404265,52.707353859660465
شسینا,1393,صنایع شیمیایی سینا,0.707548045216801,0.4046052432191417,0.5625194779666064,1.0,0.9522237587545144,0.9252738376407008,0.9586206896551724,0.6336079534925348,64.64687074216761,76.80498757431839,76.53191120013712,63.919779591429396
شسینا,1394,صنایع شیمیایی سینا,0.0,1.6439380567811723e-09,1.0,0.8181818181818182,0.8782521201667389,0.9252738376407008,0.9543610547667344,0.1644427147373745,35.14116028339304,59.2563943392163,58.907084356286475,38.38205623303215
شسینا,1395,صنایع شیمیایی سینا,0.8745812366634849,0.4064046745807681,1.0,1.0,0.8965188364329985,1.0,0.9529298751200768,1.0,74.09756215681436,89.1304327849666,89.19236021011947,75.19195297829198
شسینا,1396,صنایع شیمیایی سینا,0.8826104529535382,0.1340920353324397,1.0,1.0,0.8329925017041601,1.0,0.9221014492753624,1.0,62.9172966720292,84.64745549081876,84.69329790590618,64.47543727607069
شسینا,1398,صنایع شیمیایی سینا,0.99999978875733,0.0189897794393701,0.7100299228415032,0.8571428571428571,0.4448865897333848,0.9683801565939821,0.9428857715430862,0.6747395312090829,48.89714567405918,70.21317996575745,69.27389010947363,49.67608509604118
شسینا,1399,صنایع شیمیایی سینا,0.9999995341478408,0.1379787850793966,0.7661638054660805,0.8333333333333334,0.4358600583090337,0.8072172225435126,0.9382284382284384,0.6488076004305702,52.33623505361462,69.59485971922759,68.85593363231048,53.34580086280971
شسینا,1400,صنایع شیمیایی سینا,0.9999997867231796,8.322794419858075e-09,0.9999992648752618,0.8181818181818182,0.0600035984166947,0.7090437674999137,0.9249106078665076,0.6849738718639143,44.262506087783215,64.96390904687605,64.13426133510085,47.0001776480902
شسینا,1401,صنایع شیمیایی سینا,0.8826104529535383,1.4594486272574945e-06,0.921419239693816,0.8888888888888888,0.7507846829880711,0.7867145396987795,0.8808510638297873,0.595731285117798,49.57084998190441,71.33752015774132,71.1186949009383,51.4930311980993
شغدیر,1392,پتروشیمی غدیر,0.651185886718485,0.0868254272360079,0.8271074533547597,1.0,0.910274454609426,0.9252738376407008,0.7746947835738069,0.7882004958816684,54.08514449895632,74.54452923768568,74.74719355710582,55.206708313251575
شغدیر,1393,پتروشیمی غدیر,0.707548045216801,0.4046052432191417,0.6328659713938907,1.0,0.9522237587545144,0.9252738376407008,0.9596059113300492,0.5869267403390976,64.68041863611616,77.11311884867744,76.81571770956452,64.35399301430029
شغدیر,1395,پتروشیمی غدیر,0.8745812366634849,0.4064046745807681,1.0,1.0,0.8965188364329985,1.0,0.7118155619596542,1.0,73.10879541844335,86.11650387046132,86.41133467129242,74.27151762988599
شغدیر,1396,پتروشیمی غدیر,0.8826104529535382,0.1340920353324397,1.0,1.0,0.8329925017041601,1.0,0.9393115942028986,1.0,62.98787240286758,84.86258230241295,84.89180064903678,64.54113568084334
شغدیر,1398,پتروشیمی غدیر,0.9999990374867428,0.0189897794393701,0.932908443126592,0.8571428571428571,0.4448865897333848,0.9683801565939821,0.9639278557114228,0.8001407320899674,52.01152702822854,74.82969314155399,74.1018002984257,53.83014038852261
شغدیر,1399,پتروشیمی غدیر,0.9999997762759888,0.1379787850793966,0.9685036709102848,0.8333333333333334,0.4358600583090337,0.8072172225435126,0.9603729603729604,0.821376339017414,55.80665869200296,74.55802682302406,74.07377974754735,57.71095259338219
شغدیر,1400,پتروشیمی غدیر,0.99999986755006,0.0127771426809238,0.6834398821675358,0.8181818181818182,0.0600035984166947,0.7090437674999137,0.9535160905840286,0.4808295947941967,40.2903363771034,58.97239702343964,57.75574251518094,41.53674793346797
شفا,1392,سرمایه گذاری شفادارو,0.651185886718485,0.0868254272360079,1.0,0.4444444444444444,0.6853741496598611,0.9252738376407008,0.0,0.6926854157910984,44.178304916113284,56.07236451863247,56.47303969484627,46.91514214550187
شفا,1393,سرمایه گذاری شفادارو,0.707548045216801,0.4046052432191417,1.0,0.375,0.8324708926261305,0.9252738376407008,0.0,0.3433003559912075,54.48881086267112,57.35247968367476,57.41852387975233,56.90607003569992
شفا,1394,سرمایه گذاری شفادارو,0.0,1.6439380567811723e-09,1.0,0.5454545454545454,0.8324708926261305,0.9252738376407008,0.3468559837728194,0.1644427147373745,29.924248380696312,47.681224698443856,47.73274109086012,33.497925985841995
شفا,1395,سرمایه گذاری شفادارو,0.8745812366634849,0.4064046745807681,1.0,0.6666666666666666,0.849785407725319,1.0,0.7262247838616716,1.0,69.93857545491198,81.54578461872389,81.60886562374967,71.28659238238099
شفا,1396,سرمایه گذاری شفادارو,0.8826104529535382,0.1340920353324397,1.0,0.6666666666666666,0.7895705521472393,1.0,0.9302536231884058,1.0,59.75805771237981,80.0399166286036,79.86346137640952,61.500777700465534
شفا,1397,سرمایه گذاری شفادارو,0.9999998826212564,2.685766663480101e-09,1.0,0.8,0.7142418661755675,0.9999990543268971,0.9366692728694292,1.0,56.52703947386324,80.63637598348646,80.38987385678324,58.371726092452505
شفا,1398,سرمایه گذاری شفادارو,0.9999998041363292,0.0189897794393701,0.9152528514196822,0.5,0.8801017318638765,0.57545461896819,0.9098196392785572,0.80950949167398,51.313019436298134,70.11409895974981,70.27771979153468,53.08558709581003
شفا,1399,سرمایه گذاری شفادارو,0.9999998743332994,0.8605499059473076,0.8019277533811288,0.4166666666666667,1.0,0.4024957744877392,0.93006993006993,0.6964161753518401,81.27547919739845,76.3515760029739,76.58018693850677,81.30860388821266
شفا,1400,سرمایه گذاری شفادارو,0.9999996798303736,9.733988366364218e-10,0.8747548846697097,0.5454545454545454,0.4287153652393035,0.512668672357837,0.933253873659118,0.6423091275654844,43.577948250240716,61.714451871872136,61.30308659373958,45.65144807431747
شفا,1401,سرمایه گذاری شفادارو,0.8826104529535383,0.9392539795657038,0.8047150431164671,0.7777777777777778,0.8933615819209033,0.8284410218431779,0.9212765957446808,0.5702492361389175,85.59585485507434,82.72107111326457,82.33355241391945,85.42202330756132
شفن,1392,پتروشیمی فناوران,0.651185886718485,0.0868254272360079,0.9802936981049578,1.0,0.910274454609426,0.9252738376407008,0.9167591564927858,0.6817986017536135,54.68098704675044,76.90513828194972,76.91436559129008,56.63928983817447
شفن,1393,پتروشیمی فناوران,0.707548045216801,0.4046052432191417,0.4980235523697291,1.0,0.9522237587545144,0.9252738376407008,0.9379310344827586,0.6764067897050063,64.53497257586871,76.27515326735815,76.0434911839317,63.446145818305574
شفن,1394,پتروشیمی فناوران,0.0,1.6439380567811723e-09,1.0,0.8181818181818182,0.8782521201667389,0.9252738376407008,0.9198782961460448,0.1644427147373745,34.999752648464586,58.825359856457695,58.50935835190141,38.25042095377804
شفن,1395,پتروشیمی فناوران,0.8745812366634849,0.4064046745807681,1.0,1.0,0.8965188364329985,1.0,0.9125840537944284,1.0,73.93211114880009,88.62611001839599,88.72700932314443,75.03793590804078
شفن,1396,پتروشیمی فناوران,0.8826104529535382,0.1340920353324397,1.0,1.0,0.8329925017041601,1.0,0.9248188405797102,1.0,62.92844020847737,84.6814228821231,84.72464044429522,64.4858107084032
شفن,1398,پتروشیمی فناوران,0.9999993176498932,0.0189897794393701,0.9590406253448702,0.7857142857142857,0.4975755699989719,0.9683801565939821,0.9298597194388778,0.8609351590441453,52.723565834240226,75.25618266530496,74.65779045021222,54.630002183904566
شفن,1399,پتروشیمی فناوران,0.9999996580470962,0.1379787850793966,0.1787393097952936,0.75,0.504157218442935,0.8072172225435126,0.9230769230769232,0.2667551043214192,43.817341068128414,57.09905276633221,55.734220999467034,42.10490408515478
شفن,1400,پتروشیمی فناوران,0.9999995344066552,8.322794419858075e-09,0.5115008418617508,0.7272727272727273,0.1738035264483709,0.7090437674999137,0.9034564958283672,1.0,44.39096050646468,62.81346127050724,62.22745347821083,44.31454244392692
شفن,1401,پتروشیمی فناوران,0.8826104529535383,1.4594486272574945e-06,0.4839331058317117,0.8518518518518519,0.7796610169491517,0.7867145396987795,0.8659574468085106,0.312880476800085,43.18999334996311,62.045129379278194,61.3556426024587,43.08953640254906
شلعاب,1392,لعابیران,0.651185886718485,0.0868254272360079,0.7992580638823167,1.0,0.910274454609426,0.9252738376407008,0.9800221975582686,0.5817848450154268,52.50061576644865,74.1828089082579,73.9447726154757,53.59014300357686
شلعاب,1393,لعابیران,0.707548045216801,0.9538169425496128,0.76707760695239,1.0,0.9522237587545144,0.9252738376407008,0.9733990147783252,0.4978652724259328,85.89625677126756,84.71505597897846,84.31126345183444,85.496378340185
شلعاب,1394,لعابیران,0.0,1.6439380567811723e-09,1.0,0.8181818181818182,0.8782521201667389,0.9252738376407008,0.9685598377281948,0.1644427147373745,35.19938695659888,59.433879126234565,59.07085388750386,38.43625899507796
شلعاب,1395,لعابیران,0.8745812366634849,0.4064046745807681,1.0,1.0,0.8965188364329985,1.0,0.9327569644572526,1.0,74.01483665280723,88.8782714016813,88.95968476663195,75.11494444316638
شلعاب,1396,لعابیران,0.8826104529535382,0.1340920353324397,1.0,1.0,0.8329925017041601,1.0,0.960144927536232,1.0,63.073306182303526,85.12299896907962,85.13209344335276,64.62066532872603
شلعاب,1397,لعابیران,0.9999999587710552,2.685766663480101e-09,1.0,1.0,1.0,0.9999999743715112,0.957779515246286,1.0,61.40273675481451,86.97224313843273,87.10128928146983,62.934138747638514
شلعاب,1398,لعابیران,0.9999999160281916,0.0868254272360079,0.99160018598078,0.8571428571428571,0.4448865897333848,0.9993115967882764,0.9789579158316634,0.8426157265628349,55.76387467438462,77.51675269129996,76.79508337856473,57.727064179461294
شلعاب,1399,لعابیران,0.999993300267232,1.338941704904629e-09,0.9485277645462132,0.8333333333333334,0.4358600583090337,0.9956126981881078,0.9417249417249416,0.7674145129450913,50.82668488078661,74.0308326331612,73.2349428184121,52.7918574872639
شلعاب,1400,لعابیران,0.999999650888584,6.946144405648039e-11,0.6255963432060314,0.8181818181818182,0.0600035984166947,0.9637243741247296,0.9856972586412396,0.4435271861799089,40.619863470246976,61.209127871355854,59.527636865707876,41.48005228423145
شلعاب,1401,لعابیران,0.8826104529535383,0.9136086477222884,0.7265272016610923,0.8888888888888888,0.7507846829880711,0.940952931636274,0.9276595744680852,0.4697264446772599,82.96777897367116,81.25948531244373,80.4701644678425,82.50947256081857
شنفت,1392,نفت  پارس,0.651185886718485,0.0868254272360079,0.8134124680354986,1.0,0.910274454609426,0.9252738376407008,0.972253052164262,0.5896044941128489,52.65951357930882,74.36037025646537,74.14439319756757,53.81776667071797
شنفت,1393,نفت  پارس,0.707548045216801,0.4046052432191417,0.5233860097839838,1.0,0.9522237587545144,0.9252738376407008,0.9517241379310344,0.6595765225094763,64.60217421514271,76.55421943819566,76.30080711688629,63.65399360789612
شنفت,1394,نفت  پارس,0.0,1.6439380567811723e-09,1.0,1.0,0.6112325467279323,0.9252738376407008,0.9726166328600404,0.1644427147373745,33.740966115884,58.419571670124824,57.870394368735646,37.09321221242054
شنفت,1395,نفت  پارس,0.8745812366634849,0.4064046745807681,1.0,1.0,0.8965188364329985,1.0,0.9538904899135446,1.0,74.10150146652899,89.14244046988496,89.20343999314268,75.19562005139319
شنفت,1396,نفت  پارس,0.8826104529535382,0.1340920353324397,1.0,1.0,0.8329925017041601,1.0,0.9628623188405796,1.0,63.08444971875169,85.15696636038396,85.1634359817418,64.63103876105856
شنفت,1398,نفت  پارس,0.9999996446725528,0.0189897794393701,0.9554431507484,0.7857142857142857,0.4975755699989719,0.9683801565939821,0.943887775551102,0.8128197439286126,52.237307796231555,74.78512633309097,74.11787544225601,54.16078146205238
شنفت,1399,نفت  پارس,0.999999835265014,0.1379787850793966,0.9986013507183644,0.8333333333333334,0.4358600583090337,0.8072172225435126,0.9557109557109558,0.8018012382469906,55.80443356831542,74.63128474008252,74.14198535199577,57.88126574514312
شنفت,1400,نفت  پارس,0.9999996240507432,8.322794419858075e-09,0.5887567262382822,0.8181818181818182,0.0600035984166947,0.7090437674999137,0.9511323003575686,0.4197698838087765,38.419598017262565,56.8360965859574,55.515720431230385,39.24829387056053
شنفت,1401,نفت  پارس,0.8826104529535383,1.4594486272574945e-06,0.8120604010796542,0.8518518518518519,0.7796610169491517,0.7867145396987795,0.925531914893617,0.5250267907247212,48.18792600768605,69.54323034499927,69.16814329503995,49.587368158260844
شوینده,1396,مدیریت صنعت شوینده ت.ص.بهشهر,0.8826104529535382,0.1340920353324397,1.0,0.6666666666666666,0.7895705521472393,1.0,0.9284420289855072,1.0,59.75062868808103,80.01727170106739,79.84256635081682,61.493862078910524
شوینده,1397,مدیریت صنعت شوینده ت.ص.بهشهر,0.9999998826212564,2.685766663480101e-09,1.0,0.8,0.7142418661755675,0.9999990543268971,0.941360437842064,1.0,56.54627710363458,80.6950155456444,80.4439820074971,58.3896342539773
شپارس,1392,بین  المللی  محصولات   پارس,0.6089173019246736,0.0868254272360079,0.775551038267266,1.0,0.910274454609426,0.9252738376407008,0.9145394006659268,0.568687817443862,51.32075882271295,72.37586597234828,72.20048852652236,52.351582014175854
شپارس,1393,بین  المللی  محصولات   پارس,0.707548045216801,0.4694622182160402,0.6997674681609996,1.0,0.9522237587545144,0.9252738376407008,0.9211822660098522,0.54253159171527,67.04298520576995,77.72486482142722,77.43662587722534,67.01021245052395
شپارس,1394,بین  المللی  محصولات   پارس,0.0,0.9528592360939032,0.6274823459824139,1.0,0.9522237587545144,0.9252738376407008,0.9178498985801216,0.4757025544407107,74.43368183085339,73.14239539365455,73.10840797865268,73.92153185426716
شپارس,1395,بین  المللی  محصولات   پارس,0.8745812366634849,0.4064046745807681,1.0,1.0,0.8965188364329985,0.9537174520306876,0.9298751200768492,1.0,73.7257978239616,88.26371649730986,88.41504709968152,74.85017504434461
شپارس,1396,بین  المللی  محصولات   پارس,0.8826104529535382,0.1340920353324397,1.0,1.0,0.8329925017041601,0.9620426959556988,0.9302536231884058,1.0,62.72337251291127,84.27489136417803,84.36791686076324,64.29843688029386
شپارس,1399,بین  المللی  محصولات   پارس,0.9999999547723168,0.1379787850793966,0.8796236475550429,0.75,0.504157218442935,0.8072172225435126,0.9207459207459208,0.7226002600790906,53.990568355082246,71.52903761522768,70.9639560995664,55.51644167367862
شپارس,1400,بین  المللی  محصولات   پارس,0.9999996304870384,1.1812567666215723e-09,0.7763313838890391,0.8181818181818182,0.0600035984166947,0.7090437674999137,0.9082240762812872,0.540733895537559,40.95773320866092,60.156477143432596,59.08982470508709,42.66591577349445
شپارس,1401,بین  المللی  محصولات   پارس,0.8826104529535383,9.913152594444548e-10,0.6855506106546569,0.925925925925926,0.7657384987893442,0.7867145396987795,0.8638297872340426,0.4432335778383584,46.55074483833961,66.92004242607452,66.48454205522296,47.359061727059
شپاکسا,1392,پاکسان,0.8960369020649119,0.0868254272360079,0.4695466767836226,1.0,0.910274454609426,0.9252738376407008,0.974472807991121,0.3996346589225339,51.46266287619872,70.77580956560405,70.06632756241054,50.80628496223946
شپاکسا,1393,پاکسان,0.707548045216801,0.8500423161589484,0.706660498313533,1.0,0.9522237587545144,0.9252738376407008,0.9832512315270936,0.5379574474452916,81.92386716849678,83.28696418821103,82.90288844168141,81.33452409655692
شپاکسا,1394,پاکسان,0.0,8.586135813357051e-10,0.4599736102099413,1.0,0.9522237587545144,0.9252738376407008,0.9726166328600404,0.6156656989605324,38.284535080858674,61.57191924105428,61.657017426015145,38.22626507303392
شپاکسا,1395,پاکسان,0.8745812366634849,0.4064046745807681,1.0,1.0,0.8965188364329985,0.9170970926673012,0.9740634005763688,1.0,73.68765926700563,88.35831551151152,88.52008100858879,74.81807020990291
شپاکسا,1396,پاکسان,0.8826104529535382,0.1340920353324397,1.0,1.0,0.8329925017041601,0.7455768251600725,0.9682971014492754,1.0,61.58280553615909,82.04461145749357,82.41487601364254,63.25677803130255
شپاکسا,1397,پاکسان,0.9999998946450556,2.685766663480101e-09,1.0,1.0,1.0,0.9999978267183892,0.9913995308835029,1.0,61.54059267307278,87.39246568665892,87.48903986563184,63.062467950230705
شپاکسا,1398,پاکسان,0.9999999371882088,0.5649503499199096,0.9152528514196822,0.7142857142857143,1.0,0.789008764211009,0.9589178356713428,0.80950949167398,76.84175097217505,84.39906180462309,84.38981762894544,77.47336824612147
شپاکسا,1399,پاکسان,0.9999997470736474,2.221073858548106e-09,0.6082036751381033,0.8333333333333334,0.4358600583090337,0.6038393728718028,0.9568764568764568,0.5460725893401368,43.59789370387085,62.302315439544856,61.67282297618327,44.185204450891455
شپاکسا,1400,پاکسان,0.9999986626746864,0.770734578610916,0.814409257961356,0.8181818181818182,0.0600035984166947,0.6779775281400269,0.9606674612634089,0.5652897308704258,71.15246685029099,70.84078295149166,69.74360041184772,71.86651587903376
شپاکسا,1401,پاکسان,0.8826104529535383,3.5174048717942907e-10,0.5927542470176532,0.925925925925926,0.7657384987893442,0.5542168994124275,0.8531914893617021,0.9098361135376792,49.42459776173598,68.55342034187514,68.9494186382494,49.49188207191026
شپدیس,1392,پتروشیمی پردیس,0.651185886718485,0.0868254272360079,0.993223632680677,1.0,0.910274454609426,0.9252738376407008,0.9977802441731408,0.6964290431468592,55.26789123521429,78.26240657756621,78.21504436368897,57.25784689771083
شپدیس,1394,پتروشیمی پردیس,0.0,1.6439380567811723e-09,0.0,1.0,0.9522237587545144,0.9252738376407008,0.9381338742393508,1.0,38.799540157167,60.195393403481305,60.555128697768545,36.06436401834264
شپدیس,1395,پتروشیمی پردیس,0.8745812366634849,0.4064046745807681,1.0,1.0,0.8965188364329985,1.0,0.957732949087416,1.0,74.1172587053875,89.19047120955834,89.24775912523555,75.21028834379808
شپدیس,1396,پتروشیمی پردیس,0.8826104529535382,0.1340920353324397,1.0,1.0,0.8329925017041601,1.0,0.9873188405797102,1.0,63.1847415467852,85.4626728821231,85.44551882724318,64.72439965205128
شپدیس,1399,پتروشیمی پردیس,0.9999994256274471,0.1379787850793966,0.599613249672732,0.5,0.5476190476190427,0.8072172225435126,0.9487179487179488,0.5404854993977317,48.483861508797254,63.520389733222636,62.527110827150665,48.79136624744495
شپدیس,1400,پتروشیمی پردیس,0.999999524753003,8.322794419858075e-09,0.6317587187919105,0.7272727272727273,0.1738035264483709,0.7090437674999137,0.933253873659118,0.4475012074148847,39.48794150562011,57.78291692703404,56.59930683673991,40.47709113709051
شپدیس,1401,پتروشیمی پردیس,0.8826104529535383,1.4594486272574945e-06,0.0,0.8888888888888888,0.794099183929693,0.7867145396987795,0.874468085106383,0.0,36.67519407257045,52.834782625323875,51.62223642925574,34.30733377635718
شپنا,1392,پالایش نفت اصفهان,0.651185886718485,0.0868254272360079,0.399669729382696,1.0,0.910274454609426,0.9252738376407008,0.8901220865704772,0.3610308997843272,46.74673375766762,65.3047790242765,64.74269354807952,45.98371875606687
شپنا,1393,پالایش نفت اصفهان,0.707548045216801,0.4046052432191417,0.9649110787351785,1.0,0.9522237587545144,0.9252738376407008,0.9113300492610836,0.3665850050630261,64.62172822834508,77.90596272363058,77.5448692409333,66.20149812147326
شپنا,1394,پالایش نفت اصفهان,0.0,1.6439380567811723e-09,1.0,0.8181818181818182,0.8782521201667389,0.9252738376407008,0.9066937119675456,0.1644427147373745,34.945685023344886,58.66055255422644,58.3572866443424,38.20008981759265
شپنا,1395,پالایش نفت اصفهان,0.8745812366634849,0.4064046745807681,1.0,1.0,0.8965188364329985,1.0,0.9087415946205571,1.0,73.91635390994159,88.57807927872261,88.68269019105156,75.02326761563592
شپنا,1396,پالایش نفت اصفهان,0.8826104529535382,0.1340920353324397,1.0,1.0,0.8329925017041601,1.0,0.9221014492753624,1.0,62.9172966720292,84.64745549081876,84.69329790590618,64.47543727607069
شپنا,1398,پالایش نفت اصفهان,0.999999154696827,0.0189897794393701,0.8522122904067571,0.7857142857142857,0.4975755699989719,0.9683801565939821,0.9148296593186372,0.9210414513517624,52.501323769489794,74.4842793440074,73.92383462585029,53.81200942158966
شپنا,1399,پالایش نفت اصفهان,0.9999999738380388,0.1379787850793966,0.6110717867883713,0.75,0.504157218442935,0.8072172225435126,0.8986013986013986,0.5479379681644458,49.99810829162436,65.71205441822623,64.86279250467561,50.28971466223534
شپنا,1400,پالایش نفت اصفهان,0.9999993912178762,8.322794419858075e-09,0.8846828328177211,0.7272727272727273,0.1738035264483709,0.7090437674999137,0.901072705601907,0.6106080784532636,43.015632730072184,62.58103797043218,61.71474536149215,45.18339854166989
شپنا,1401,پالایش نفت اصفهان,0.8826104529535383,1.4594486272574945e-06,0.4752288865341456,0.8518518518518519,0.7796610169491517,0.7867145396987795,0.8191489361702128,0.3072528802352365,42.87194070162251,61.28087529801929,60.62673642748039,42.74451358269224
شکربن,1392,کربن  ایران,0.651185886718485,0.0868254272360079,0.9938649755743926,1.0,0.910274454609426,0.9252738376407008,0.9056603773584906,0.6892961005155713,54.818371877973185,77.02976324566345,77.06366641861803,56.84360350709815
شکربن,1393,کربن  ایران,0.707548045216801,0.4046052432191417,0.8154873352144785,1.0,0.9522237587545144,0.9252738376407008,0.9645320197044336,0.4657410721480831,64.77722243630362,77.9426413987269,77.57980473293809,65.49026394677217
شکربن,1394,کربن  ایران,0.0,1.6439380567811723e-09,1.0,0.8181818181818182,0.8782521201667389,0.9252738376407008,0.947261663286004,0.1644427147373745,35.11204694679012,59.16765194570718,58.82519959067778,38.354954852009236
شکربن,1395,کربن  ایران,0.8745812366634849,0.4064046745807681,1.0,1.0,0.8965188364329985,1.0,0.9538904899135446,1.0,74.10150146652899,89.14244046988496,89.20343999314268,75.19562005139319
شکربن,1396,کربن  ایران,0.8826104529535382,0.1340920353324397,1.0,1.0,0.8329925017041601,1.0,0.9619565217391304,1.0,63.0807352066023,85.14564389661585,85.15298846894545,64.62758095028104
شکربن,1398,کربن  ایران,0.9999998125539614,0.0189897794393701,0.8808565103380108,0.8571428571428571,0.4448865897333848,0.9683801565939821,0.9559118236472944,0.7708540387311374,51.27147061421151,73.71276960224998,72.93850207754303,52.848152957977575
شکربن,1399,کربن  ایران,0.9999995651270251,0.1379787850793966,0.8350578171721709,0.8333333333333334,0.4358600583090337,0.8072172225435126,0.9533799533799534,0.9081676149887108,55.703083169959264,73.88742937416421,73.45230417083101,56.85022363507672
شکربن,1400,کربن  ایران,0.9999997639532476,8.322794419858075e-09,0.72461457854333,0.7272727272727273,0.1738035264483709,0.7090437674999137,0.9523241954707986,0.5073825231999308,40.90971820221221,59.930513633888914,58.83356672317292,42.32281941658228
شکربن,1401,کربن  ایران,0.8826104529535383,1.4594486272574945e-06,0.7316983910034369,0.8518518518518519,0.7796610169491517,0.7867145396987795,0.9297872340425531,0.4730698079800775,47.04116004800516,67.94243442410021,67.47214340734817,48.06791943298097
شکلر,1392,نیروکلر,0.651185886718485,0.0868254272360079,0.7694024406499052,1.0,0.910274454609426,0.9252738376407008,0.9844617092119868,0.5652910036120202,52.116459737519605,73.65893449598165,73.38590999983681,53.06441078695301
شکلر,1394,نیروکلر,0.0,1.6439380567811723e-09,0.6401752313064208,1.0,0.9522237587545144,0.9252738376407008,0.988843813387424,0.4650969216372336,38.09392028123091,62.1451695546279,62.120049019010736,39.08359846212661
شکلر,1395,نیروکلر,0.8745812366634849,0.4064046745807681,1.0,1.0,0.8965188364329985,1.0,0.9846301633045148,1.0,74.227559377397,89.52668638727208,89.55799304988558,75.31296639063221
شکلر,1396,نیروکلر,0.8826104529535382,0.1340920353324397,1.0,1.0,0.8329925017041601,1.0,0.9855072463768116,1.0,63.17731252248642,85.44002795458687,85.42462380165048,64.71748403049627
شکلر,1399,نیروکلر,0.9999996385064227,0.1379787850793966,0.9985829704511452,0.75,0.504157218442935,0.8072172225435126,0.9731934731934732,0.7999697034422107,55.933939789469676,74.6387376457387,74.15835226133098,57.994467937000195
شکلر,1401,نیروکلر,0.8826104529535383,1.4594486272574945e-06,0.9990549008292744,0.8888888888888888,0.794099183929693,0.7867145396987795,0.9531914893617022,0.6471478602298476,51.48460441951348,74.39635969175438,74.24160722298218,53.71160307830986
شگل,1392,گلتاش,1.0,0.0868254272360079,0.5034298983708497,1.0,0.910274454609426,0.9252738376407008,0.981132075471698,0.4183535608441491,53.40225819502101,72.8161156771604,72.07654525303681,52.81922451238279
شگل,1393,گلتاش,0.707548045216801,0.2368541541177594,0.6634678545351235,1.0,0.9522237587545144,0.9252738376407008,0.9881773399014778,0.5666196438483662,58.36473264680029,75.50205792518429,75.18169692980645,58.45951466208662
شگل,1394,گلتاش,0.0,9.375420104114364e-10,0.0,1.0,0.9522237587545144,0.9252738376407008,0.9908722109533468,1.0,39.01581063050317,60.8546226035763,61.16341551923694,36.26568853701489
شگل,1395,گلتاش,0.8745812366634849,0.4064046745807681,1.0,1.0,0.8965188364329985,0.5761330003110983,0.9875120076849184,1.0,71.70051987186483,84.26437194591585,84.90772035917288,72.99989597627865
شگل,1396,گلتاش,0.8826104529535382,0.1340920353324397,1.0,1.0,0.8329925017041601,0.0670591147763359,0.9836956521739132,1.0,57.58180066960743,73.75562196175484,75.09521249251321,59.59523400258562
شگل,1399,گلتاش,0.7730641652344108,0.1379787850793966,0.5848163257562788,0.75,0.504157218442935,0.8072172225435126,0.977855477855478,0.5308617915702896,46.76420784783198,63.32438733102877,62.49638637897965,47.09546377264877
شگل,1400,گلتاش,0.9999995232381,1.7300685285627329e-15,0.6509736135679327,0.7272727272727273,0.1738035264483709,0.7090437674999137,0.9690107270560192,0.4598925975214399,39.91260179586337,58.62495603255633,57.42855209727624,40.98046577428351
شگل,1401,گلتاش,0.8826104529535383,7.497671659996277e-10,0.999999869073585,0.8888888888888888,0.794099183929693,0.7867145396987795,0.9148936170212766,0.6465369036507712,51.32806504737539,73.92179319957874,73.80373858868445,53.57129213983862
شیراز,1392,پتروشیمی شیراز,0.651185886718485,0.0868254272360079,1.0,1.0,0.2698803659394836,0.9252738376407008,0.9877913429522752,0.6926854157910984,48.15218245070199,70.17052845347564,69.47231547005154,50.664226880227595
شیراز,1393,پتروشیمی شیراز,0.707548045216801,0.4046052432191417,0.6535681268044592,1.0,0.9522237587545144,0.9252738376407008,0.9733990147783252,0.5731890018624061,64.74566545612356,77.37258785345435,77.05498489304699,64.5333242687534
شیراز,1394,پتروشیمی شیراز,0.0,1.6439380567811723e-09,1.0,0.8181818181818182,0.8782521201667389,0.9252738376407008,0.9563894523326572,0.1644427147373745,35.1494783795653,59.281749308790346,58.930480003603236,38.38979948475298
شیراز,1395,پتروشیمی شیراز,0.8745812366634849,0.4064046745807681,1.0,1.0,0.8965188364329985,1.0,0.9183477425552352,1.0,73.95574700708785,88.69815612790607,88.79348802128372,75.0599383466481
شیراز,1396,پتروشیمی شیراز,0.8826104529535382,0.1340920353324397,1.0,1.0,0.8329925017041601,1.0,0.9501811594202898,1.0,63.032446548660246,84.99845186763035,85.01717080259293,64.58262941017344
شیراز,1397,پتروشیمی شیراز,0.9999999065991876,2.685766663480101e-09,1.0,1.0,1.0,0.9999997329964616,0.944487881157154,1.0,61.34822796086523,86.80609404298212,86.94797956458468,62.88339694486132
شیراز,1398,پتروشیمی شیراز,0.9999997243084916,0.7361837887818734,0.933706091154418,0.7857142857142857,0.4975755699989719,0.6426200038965273,0.905811623246493,0.800589523747601,77.39216803621729,78.77750763560827,78.53365467127192,78.29979400905712
شیراز,1399,پتروشیمی شیراز,0.9999996325748964,0.9096965198217096,0.9412298287630708,0.75,0.504157218442935,0.6608697144953266,0.9428904428904428,0.7626680398188558,83.75241145885298,80.89389246009047,80.52168393940549,84.4581738622781
شیراز,1400,پتروشیمی شیراز,0.0,0.1809759913842215,0.6305200712996717,0.7272727272727273,0.1738035264483709,0.5702961604924369,0.9189511323003576,0.4467024226981456,31.53259251098477,45.60652539869915,45.183284523541765,33.123524982353445
شیراز,1401,پتروشیمی شیراز,0.8826104529535383,0.0,0.5578991021055142,0.8518518518518519,0.7796610169491517,0.4445208553210609,0.8787234042553191,0.3607022023697104,42.26418977398373,59.449611072576836,59.32799370595806,42.675427706642125
شیران,1392,س. صنایع شیمیایی ایران,0.9076189606129436,0.0868254272360079,0.924421755596564,1.0,0.910274454609426,0.9252738376407008,0.9456159822419534,0.6509319555791248,57.63680549743062,79.387029668959,79.16664283642405,59.117106931287765
شیران,1393,س. صنایع شیمیایی ایران,0.707548045216801,0.4046052432191417,0.5291936278819209,1.0,0.9522237587545144,0.9252738376407008,0.9802955665024632,0.0308780654109596,58.012411072409165,69.12522680783127,68.14319724077629,57.60290573806594
شیران,1394,س. صنایع شیمیایی ایران,0.0,1.6439380567811723e-09,0.6356246462625976,1.0,0.9522237587545144,0.9252738376407008,0.977687626774848,0.4688991961228074,38.054664737291986,61.99636333999258,61.98440657562641,39.0209248662223
شیران,1395,س. صنایع شیمیایی ایران,0.8745812366634849,0.4064046745807681,1.0,1.0,0.8965188364329985,1.0,0.9817483189241114,1.0,74.21574144825314,89.49066333251703,89.52475370081594,75.30196517132856
شیران,1396,س. صنایع شیمیایی ایران,0.8826104529535382,0.1340920353324397,1.0,1.0,0.8329925017041601,1.0,0.9873188405797102,1.0,63.1847415467852,85.4626728821231,85.44551882724318,64.72439965205128
شیران,1399,س. صنایع شیمیایی ایران,0.9999995341477064,0.1379787850793966,0.6276977943653597,0.75,0.504157218442935,0.8072172225435126,0.944055944055944,0.5587512858621775,50.42605368144297,66.6232223062129,65.74897185414103,50.78158048534256
شیران,1400,س. صنایع شیمیایی ایران,0.9999998253334276,8.322794419858075e-09,0.999999989919903,0.7272727272727273,0.1738035264483709,0.7090437674999137,0.9475566150178784,0.6849744127736748,44.87483285641757,65.53313590735861,64.75244567405713,47.5626398767304
شیران,1401,س. صنایع شیمیایی ایران,0.8826104529535383,1.4594486272574945e-06,0.8789487546653869,0.8888888888888888,0.794099183929693,0.7867145396987795,0.9148936170212766,0.5682725610803341,49.574431887266904,71.43036822108155,71.17509678543136,51.25809312865985
غاذر,1392,کشت وصنعت پیاذر,0.651185886718485,0.0868254272360079,0.6253532095052012,1.0,0.910274454609426,0.9252738376407008,0.978912319644839,0.48571051204807,50.15236354990783,70.79419559253412,70.3784088758489,50.42487226469482
غاذر,1393,کشت وصنعت پیاذر,0.707548045216801,5.082392198824626e-10,0.2693234499202385,1.0,0.9522237587545144,0.9252738376407008,0.961576354679803,0.8281698373072744,48.98940482858162,70.55144105034465,70.40863783620496,47.20515693323374
غاذر,1394,کشت وصنعت پیاذر,0.0,1.6439380567811723e-09,1.0,0.8181818181818182,0.8782521201667389,0.9252738376407008,0.9432048681541584,0.1644427147373745,35.0954107544456,59.1169420065591,58.77840829604425,38.33946834856759
غاذر,1395,کشت وصنعت پیاذر,0.8745812366634849,0.4064046745807681,1.0,1.0,0.8965188364329985,1.0,0.9087415946205571,1.0,73.91635390994159,88.57807927872261,88.68269019105156,75.02326761563592
غاذر,1396,کشت وصنعت پیاذر,0.8826104529535382,0.1340920353324397,1.0,1.0,0.8329925017041601,1.0,0.9239130434782608,1.0,62.924725696327975,84.67010041835499,84.71419293149887,64.4823528976257
غاذر,1397,کشت وصنعت پیاذر,0.9999998690928394,2.685766663480101e-09,1.0,1.0,1.0,0.9999981805772252,0.9421422986708364,1.0,61.33859932222878,86.77675438783335,86.92090788806924,62.87443385731439
غاذر,1398,کشت وصنعت پیاذر,0.5548674920214848,0.3819473470175832,0.8372073551153759,0.7857142857142857,0.4975755699989719,0.7934343115096734,0.9198396793587176,0.7462951154425537,57.198199821964145,68.96101445223309,68.66625529803541,58.470668705580245
غاذر,1399,کشت وصنعت پیاذر,0.9999998601760162,3.302353500074609e-07,0.5629853416236904,0.75,0.504157218442935,0.277897367668509,0.9428904428904428,0.5166632315139024,41.00891039313728,56.93242240688557,56.76562959719236,41.54370731003843
غاذر,1400,کشت وصنعت پیاذر,0.9999996343381866,1.5025363746086687e-09,0.8583045053837767,0.7272727272727273,0.1738035264483709,0.4573305639825746,0.901072705601907,0.5935971008027204,41.12625787344151,58.89225956666,58.3612284717788,43.29960317207744
غاذر,1401,کشت وصنعت پیاذر,0.8826104529535383,0.3497440345902686,0.4902054878017584,0.8518518518518519,0.7796610169491517,0.5842642275806798,0.8340425531914893,0.3169358014675049,55.37591025697991,63.61644282982803,63.22768186909967,54.884668064600675
غالبر,1392,لبنیات  کالبر,0.651185886718485,0.0868254272360079,0.7660276621213996,1.0,0.910274454609426,0.9252738376407008,0.902330743618202,0.5634265956448012,51.734173714397635,72.56680759486278,72.36964695603064,52.68953946534617
غالبر,1393,لبنیات  کالبر,0.707548045216801,0.8339957712779056,0.9324629989192672,1.0,0.9522237587545144,0.9252738376407008,0.9182266009852216,0.388117218774176,81.13535389413128,83.22310289460732,82.82822934901615,81.87579748254372
غالبر,1394,لبنیات  کالبر,0.0,1.6439380567811723e-09,1.0,0.8181818181818182,0.8782521201667389,0.9252738376407008,0.9148073022312372,0.1644427147373745,34.97895740803393,58.76197243252259,58.45086923360947,38.23106282447597
غالبر,1395,لبنیات  کالبر,0.8745812366634849,0.4064046745807681,1.0,1.0,0.8965188364329985,1.0,0.915465898174832,1.0,73.94392907794398,88.66213307315104,88.76024867221408,75.04893712734444
غالبر,1396,لبنیات  کالبر,0.8826104529535382,0.1340920353324397,1.0,1.0,0.8329925017041601,1.0,0.914855072463768,1.0,62.887580574834075,84.55687578067382,84.6097178035354,64.44777478985063
غالبر,1397,لبنیات  کالبر,0.9999998827992362,2.685766663480101e-09,1.0,1.0,1.0,0.9999991105594012,0.9397967161845192,1.0,61.32898626961496,86.74744640286154,86.89386425215413,62.865485056498116
غالبر,1398,لبنیات  کالبر,0.9999984322770036,1.2766056579881148e-10,0.8290774078991194,0.7857142857142857,0.4975755699989719,0.9954891280484376,0.845691382765531,0.7417208516565562,49.550468079876545,71.19083823109457,70.44941475199316,50.92404223585856
غالبر,1399,لبنیات  کالبر,0.9999996074239532,1.392847435889889e-10,0.9887460087611508,0.75,0.504157218442935,0.8681706582019653,0.9044289044289044,0.808211011796633,50.729603883073025,72.79641761493532,72.31140530775686,52.930907801929706
غالبر,1400,لبنیات  کالبر,0.9999995108651047,7.6966389063064e-10,0.604342540904554,0.7272727272727273,0.1738035264483709,0.8716121361401757,0.902264600715137,0.4298209359695848,39.93790758457794,58.863949738566475,57.443439090919355,40.72669171755156
غالبر,1401,لبنیات  کالبر,0.8826104529535383,0.4649978295301638,0.8942855216263538,0.8518518518518519,0.7796610169491517,0.7867145396987795,0.8212765957446808,0.5781883426242977,66.8186791417348,75.74482688723523,75.52260815046526,67.92122362990443
غبهنوش,1392,بهنوش  ایران,0.651185886718485,0.0868254272360079,0.8781926773222085,1.0,0.910274454609426,0.9252738376407008,0.9034406215316316,0.7599782887745704,54.695498722833314,76.43963992291287,76.5073213447371,56.06707268569395
غبهنوش,1393,بهنوش  ایران,0.707548045216801,0.8681403455533405,0.582970152730925,1.0,0.9522237587545144,0.9252738376407008,0.9182266009852216,0.6200370949991887,82.30073030498275,82.18024794850865,81.8984820289145,80.99733455305895
غبهنوش,1394,بهنوش  ایران,0.0,1.6439380567811723e-09,1.0,0.8181818181818182,0.8782521201667389,0.9252738376407008,0.907707910750507,0.1644427147373745,34.949844071431016,58.67323003901346,58.36898446800078,38.20396144345306
غبهنوش,1395,بهنوش  ایران,0.8745812366634849,0.4064046745807681,1.0,1.0,0.8965188364329985,1.0,0.9135446685878964,1.0,73.93605045851473,88.63811770331435,88.73808910616764,75.04160298114199
غبهنوش,1396,بهنوش  ایران,0.8826104529535382,0.1340920353324397,1.0,1.0,0.8329925017041601,1.0,0.9248188405797102,1.0,62.92844020847737,84.6814228821231,84.72464044429522,64.4858107084032
غبهنوش,1397,بهنوش  ایران,1.0,2.685766663480101e-09,1.0,1.0,1.0,0.9999997014794806,0.9405785770132916,1.0,61.33219772170071,86.75722851473174,86.90289020569939,62.868474536392704
غبهنوش,1398,بهنوش  ایران,0.9999987515279092,0.0045324968174149,0.9261221258354472,0.7857142857142857,0.4975755699989719,0.9973233705968269,0.8687374749498998,0.8794565462303049,52.04127149895197,74.49325777088825,73.92041969472744,53.78744128122697
غبهنوش,1399,بهنوش  ایران,0.9999997846836732,0.2553331356924518,0.8739180788180863,0.75,0.504157218442935,0.8153292349949529,0.9137529137529138,0.7188894397204888,58.43682271713221,72.89224757631878,72.30530427347827,59.7558986934819
غبهنوش,1400,بهنوش  ایران,0.9999996655430082,1.4047278730495901e-09,0.8124958183668471,0.7272727272727273,0.1738035264483709,0.8238946941437704,0.901072705601907,0.8058929691021607,45.25582553511421,65.55540134854401,64.71139463564371,46.832798019533016
غبهنوش,1401,بهنوش  ایران,0.8826104529535383,1.2893931084956755e-09,0.958966636769501,0.8518518518518519,0.7796610169491517,0.829255686818501,0.8340425531914893,0.6730663911630702,50.76548441304089,72.6181823873312,72.49565066577011,52.804761246296636
غدام,1392,خوراک   دام  پارس,0.651185886718485,0.0868254272360079,0.928088430777472,1.0,0.910274454609426,0.9252738376407008,0.9322974472807992,0.65295762285262,54.041140892565686,76.08628883894389,76.02682548154246,55.74968133268142
غدام,1393,خوراک   دام  پارس,0.707548045216801,0.4773219202731533,0.8832183841475963,1.0,0.9522237587545144,0.9252738376407008,0.9113300492610836,0.420795441196044,67.38153586544664,78.47139295612367,78.13102419926798,68.38520416522472
غدام,1394,خوراک   دام  پارس,0.0,1.6439380567811723e-09,0.8063710743016119,1.0,0.9522237587545144,0.9252738376407008,0.9563894523326572,0.3262307742422383,37.72365831244784,62.08111123644575,62.00014395182916,39.69327403364706
غدام,1395,خوراک   دام  پارس,0.8745812366634849,0.4064046745807681,1.0,1.0,0.8965188364329985,1.0,0.9394812680115274,1.0,74.0424118208096,88.96232519610973,89.03724324779446,75.14061395487492
غدام,1396,خوراک   دام  پارس,0.8826104529535382,0.1340920353324397,1.0,1.0,0.8329925017041601,1.0,0.9420289855072465,1.0,62.99901593931575,84.8965496937173,84.92314318742582,64.55150911317587
غدام,1397,خوراک   دام  پارس,0.9999998784914952,2.685766663480101e-09,1.0,1.0,1.0,0.9999990266342714,0.9585613760750586,1.0,61.40593622569468,86.9820035485824,87.11029587625711,62.93711718560019
غدام,1398,خوراک   دام  پارس,0.4402746535830629,3.168216955506191e-10,0.9152528514196822,0.7142857142857143,1.0,0.7802591776602108,0.905811623246493,0.80950949167398,47.026814492026645,69.56741890232456,69.98697094887697,48.98865349735277
غدام,1399,خوراک   دام  پارس,0.9999996346898726,0.0,0.3596104517926699,0.8333333333333334,0.4358600583090337,0.5744031400996645,0.935897435897436,0.3843911099416847,39.72386415610391,56.54368955079618,55.694298516794106,39.18369046112647
غدام,1400,خوراک   دام  پارس,0.999998922038142,0.9649704835950744,0.9250136748613056,0.7272727272727273,0.1738035264483709,0.4125668471553215,0.932061978545888,0.7333319340286777,80.06708707464402,73.36275117431884,72.96524651873307,81.0170712592499
غدام,1401,خوراک   دام  پارس,0.8826104529535383,0.1990928472682781,0.7464132496814613,0.8888888888888888,0.794099183929693,0.2834225191283168,0.9106382978723404,0.4825835030419466,52.272238918506595,64.84686178455578,65.15792661534626,53.29698110447514
غدشت,1392,دشت  مرغاب,0.651185886718485,0.0868254272360079,0.9531468976309238,1.0,0.910274454609426,0.9252738376407008,0.9001109877913429,0.6668012587692423,54.24686077863239,76.17023437995161,76.16762846611775,56.082294754672546
غدشت,1393,دشت  مرغاب,0.707548045216801,3.3275235171012756e-10,0.9393927292744452,1.0,0.9522237587545144,0.9252738376407008,0.9211822660098522,0.3835187206252912,49.10482443032163,72.86424197317946,72.53782225135085,51.15113068143905
غدشت,1394,دشت  مرغاب,0.0,1.6439380567811723e-09,1.0,0.8181818181818182,0.8782521201667389,0.9252738376407008,0.9148073022312372,0.1644427147373745,34.97895740803393,58.76197243252259,58.45086923360947,38.23106282447597
غدشت,1395,دشت  مرغاب,0.8745812366634849,0.4064046745807681,1.0,1.0,0.8965188364329985,1.0,0.9221902017291066,1.0,73.97150424594633,88.74618686757947,88.83780715337657,75.07460663905296
غدشت,1399,دشت  مرغاب,0.4601351936048232,0.1379787850793966,0.998726719588357,0.75,0.504157218442935,0.8072172225435126,0.8904428904428905,0.8017197001258055,48.055525294622335,66.87972162284652,66.7850532093682,50.57508844023902
غدشت,1400,دشت  مرغاب,0.9999998716074234,3.460137057125465e-16,0.7926639219155164,0.7272727272727273,0.1738035264483709,0.7090437674999137,0.8104886769964244,0.8186822540993342,44.1841291341076,62.899434322996385,62.31569400325474,45.73224281947166
غدشت,1401,دشت  مرغاب,0.8826104529535383,0.4437961662875921,0.8730302675064455,0.8888888888888888,0.794099183929693,0.7867145396987795,0.8425531914893617,0.5644460423695669,66.24445755075725,75.95173416404832,75.72046000070014,67.24694350679401
غزر,1398,صنعتی زر ماکارون,0.9999996897155256,0.0189897794393701,0.9999995963659136,0.7857142857142857,0.4975755699989719,0.9683801565939821,0.9649298597194388,0.8378891484646487,52.92895701339984,75.9184760751517,75.27722404297872,55.05550432496133
غزر,1399,صنعتی زر ماکارون,0.9999999363014564,0.1379787850793966,0.5482869265320328,0.75,0.504157218442935,0.8072172225435126,0.9230769230769232,0.5071035924181515,49.18630910698427,64.7227575549301,63.77841409666325,49.18095216105341
غزر,1400,صنعتی زر ماکارون,0.999999732367365,8.322794419858075e-09,0.5672675582299203,0.7272727272727273,0.1738035264483709,0.7090437674999137,0.9070321811680572,0.4059118498741226,38.44726498975605,56.12914188979089,54.89787630229698,39.14564491557574
غزر,1401,صنعتی زر ماکارون,0.8826104529535383,1.4594486272574945e-06,0.5165846176970148,0.8518518518518519,0.7796610169491517,0.7867145396987795,0.8425531914893617,0.3339908750711475,43.56704393497751,62.42460006449342,61.79473232867188,43.62415271875828
غشاذر,1392,پگاه آذربایجان غربی,0.651185886718485,0.0868254272360079,0.8148561283758577,1.0,0.910274454609426,0.9252738376407008,0.9678135405105438,0.7949687823652757,54.85733102723545,76.8899757182037,76.90864500621113,55.85545734686269
غشاذر,1393,پگاه آذربایجان غربی,0.707548045216801,0.5363814648934643,0.8103463904077913,1.0,0.9522237587545144,0.9252738376407008,0.9753694581280788,0.4691525505123755,69.88289428046134,79.70369381942157,79.32046587338188,70.3633376739487
غشاذر,1394,پگاه آذربایجان غربی,0.0,1.6439380567811723e-09,0.6232048017128653,1.0,0.9522237587545144,0.9252738376407008,0.9787018255578094,0.4792766877181654,38.0765477227482,61.98351141284992,61.97709115266583,38.96997685650837
غشاذر,1395,پگاه آذربایجان غربی,0.8745812366634849,0.4064046745807681,1.0,1.0,0.8965188364329985,1.0,0.989433237271854,1.0,74.24725592597014,89.58672481186382,89.61339196500165,75.33130175613832
غشاذر,1396,پگاه آذربایجان غربی,0.8826104529535382,0.1340920353324397,1.0,1.0,0.8329925017041601,1.0,0.9963768115942028,1.0,63.22188666827908,85.57589751980426,85.54999395520665,64.75897775982637
غشاذر,1397,پگاه آذربایجان غربی,0.8215225439657977,2.685766663480101e-09,1.0,1.0,1.0,0.9999996373585928,0.9906176700547302,1.0,59.03843586502232,85.1517481758111,85.34949946378333,60.70476494011983
غشاذر,1398,پگاه آذربایجان غربی,0.999999892692364,4.230472330647784e-06,0.9765221160385268,0.7857142857142857,0.4975755699989719,0.9681039991189516,0.9719438877755512,0.8246796914790864,51.907593038867894,75.30679591612585,74.63643585560756,53.950994885981295
غشاذر,1399,پگاه آذربایجان غربی,0.9999995341483724,1.2635387038187866e-09,0.8735513099145652,0.75,0.504157218442935,0.8644304249157927,0.9813519813519812,0.883131997484545,50.9579954704364,73.20778084402161,72.69046275631663,52.484085065048404
غشاذر,1400,پگاه آذربایجان غربی,0.9999995421918624,0.7485840119075385,0.999999635889278,0.7272727272727273,0.1738035264483709,0.8999863935696651,0.9737783075089392,0.684974111125147,74.88973662792742,77.6049781989191,76.45592120215261,76.33592887050025
غشاذر,1401,پگاه آذربایجان غربی,0.8826104529535383,0.7610128112867498,0.9713206349581074,0.8518518518518519,0.7796610169491517,0.8292054968469854,0.9617021276595744,0.627994364777222,80.13918475877605,83.31698446603976,82.95868359928734,81.08672353320125
غشان,1392,شیرپاستوریزه پگاه خراسان,0.651185886718485,0.0868254272360079,0.8903983889668426,1.0,0.910274454609426,0.9252738376407008,0.9711431742508324,0.6321356300483496,53.6924948209767,75.84045999338306,75.70471793201715,55.212887532644004
غشان,1393,شیرپاستوریزه پگاه خراسان,0.707548045216801,0.3299420168658619,0.9609610472440576,1.0,0.9522237587545144,0.9252738376407008,0.9753694581280788,0.3692062055382197,62.013816455790135,77.75655461735293,77.34150498512265,63.6663702577457
غشان,1394,شیرپاستوریزه پگاه خراسان,0.0,1.6439380567811723e-09,1.0,1.0,0.6112325467279323,0.9252738376407008,0.9726166328600404,0.1644427147373745,33.740966115884,58.419571670124824,57.870394368735646,37.09321221242054
غشان,1395,شیرپاستوریزه پگاه خراسان,0.8745812366634849,0.4064046745807681,1.0,1.0,0.8965188364329985,1.0,0.967339097022094,1.0,74.15665180253374,89.31054805874182,89.35855695546769,75.24695907481028
غشان,1396,شیرپاستوریزه پگاه خراسان,0.8826104529535382,0.1340920353324397,1.0,1.0,0.8329925017041601,1.0,0.9818840579710144,1.0,63.16245447388885,85.39473809951441,85.38283375046508,64.70365278738623
غشان,1397,شیرپاستوریزه پگاه خراسان,0.9999999513864788,2.685766663480101e-09,1.0,1.0,1.0,0.999999811803549,0.9890539483971852,1.0,61.53098654281975,87.36317142841226,87.46200840178443,63.05352550234573
غشان,1398,شیرپاستوریزه پگاه خراسان,0.6096562092331808,0.0985524893758844,0.9790651225633898,0.7857142857142857,0.4975755699989719,0.9691711307606038,0.968937875751503,0.8261104981429939,50.25741781524459,71.68478976926018,71.22936727133474,52.47877246491177
غشان,1399,شیرپاستوریزه پگاه خراسان,0.9999995341477924,1.20949206700772e-16,0.8019277533811288,0.75,0.504157218442935,0.7684386305943822,0.9708624708624708,0.672067960991563,47.533290438406226,68.3431696052534,67.7096998542904,48.915354700437504
غشان,1400,شیرپاستوریزه پگاه خراسان,0.9999984564291432,0.7696227934754318,0.9999997397244154,0.7272727272727273,0.1738035264483709,0.7852511071848208,0.9702026221692492,0.68497417808683,74.99622073023392,76.38906438488735,75.40803033915176,76.469600300004
غشان,1401,شیرپاستوریزه پگاه خراسان,0.8826104529535383,0.5479940811432065,0.6220347852370761,0.8518518518518519,0.7796610169491517,0.680364055009883,0.9574468085106383,0.4021682704611142,65.98499781724932,71.55164152645574,71.0362200623188,65.71824461488254
غشصفا,1392,شیرپاستوریزه پگاه اصفهان,0.651185886718485,0.0868254272360079,0.9848643692724144,1.0,0.910274454609426,0.9252738376407008,0.972253052164262,0.6843236847088846,54.970156145672654,77.68750890437725,77.64783203404575,56.93421369585114
غشصفا,1393,شیرپاستوریزه پگاه اصفهان,0.707548045216801,0.4046052432191417,0.5930469063037745,1.0,0.9522237587545144,0.9252738376407008,0.9783251231527094,0.6133502644478537,64.74048019895132,77.1796647341937,76.8774120010447,64.18179804908416
غشصفا,1394,شیرپاستوریزه پگاه اصفهان,0.0,1.6439380567811723e-09,1.0,0.8181818181818182,0.8782521201667389,0.9252738376407008,0.9726166328600404,0.1644427147373745,35.2160231489434,59.48458906538263,59.1176451821374,38.45174549851962
غشصفا,1395,شیرپاستوریزه پگاه اصفهان,0.8745812366634849,0.4064046745807681,1.0,1.0,0.8965188364329985,1.0,0.9721421709894332,1.0,74.17634835110687,89.37058648333355,89.41395587058378,75.26529444031637
غشصفا,1396,شیرپاستوریزه پگاه اصفهان,0.8826104529535382,0.1340920353324397,1.0,1.0,0.8329925017041601,1.0,0.9347826086956522,1.0,62.96929984212064,84.80596998357237,84.83956308505503,64.5238466269558
غشصفا,1398,شیرپاستوریزه پگاه اصفهان,0.9999998020979108,0.0189897794393701,0.9064917740522708,0.8571428571428571,0.4448865897333848,0.9683801565939821,0.9819639278557114,0.8905014404811092,52.85645249007969,75.85445409245746,75.19940077205179,54.459517479209
غشصفا,1399,شیرپاستوریزه پگاه اصفهان,0.9999997546024612,0.1379787850793966,1.0,0.8333333333333334,0.4358600583090337,0.8072172225435126,0.9766899766899768,0.8008914814921277,55.891247616083696,74.89963265062303,74.38962455423399,57.97009103419061
غشصفا,1400,شیرپاستوریزه پگاه اصفهان,0.0,8.322794419858075e-09,0.819101477898934,0.8181818181818182,0.0600035984166947,0.7090437674999137,0.9785458879618594,0.8016330808681998,30.368695392007623,52.33137048937768,52.06890737231858,32.87103927242112
غشصفا,1401,شیرپاستوریزه پگاه اصفهان,0.8826104529535383,1.4594486272574945e-06,0.9209283423768004,0.8888888888888888,0.7507846829880711,0.7867145396987795,0.9574468085106383,0.6976595416271115,50.97572215388282,73.56293395615569,73.3839594619115,52.7898731051606
غشهد,1392,شهد ایران,0.651185886718485,0.0868254272360079,0.975996501231116,1.0,0.910274454609426,0.9252738376407008,0.9234184239733628,0.6794246006093528,54.65038255976049,76.90498915023065,76.90336525536526,56.58660178886156
غشهد,1393,شهد ایران,0.707548045216801,0.535931373492726,0.9855175378643314,1.0,0.9522237587545144,0.9252738376407008,0.9507389162561576,0.3529107696593821,69.83807208652874,80.12680298605767,79.70920474859189,71.32457977548161
غشهد,1394,شهد ایران,0.0,1.6439380567811723e-09,1.0,0.8181818181818182,0.8782521201667389,0.9252738376407008,0.924949290060852,0.1644427147373745,35.020547888895244,58.88874728039277,58.56784747019332,38.26977908308012
غشهد,1395,شهد ایران,0.8745812366634849,0.4064046745807681,1.0,1.0,0.8965188364329985,1.0,0.9193083573487032,1.0,73.95968631680248,88.71016381282443,88.80456780430693,75.06360541974931
غشهد,1396,شهد ایران,0.8826104529535382,0.1340920353324397,1.0,1.0,0.8329925017041601,1.0,0.9528985507246376,1.0,63.04359008510841,85.0324192589347,85.04851334098198,64.59300284250598
غشهد,1397,شهد ایران,0.9999986135367116,2.685766663480101e-09,1.0,1.0,1.0,0.999999806196604,0.9781078967943706,1.0,61.48607997445159,87.22632899016816,87.33574001781564,63.01172211055237
غشهد,1398,شهد ایران,0.954128466885558,0.5900997850484847,0.4019500131173806,0.7857142857142857,0.4975755699989719,0.167173356608556,0.9308617234468938,0.501400303197059,61.16705259965087,60.36129380021487,60.268735122775,60.07279901666113
غشهد,1399,شهد ایران,0.9999995341483816,4.354171441227792e-15,0.8794593955231291,0.75,0.504157218442935,0.2333787715417242,0.9347319347319348,0.722493432905137,45.30666737799403,62.80275359116558,63.06851546145108,47.328249436328726
غشهد,1400,شهد ایران,0.5849749670679574,0.5877209960298135,0.9999999064228544,0.7272727272727273,0.1738035264483709,0.2764627106332858,0.9415971394517284,0.6849744666196373,59.0310101139075,62.21008049932969,62.24426145598147,61.3820967615234
غشهد,1401,شهد ایران,0.8826104529535383,1.23261001401212e-06,0.6915641987363432,0.8888888888888888,0.7507846829880711,0.5755252135706237,0.9212765957446808,0.447121582778718,45.141704053322776,64.47216060338596,64.26006988383011,46.096930172924225
غمهرا,1392,تولیدی مهرام,0.651185886718485,0.0868254272360079,0.9031873391972282,1.0,0.910274454609426,0.9252738376407008,0.9223085460599334,0.7461699021370141,54.813184242135634,76.81531741998495,76.85957668166702,56.31958630046713
غمهرا,1393,تولیدی مهرام,0.707548045216801,0.4046052432191417,0.7324127385236145,1.0,0.9522237587545144,0.9252738376407008,0.9310344827586208,0.5208685243752602,64.60500838896506,77.17458288110817,76.87170511465561,64.8540535947688
غمهرا,1394,تولیدی مهرام,0.0,1.6439380567811723e-09,1.0,0.8181818181818182,0.8782521201667389,0.9252738376407008,0.9330628803245437,0.1644427147373745,35.05382027358429,58.99016715868892,58.66143005946041,38.30075208996343
غمهرا,1395,تولیدی مهرام,0.8745812366634849,0.4064046745807681,1.0,1.0,0.8965188364329985,1.0,0.9193083573487032,1.0,73.95968631680248,88.71016381282443,88.80456780430693,75.06360541974931
غمهرا,1396,تولیدی مهرام,0.8826104529535382,0.1340920353324397,1.0,1.0,0.8329925017041601,1.0,0.9284420289855072,1.0,62.94329825707492,84.72671273719557,84.7664304954806,64.49964195151325
غمهرا,1398,تولیدی مهرام,0.9999996051433068,0.0189897794393701,0.936388910194854,0.7857142857142857,0.4975755699989719,0.9683801565939821,0.9158316633266532,0.8020989950460753,51.86337685850613,74.06223706821874,73.4022765927237,53.70540846684829
غمهرا,1399,تولیدی مهرام,0.9999999122264744,0.1379787850793966,0.6167490463156553,0.75,0.504157218442935,0.8072172225435126,0.9090909090909092,0.5516303766176912,50.123604974082056,65.96029337895718,65.10735905063531,50.43846409466628
غمهرا,1400,تولیدی مهرام,0.999999732367365,8.322794419858075e-09,0.5439973740310842,0.7272727272727273,0.1738035264483709,0.7090437674999137,0.9046483909415972,0.390905265991134,38.100783691455874,55.62088491093733,54.365587259694735,38.6922401588127
غنوش,1392,نوش  مازندران,0.651185886718485,0.0868254272360079,0.4437276183538913,1.0,0.910274454609426,0.9252738376407008,0.9478357380688124,1.0,54.17684749182025,74.56403703284154,74.67916699851675,53.099270041676405
غنوش,1393,نوش  مازندران,0.707548045216801,0.0442026232797332,0.4695939953261215,1.0,0.9522237587545144,0.9252738376407008,0.9320197044334976,0.6952723528276695,50.650651209859845,71.57667896848797,71.39198317423836,49.94907245333897
غنوش,1394,نوش  مازندران,0.0,1.6439380567811723e-09,1.0,0.8181818181818182,0.8782521201667389,0.9252738376407008,0.934077079107505,0.1644427147373745,35.057979321670416,59.00284464347594,58.67312788311878,38.30462371582385
غنوش,1395,نوش  مازندران,0.8745812366634849,0.4064046745807681,1.0,1.0,0.8965188364329985,1.0,0.9548511047070124,1.0,74.10544077624361,89.15444815480329,89.2145197761659,75.19928712449442
غنوش,1396,نوش  مازندران,0.8826104529535382,0.1340920353324397,1.0,1.0,0.8329925017041601,1.0,0.9492753623188406,1.0,63.02873203651086,84.98712940386224,85.0067232897966,64.57917159939593
غنوش,1397,نوش  مازندران,0.0,2.685766663480101e-09,1.0,1.0,1.0,0.9999989739248796,0.9593432369038312,1.0,47.407583616620336,74.49177766893096,75.18198840695918,49.74667424928692
غنوش,1398,نوش  مازندران,0.9999991052441116,3.971199354945456e-07,0.4134203512606226,0.7857142857142857,0.4975755699989719,0.9835180618531814,0.938877755511022,0.5078540169772496,44.21367408445387,64.08699429599226,62.84077173249201,43.61684542761185
غنوش,1399,نوش  مازندران,0.9999993412960192,1.0,0.0,0.75,0.504157218442935,0.9771919824209035,0.9090909090909092,0.1505056118957755,75.30368884800703,66.13681328933178,64.25947768279933,71.37363335319603
غنوش,1400,نوش  مازندران,0.9999996524464122,0.7990766397376398,0.5741476182612688,0.7272727272727273,0.1738035264483709,0.936941839613723,0.9082240762812872,0.9596000574380836,76.51824570893967,75.9883267187439,74.97711109280847,75.4669437613742
غنوش,1401,نوش  مازندران,0.8826104529535383,8.315699555680304e-10,0.8663160973560937,0.8518518518518519,0.7796610169491517,0.8372774280831776,0.8063829787234043,0.5601050854632429,48.78813077682192,69.80256140265038,69.5307246806675,50.44651932510198
غپاک,1392,لبنیات  پاک,0.651185886718485,0.0868254272360079,0.7652253963491952,1.0,0.910274454609426,0.9252738376407008,0.9012208657047724,0.8223874504135132,54.50420163842538,75.77991648340125,75.87322966681317,55.24286079944446
غپاک,1393,لبنیات  پاک,0.707548045216801,0.4032210262754681,0.9254447656044416,1.0,0.9522237587545144,0.9252738376407008,0.9270935960591132,0.3927744465813955,64.61662977935806,77.91974345165544,77.5566583588163,65.96909453935915
غپاک,1394,لبنیات  پاک,0.0,1.6439380567811723e-09,1.0,0.8181818181818182,0.8782521201667389,0.9252738376407008,0.907707910750507,0.1644427147373745,34.949844071431016,58.67323003901346,58.36898446800078,38.20396144345306
غپاک,1395,لبنیات  پاک,0.8745812366634849,0.4064046745807681,1.0,1.0,0.8965188364329985,1.0,0.914505283381364,1.0,73.93998976822934,88.6501253882327,88.74916888919086,75.04527005424322
غپاک,1396,لبنیات  پاک,0.8826104529535382,0.1340920353324397,1.0,1.0,0.8329925017041601,1.0,0.927536231884058,1.0,62.93958374492553,84.71539027342745,84.75598298268426,64.49618414073575
غپاک,1397,لبنیات  پاک,0.9999992028322098,2.685766663480101e-09,1.0,1.0,1.0,0.9999997046903456,0.9397967161845192,1.0,61.32898030771159,86.7474453299105,86.89386270000676,62.86547934303388
غپاک,1398,لبنیات  پاک,0.9999998502425989,9.767634969187984e-11,0.8281941490343462,0.7857142857142857,0.4975755699989719,0.8910115453173829,0.8476953907815631,0.9345551078816722,50.99683504407784,72.30932373835621,71.93289470118533,52.259704668350814
غپاک,1399,لبنیات  پاک,0.999998167896365,2.8636611494032303e-10,0.7838985518309762,0.75,0.504157218442935,0.8779814054820039,0.8764568764568764,0.9414408699631982,50.55867025553662,71.674163629484,71.2669766950444,51.59761239506454
غپاک,1400,لبنیات  پاک,0.9999983962843736,2.2923246530393543e-10,0.6833296884426825,0.7272727272727273,0.1738035264483709,0.7876301539602033,0.8438617401668653,0.8891902196518543,44.72385701465163,63.81358065570387,63.11765277535288,45.601215167261124
غپاک,1401,لبنیات  پاک,0.8826104529535383,2.7085890224113487e-10,0.7823313706776548,0.8518518518518519,0.7796610169491517,0.5703471105929895,0.8638297872340426,0.5058058837545408,46.20816485039166,65.45546842855785,65.4201275848626,47.59731148956527
غپینو,1392,پارس  مینو,0.651185886718485,0.0868254272360079,0.9836850338608254,1.0,0.910274454609426,0.9252738376407008,0.9644839067702552,0.6836721568178488,54.92240246569848,77.56750879566937,77.53412381481142,56.88311903612596
غپینو,1393,پارس  مینو,0.707548045216801,0.4046052432191417,0.5168063278610897,1.0,0.9522237587545144,0.9252738376407008,0.974384236453202,0.6639427321008887,64.69233930631205,76.80980226557924,76.53668765906065,63.70023550992702
غپینو,1394,پارس  مینو,0.0,1.6439380567811723e-09,1.0,0.8181818181818182,0.8782521201667389,0.9252738376407008,0.9675456389452332,0.1644427147373745,35.19522790851274,59.42120164144754,59.059156063845464,38.432387369217544
غپینو,1395,پارس  مینو,0.8745812366634849,0.4064046745807681,1.0,1.0,0.8965188364329985,1.0,0.962536023054755,1.0,74.13695525396062,89.25050963415008,89.30315804035163,75.22862370930417
غپینو,1396,پارس  مینو,0.8826104529535382,0.1340920353324397,1.0,1.0,0.8329925017041601,1.0,0.9682971014492754,1.0,63.10673679164802,85.22490114299266,85.22612105851988,64.65178562572362
غپینو,1398,پارس  مینو,0.9999999688404536,0.0189897794393701,0.8761226370368493,0.7857142857142857,0.4975755699989719,0.9683801565939821,0.940881763527054,0.7681905546231835,51.147310215100404,73.19818394717687,72.45136865085111,52.69950260000994
غپینو,1399,پارس  مینو,0.9999998961988532,0.1379787850793966,0.9645508637877214,0.75,0.504157218442935,0.8072172225435126,0.9766899766899768,0.7778357076786075,55.45384724651701,73.98037088026254,73.45788460401668,57.356177105703146
غپینو,1400,پارس  مینو,0.9999987987552448,8.322794419858075e-09,0.9223154803453216,0.7272727272727273,0.1738035264483709,0.7090437674999137,0.9690107270560192,0.7350719581724815,44.91460938216244,65.45646242341093,64.67923469710992,47.15476346242498
غپینو,1401,پارس  مینو,0.8826104529535383,1.4594486272574945e-06,0.9138026321958894,0.8518518518518519,0.7796610169491517,0.7867145396987795,0.9595744680851064,0.7022665742357009,50.99829896738366,73.45603744273308,73.28809947163784,52.766772660425175
غچین,1392,کشت  و صنعت  چین  چین,0.8872769562129009,0.0868254272360079,0.4502520947830446,1.0,0.910274454609426,0.9252738376407008,0.90677025527192,0.9963955306300258,57.32461133054822,77.03835695480032,77.05895519641575,56.10446979412732
غچین,1393,کشت  و صنعت  چین  چین,0.707548045216801,6.71581665199154e-10,0.1563346126151167,1.0,0.9522237587545144,0.9252738376407008,0.9270935960591132,0.0,39.102910253913436,58.35592313697284,57.27350876604533,37.426905792888995
غچین,1394,کشت  و صنعت  چین  چین,0.0,7.807488405799494e-10,0.999329028396473,1.0,0.9522237587545144,0.9252738376407008,0.9158215010141988,0.1650033499489059,37.28193262807338,61.970643456694276,61.82762576833021,40.39010116708746
غچین,1395,کشت  و صنعت  چین  چین,0.8745812366634849,0.4064046745807681,1.0,1.0,0.8965188364329985,0.6275207296319958,0.914505283381364,1.0,71.70893199413841,83.99413450863264,84.63346479187194,73.00295841634035
غچین,1396,کشت  و صنعت  چین  چین,0.8826104529535382,0.1340920353324397,1.0,1.0,0.8329925017041601,0.7129023958586849,0.927536231884058,1.0,61.21994082087898,81.12667022166102,81.58370232253519,62.92202196636148
غچین,1399,کشت  و صنعت  چین  چین,0.9999998010402896,0.1379787850793966,0.7139586655377955,0.75,0.504157218442935,0.8072172225435126,0.9055944055944056,0.6148541235729985,51.52157262232454,67.92200277264166,67.18305556575828,52.286470746895596
غچین,1400,کشت  و صنعت  چین  چین,0.9999999797668324,1.099510105943768e-09,0.3030742573138736,0.7272727272727273,0.1738035264483709,0.7090437674999137,0.9046483909415972,0.2355376535358493,34.61477189275186,50.66725379848342,49.13930529887941,34.09222360737129
غچین,1401,کشت  و صنعت  چین  چین,0.8826104529535383,0.1765599236219275,0.7185461163510589,0.8888888888888888,0.794099183929693,0.7867145396987795,0.8361702127659575,0.4645663807198794,53.7119289559974,69.35194623662153,68.97531088315448,54.40816283147881
غکورش,1398,صنعت غذایی کورش,0.9999996067580784,0.0189897794393701,0.9999997592605228,0.7857142857142857,0.4975755699989719,0.9683801565939821,0.875751503006012,0.8378892401162783,52.56325355022682,74.80374876109377,74.2486384105702,54.715074689037856
غکورش,1399,صنعت غذایی کورش,0.9999999362003668,0.1379787850793966,0.6297946683302617,0.75,0.504157218442935,0.8072172225435126,0.9254079254079254,0.560115062718984,50.38005150232405,66.43338523404228,65.57953345311378,50.75054905257366
غکورش,1400,صنعت غذایی کورش,0.9999992346666128,8.322794419858075e-09,0.7981563387624704,0.7272727272727273,0.1738035264483709,0.7090437674999137,0.7747318235995233,0.5548084732569295,41.24554195808866,59.22269874786679,58.38052335884143,43.049022774316335
غکورش,1401,صنعت غذایی کورش,0.8826104529535383,1.4594486272574945e-06,0.6549468119049338,0.8518518518518519,0.7796610169491517,0.7867145396987795,0.851063829787234,0.4234471010932913,45.606418007344566,65.3787132960926,64.89746383614965,46.30070002809164
غگرجی,1392,بیسکویت   گرجی,0.651185886718485,0.0868254272360079,0.7487022195489217,1.0,0.910274454609426,0.9252738376407008,0.9001109877913429,0.8315157360802581,54.47300155541279,75.67360687031427,75.771427552808,55.11930986095067
غگرجی,1393,بیسکویت   گرجی,0.707548045216801,0.7800588660669031,0.6994553018867381,1.0,0.9522237587545144,0.9252738376407008,0.9408866995073892,0.5427387420603427,79.05806272209038,81.85231563916737,81.51773268816346,78.54599459323731
غگرجی,1394,بیسکویت   گرجی,0.0,1.6439380567811723e-09,1.0,0.8181818181818182,0.8782521201667389,0.9252738376407008,0.9198782961460448,0.1644427147373745,34.999752648464586,58.825359856457695,58.50935835190141,38.25042095377804
غگرجی,1395,بیسکویت   گرجی,0.8745812366634849,0.4064046745807681,1.0,1.0,0.8965188364329985,1.0,0.9423631123919308,1.0,74.05422974995348,88.99834825086477,89.0704825968641,75.15161517417856
غگرجی,1396,بیسکویت   گرجی,0.8826104529535382,0.1340920353324397,1.0,1.0,0.8329925017041601,1.0,0.9248188405797102,1.0,62.92844020847737,84.6814228821231,84.72464044429522,64.4858107084032
غگرجی,1397,بیسکویت   گرجی,0.9999997759208032,2.685766663480101e-09,1.0,1.0,1.0,0.9999989024120924,0.9397967161845192,1.0,61.32898352639975,86.74744246503975,86.89386067639083,62.86548250512906
غگرجی,1398,بیسکویت   گرجی,0.9999999722177028,0.8152958195718989,0.7376016650544248,0.7857142857142857,0.4975755699989719,0.7489762681060361,0.9148296593186372,0.6902525989531433,78.44167053712792,77.37807298668875,76.7603692496915,78.25261534508947
غگرجی,1399,بیسکویت   گرجی,0.9999996659037232,0.5528099150040519,0.8393643299948927,0.75,0.504157218442935,0.5263412303431139,0.9545454545454546,0.6964161753518401,67.80140931467274,72.79542486982514,72.52268652496556,68.64374953447883
غگرجی,1400,بیسکویت   گرجی,0.999999534875989,0.913770310130284,0.9495042763017224,0.7272727272727273,0.1738035264483709,0.6156624940044627,0.9487485101311084,0.7175383218372091,79.3998863136512,75.57874626252342,74.86742415229497,80.45923128475619
غگرجی,1401,بیسکویت   گرجی,0.8826104529535383,8.494154721933276e-10,0.9723177346766244,0.8518518518518519,0.7796610169491517,0.6049997915280378,0.8361702127659575,0.62863902626367,49.054659206772364,69.45312609797809,69.60959582834465,51.31230505708213
غگل,1392,گلوکوزان,0.9941679485213468,0.0868254272360079,0.9795014318861174,1.0,0.910274454609426,0.9252738376407008,0.9056603773584906,0.6813609115650315,59.42707964033704,81.03830486021401,80.86445135535152,61.10762969870906
غگل,1393,گلوکوزان,0.707548045216801,0.4046052432191417,0.9321291346631644,1.0,0.9522237587545144,0.9252738376407008,0.929064039408867,0.2982619443044608,63.71348752416965,76.86382504009563,76.39571367157887,65.17543890194305
غگل,1394,گلوکوزان,0.0,1.6439380567811723e-09,0.0617110722025553,1.0,0.9522237587545144,0.9252738376407008,0.920892494929006,0.948436864039787,38.64077056928355,60.106725365131275,60.450737718169314,36.2709313087765
غگل,1395,گلوکوزان,0.8745812366634849,0.4064046745807681,1.0,1.0,0.8965188364329985,1.0,0.92507204610951,1.0,73.98332217509022,88.78220992233452,88.87104650244623,75.08560785835662
غگل,1396,گلوکوزان,0.8826104529535382,0.1340920353324397,1.0,1.0,0.8329925017041601,1.0,0.9311594202898552,1.0,62.95444179352309,84.76068012849991,84.79777303386965,64.51001538384577
غگل,1399,گلوکوزان,0.9999995341491176,0.1379787850793966,0.8533564630724056,0.75,0.504157218442935,0.8072172225435126,0.9090909090909092,0.8962664372320375,55.6093526133837,73.22583212012891,72.8555359886827,56.86037971780332
غگل,1400,گلوکوزان,0.9999996283950032,8.322794419858075e-09,0.9999998892155748,0.7272727272727273,0.1738035264483709,0.7090437674999137,0.9070321811680572,0.6849744777163472,44.708646570426296,65.02657757548486,64.28503189397374,47.40793773371982
غگل,1401,گلوکوزان,0.8826104529535383,1.4594486272574945e-06,0.4041702444968782,0.8888888888888888,0.794099183929693,0.7867145396987795,0.8978723404255319,0.2613108656603579,42.626444541173946,61.44584969377868,60.668839422606325,42.12024569292523
فاذر,1393,صنایع  آذرآب,0.707548045216801,0.112841691121047,0.7700527086264168,0.625,0.9184993531694684,0.9252738376407008,0.930049261083744,0.4706753621356393,49.710842021375434,68.2492532374227,67.70670211385865,50.83762787877918
فاذر,1394,صنایع  آذرآب,0.0,5.61647790618327e-10,1.0,0.8181818181818182,0.8782521201667389,0.9252738376407008,0.9158215010141988,0.1644427147373745,34.98311641453401,58.77464990378098,58.46256704383476,38.2349344103948
فاذر,1395,صنایع  آذرآب,0.8745812366634849,0.4064046745807681,1.0,1.0,0.8965188364329985,0.7575996518439809,0.9164265129682996,1.0,72.49595086037843,85.64413640611915,86.09292945302812,73.72351801645041
فاذر,1396,صنایع  آذرآب,0.8826104529535382,0.1340920353324397,1.0,1.0,0.8329925017041601,0.7963016910969964,0.9157608695652174,1.0,61.671193106010904,82.0219693831544,82.36940391492345,63.33435050814895
فاذر,1397,صنایع  آذرآب,0.999999835973803,2.685766663480101e-09,1.0,1.0,1.0,0.9999999165491432,0.931196247068022,1.0,61.293721453748894,86.6399500284592,86.79467432264647,62.83265722850659
فاذر,1398,صنایع  آذرآب,0.9999998527968896,1.3719704834825723e-10,0.9901400268202528,0.7857142857142857,0.4975755699989719,0.99973089814701,0.8496993987975952,0.8434372759520408,51.89972203909667,74.57871635455304,74.00713514786943,54.016515089561246
فاذر,1399,صنایع  آذرآب,0.9999846999665296,1.0382099688876283e-09,0.9975772948690208,0.75,0.504157218442935,1.0,0.8391608391608392,0.7993156264174045,51.22248257029566,73.62744599868674,73.00793714146607,53.42832318042524
فاذر,1400,صنایع  آذرآب,0.9999999165588496,3.1254610671701005e-11,0.9432980728670196,0.7272727272727273,0.1738035264483709,1.0,0.7759237187127532,0.7215406069777978,45.878580260299174,66.77298211085967,65.75369647561062,48.145287049144706
فاذر,1401,صنایع  آذرآب,0.8826104529535383,0.2151835691950631,0.9989500080622552,0.8888888888888888,0.794099183929693,1.0,0.8127659574468085,0.6458577664051309,60.43981108703571,77.97944783601723,77.63048595381646,62.2720924604281
فاراک,1394,ماشین  سازی  اراک,0.0,1.081179283496982e-09,1.0,0.7272727272727273,0.9184993531694684,0.9252738376407008,0.9330628803245437,0.1644427147373745,34.75944019619772,58.35689392782493,58.02328815394435,38.01819673093041
فاراک,1395,ماشین  سازی  اراک,0.8745812366634849,0.902429800645688,1.0,1.0,0.8965188364329985,1.0,0.9164265129682996,1.0,93.0071993137247,94.87445483388089,94.92786167690481,93.3582563278008
فاراک,1396,ماشین  سازی  اراک,0.8826104529535382,0.1340920353324397,1.0,1.0,0.8329925017041601,0.985954776873921,0.9284420289855072,1.0,62.859170879426976,84.55114744811958,84.6112380137335,64.42263169905277
فاراک,1399,ماشین  سازی  اراک,0.9999978677784946,0.1379787850793966,0.9906074510132042,0.75,0.504157218442935,0.8072172225435126,0.9125874125874126,0.7947825395913862,55.569508212711774,73.71660621295428,73.2856890820593,57.61037150478884
فاراک,1400,ماشین  سازی  اراک,0.9999998074339096,1.982171807786856e-10,0.8014850308489964,0.7272727272727273,0.1738035264483709,0.7090437674999137,0.9046483909415972,0.5569550955866139,41.82647851225856,60.915104327879334,59.95120329871189,43.60853228335237
فاراک,1401,ماشین  سازی  اراک,0.8826104529535383,0.9987554265360338,0.810479358410559,0.8888888888888888,0.794099183929693,0.7867145396987795,0.8276595744680851,0.5240045887340192,86.60102066682825,81.41515017024496,81.0783758926657,86.4753577193926
فارس,1395,صنایع پتروشیمی خلیج فارس,0.8745812366634849,0.4064046745807681,1.0,0.6666666666666666,0.849785407725319,1.0,0.909702209414025,1.0,70.69098361040547,83.83925243812828,83.72510418118378,71.98700334471384
فارس,1396,صنایع پتروشیمی خلیج فارس,0.8826104529535382,0.1340920353324397,1.0,0.6666666666666666,0.7895705521472393,1.0,0.9221014492753624,1.0,59.72462710303531,79.93801445469057,79.7694337612424,61.46965740346797
فارس,1397,صنایع پتروشیمی خلیج فارس,0.9999998826212564,2.685766663480101e-09,1.0,0.8,0.7142418661755675,0.9999990543268971,0.9374511336982018,1.0,56.53024574549179,80.64614924384612,80.39889188190223,58.37471078603998
فاما,1392,صنعتی  آما,0.651185886718485,0.0868254272360079,0.9051905838143626,1.0,0.910274454609426,0.9252738376407008,0.9089900110987792,0.6403076288012818,53.6369689397737,75.35059787398805,75.29010289003773,55.24449738850329
فاما,1393,صنعتی  آما,0.707548045216801,0.4046052432191417,0.501077003408568,1.0,0.9522237587545144,0.9252738376407008,0.9261083743842364,0.6743805508428666,64.48777076464079,76.14021016833536,75.91895360505568,63.41969788589892
فاما,1394,صنعتی  آما,0.0,1.6439380567811723e-09,1.0,0.8181818181818182,0.8782521201667389,0.9252738376407008,0.9198782961460448,0.1644427147373745,34.999752648464586,58.825359856457695,58.50935835190141,38.25042095377804
فاما,1395,صنعتی  آما,0.8745812366634849,0.4064046745807681,1.0,1.0,0.8965188364329985,1.0,0.9193083573487032,1.0,73.95968631680248,88.71016381282443,88.80456780430693,75.06360541974931
فاما,1396,صنعتی  آما,0.8826104529535382,0.1340920353324397,1.0,1.0,0.8329925017041601,1.0,0.9320652173913044,1.0,62.958156305672475,84.77200259226802,84.808220546666,64.51347319462329
فاما,1398,صنعتی  آما,0.9999996035565551,0.0189897794393701,0.8585100003775077,0.7857142857142857,0.4975755699989719,0.9683801565939821,0.9268537074148296,0.7582809151256895,50.850487381357425,72.6788002277649,71.9272239923827,52.32402574247558
فاما,1399,صنعتی  آما,0.99999991030464,0.1379787850793966,0.4373193867539765,0.75,0.504157218442935,0.8072172225435126,0.9230769230769232,0.4349318905709445,47.57411936574146,62.4335167096541,61.36290923840087,47.05616138945708
فاما,1400,صنعتی  آما,0.9999993833470756,8.322794419858075e-09,0.5948184371654299,0.7272727272727273,0.1738035264483709,0.7090437674999137,0.901072705601907,0.4236789879536082,38.821466278882745,56.621119295147835,55.42678953797374,39.648927919996865
فاما,1401,صنعتی  آما,0.8826104529535383,1.4594486272574945e-06,0.5428410076555126,0.8518518518518519,0.7796610169491517,0.7867145396987795,0.8680851063829788,0.3509665928103685,44.052125942694445,63.284150346885106,62.6593828334548,44.22337030603864
فایرا,1392,آلومینیوم ایران,0.651185886718485,0.0868254272360079,0.7953931531007403,1.0,0.910274454609426,0.9252738376407008,0.902330743618202,0.8057211697774301,54.55740777624948,75.9625584087624,76.04852717960155,55.464939419246996
فایرا,1393,آلومینیوم ایران,0.707548045216801,0.4046052432191417,0.6563661037283892,1.0,0.9522237587545144,0.9252738376407008,0.923152709359606,0.571332293008547,64.54078797573897,76.75627488659626,76.48627749093953,64.35863377100064
فایرا,1394,آلومینیوم ایران,0.0,1.6439380567811723e-09,1.0,0.8181818181818182,0.8782521201667389,0.9252738376407008,0.8752535496957403,0.1644427147373745,34.81675453267482,58.26755052582888,57.99465411093247,38.08006941591978
فایرا,1395,آلومینیوم ایران,0.8745812366634849,0.4064046745807681,1.0,1.0,0.8965188364329985,1.0,0.9173871277617676,1.0,73.95180769737321,88.68614844298773,88.7824082382605,75.05627127354688
فایرا,1396,آلومینیوم ایران,0.8826104529535382,0.1340920353324397,1.0,1.0,0.8329925017041601,1.0,0.9239130434782608,1.0,62.924725696327975,84.67010041835499,84.71419293149887,64.4823528976257
فایرا,1398,آلومینیوم ایران,0.999999617362388,0.0189897794393701,0.8790836746232177,0.8571428571428571,0.4448865897333848,0.9683801565939821,0.9158316633266532,0.7698565638407119,51.0830199631952,73.17713627578206,72.43974094638318,52.662743839565586
فایرا,1399,آلومینیوم ایران,0.9999995318826572,0.1379787850793966,0.6899118691916242,0.75,0.504157218442935,0.8072172225435126,0.9044289044289044,0.5992144309228099,51.16742600789059,67.411349531148,66.64616672350718,51.82157340049282
فایرا,1400,آلومینیوم ایران,0.9999999398516696,8.322794419858075e-09,0.2825207880325874,0.7272727272727273,0.1738035264483709,0.7090437674999137,0.902264600715137,0.2222830373187814,34.30759957095829,50.21485494327478,48.665948885673146,33.69068966835722
فایرا,1401,آلومینیوم ایران,0.8826104529535383,1.4594486272574945e-06,0.8458429699479919,0.8518518518518519,0.7796610169491517,0.7867145396987795,0.8276595744680851,0.5468684587728107,48.27598206393104,69.01512905113546,68.77287528007894,49.859322434692174
فباهنر,1392,مس  شهیدباهنر,0.651185886718485,0.0868254272360079,0.965814179610077,1.0,0.910274454609426,0.9252738376407008,0.9400665926748056,0.7115714894586079,54.98701173821496,77.38764834935138,77.40173323668671,56.83960547031168
فباهنر,1393,مس  شهیدباهنر,0.707548045216801,0.4046052432191417,0.7900412363553841,1.0,0.9522237587545144,0.9252738376407008,0.9822660098522168,0.4826268429504711,64.83927269313385,78.05731217486537,77.68580007144882,65.40225660785723
فباهنر,1394,مس  شهیدباهنر,0.0,1.6439380567811723e-09,1.0,0.8181818181818182,0.8782521201667389,0.9252738376407008,0.9726166328600404,0.1644427147373745,35.2160231489434,59.48458906538263,59.1176451821374,38.45174549851962
فباهنر,1395,مس  شهیدباهنر,0.8745812366634849,0.4064046745807681,1.0,1.0,0.8965188364329985,1.0,0.9692603266090298,1.0,74.16453042196301,89.3345634285785,89.38071652151413,75.25429322101272
فباهنر,1396,مس  شهیدباهنر,0.8826104529535382,0.1340920353324397,1.0,1.0,0.8329925017041601,1.0,0.9755434782608696,1.0,63.13645288884313,85.31548085313759,85.30970116089065,64.67944811194369
فباهنر,1398,مس  شهیدباهنر,0.999999753253792,0.0189897794393701,0.8902217078148614,0.8571428571428571,0.4448865897333848,0.9683801565939821,0.9729458917835672,0.7761233083250915,51.4685621572588,74.10862555108633,73.32764087056303,53.084354032616645
فباهنر,1399,مس  شهیدباهنر,0.9999995150796726,0.1379787850793966,0.7267452089928788,0.8333333333333334,0.4358600583090337,0.8072172225435126,0.9627039627039627,0.6231703086821065,51.86391235937149,69.08760493404871,68.28018451366935,52.684452450257716
فباهنر,1400,مس  شهیدباهنر,0.999999933486886,8.322794419858075e-09,0.4249002283627632,0.8181818181818182,0.0600035984166947,0.7090437674999137,0.9618593563766388,0.3141013485221199,36.09268549299608,53.60112573962037,52.084952604232114,36.16068489429974
فباهنر,1401,مس  شهیدباهنر,0.8826104529535383,1.4594486272574945e-06,0.958960061908046,0.8888888888888888,0.7507846829880711,0.7867145396987795,0.9212765957446808,0.6730706420518029,50.85031144615826,73.27884154603043,73.12289484853302,52.89094424159531
فجام,1392,جام دارو,0.651185886718485,0.0868254272360079,0.9911096407484862,1.0,0.910274454609426,0.9252738376407008,0.9100998890122086,0.6877739063453807,54.7994441113209,77.03178802888368,77.0585696241695,56.81046782965178
فجام,1393,جام دارو,0.707548045216801,0.5043074039983336,0.2099135511460178,1.0,0.9522237587545144,0.9252738376407008,0.9211822660098522,0.8675936381676579,68.17640587452324,76.10053126167347,75.97197401204515,65.29873154443051
فجام,1394,جام دارو,0.0,1.6439380567811723e-09,1.0,0.8181818181818182,0.8782521201667389,0.9252738376407008,0.9198782961460448,0.1644427147373745,34.999752648464586,58.825359856457695,58.50935835190141,38.25042095377804
فجام,1395,جام دارو,0.8745812366634849,0.4064046745807681,1.0,1.0,0.8965188364329985,1.0,0.9221902017291066,1.0,73.97150424594633,88.74618686757947,88.83780715337657,75.07460663905296
فجام,1396,جام دارو,0.8826104529535382,0.1340920353324397,1.0,1.0,0.8329925017041601,1.0,0.9311594202898552,1.0,62.95444179352309,84.76068012849991,84.79777303386965,64.51001538384577
فجام,1397,جام دارو,0.8537952352165674,2.685766663480101e-09,1.0,1.0,1.0,0.9999965723473314,0.9452697419859264,1.0,59.30432178341745,84.98826940294491,85.21166978814341,60.95742336537481
فجام,1398,جام دارو,0.9999997822916384,7.276199987733763e-06,0.9317837088282012,0.7857142857142857,0.4975755699989719,0.9727533426907408,0.9168336673346692,0.7995079073946593,51.10172880874808,73.80219425566442,73.13180995566522,52.948497654748714
فجام,1399,جام دارو,0.9999995341478602,5.916296967831946e-10,0.7293403262120166,0.75,0.504157218442935,0.5391137764250122,0.9230769230769232,0.6248581358302328,44.90914709431668,63.381823934082625,63.04455823432812,46.08565051744241
فجام,1400,جام دارو,0.999999841025715,0.821552169202148,0.9999996090707612,0.7272727272727273,0.1738035264483709,0.5768832899498879,0.9201430274135876,0.684974093830298,75.53822236840966,73.8078535526687,73.17283062865502,77.05246968360302
فجام,1401,جام دارو,0.8826104529535383,0.6823128763338973,0.9093887855702985,0.8518518518518519,0.7796610169491517,0.629630686446579,0.8638297872340426,0.5879531559157908,74.62123264480391,77.34048266568938,77.30295153467436,75.53093562676942
فجر,1392,فولاد امیرکبیرکاشان,0.651185886718485,0.0868254272360079,0.8685707277832719,1.0,0.910274454609426,0.9252738376407008,0.9522752497225304,0.765293967782554,54.88024247781269,76.9962443936622,77.0187547560311,56.184014906214365
فجر,1393,فولاد امیرکبیرکاشان,0.707548045216801,0.4046052432191417,0.7668660885245019,1.0,0.9522237587545144,0.9252738376407008,0.9645320197044336,0.4980056338901234,64.75682767439301,77.73818283687771,77.39150090631158,65.19274900276994
فجر,1394,فولاد امیرکبیرکاشان,0.0,1.6439380567811723e-09,1.0,0.8181818181818182,0.8782521201667389,0.9252738376407008,0.9543610547667344,0.1644427147373745,35.14116028339304,59.2563943392163,58.907084356286475,38.38205623303215
فجر,1395,فولاد امیرکبیرکاشان,0.8745812366634849,0.4064046745807681,1.0,1.0,0.8965188364329985,1.0,0.9759846301633044,1.0,74.19210558996538,89.41861722300695,89.45827500267663,75.27996273272124
فجر,1396,فولاد امیرکبیرکاشان,0.8826104529535382,0.1340920353324397,1.0,1.0,0.8329925017041601,1.0,0.9846014492753624,1.0,63.17359801033702,85.42870549081876,85.41417628885412,64.71402621971876
فجر,1398,فولاد امیرکبیرکاشان,0.9999998020989302,0.0189897794393701,0.6104499019548131,0.7857142857142857,0.4975755699989719,0.9683801565939821,0.9649298597194388,0.6187114573194971,47.63640628401592,68.30938516049112,67.26312644984166,47.935377540100674
فجر,1399,فولاد امیرکبیرکاشان,0.9999998683954352,0.1379787850793966,0.9999998051128772,0.75,0.504157218442935,0.8072172225435126,0.972027972027972,0.8008911924558253,55.94974794628944,74.65340080072443,74.17575323837677,58.017151104474415
فجر,1400,فولاد امیرکبیرکاشان,0.999999980386604,8.322794419858075e-09,0.0,0.7272727272727273,0.1738035264483709,0.7090437674999137,0.9702026221692492,0.0,30.067823497385994,44.75403290124574,42.774922693577025,28.158268888335268
فجر,1401,فولاد امیرکبیرکاشان,0.8826104529535383,1.4594486272574945e-06,0.8687266601667346,0.8518518518518519,0.7796610169491517,0.7867145396987795,0.8723404255319149,0.7314098410441796,50.613406188318436,72.16645309555972,72.09689525876604,52.15032014096141
فخاس,1392,فولاد خراسان,0.651185886718485,0.0868254272360079,0.9776716260477566,1.0,0.910274454609426,0.9252738376407008,0.972253052164262,0.680350029056835,54.87322016220488,77.54792891841842,77.50085590970835,56.803472636327655
فخاس,1393,فولاد خراسان,0.707548045216801,0.5580499091233224,0.7635554857263436,1.0,0.9522237587545144,0.9252738376407008,0.9753694581280788,0.5002025160282066,70.69585826422417,79.7777876327246,79.40819374837767,70.87668980720204
فخاس,1394,فولاد خراسان,0.0,1.6439380567811723e-09,1.0,0.8181818181818182,0.8782521201667389,0.9252738376407008,0.9655172413793104,0.1644427147373745,35.18690981234048,59.39584667187351,59.0357604165287,38.42464411749671
فخاس,1395,فولاد خراسان,0.8745812366634849,0.4064046745807681,1.0,1.0,0.8965188364329985,1.0,0.967339097022094,1.0,74.15665180253374,89.31054805874182,89.35855695546769,75.24695907481028
فخاس,1396,فولاد خراسان,0.8826104529535382,0.1340920353324397,1.0,1.0,0.8329925017041601,1.0,0.9846014492753624,1.0,63.17359801033702,85.42870549081876,85.41417628885412,64.71402621971876
فخاس,1397,فولاد خراسان,0.9999999327812064,2.685766663480101e-09,1.0,1.0,1.0,0.999999312727376,0.980453479280688,1.0,61.49571430506118,87.25565909343797,87.36280438884383,63.02069089097117
فخاس,1398,فولاد خراسان,0.9999995253949944,0.6070718600490846,0.874808143898724,0.7857142857142857,0.4975755699989719,0.6510579278923225,0.9298597194388778,0.7674509633074311,71.7801033124847,76.41922494618365,76.09006449843622,72.5964956611643
فخاس,1399,فولاد خراسان,0.4260058995367408,0.1183363010222552,0.8821703278048985,0.75,0.504157218442935,0.3595192761251855,0.9207459207459208,0.7242565845146901,42.55441129022112,58.56489410240783,58.976807955858256,44.81261841360768
فخاس,1400,فولاد خراسان,0.9999995232381312,3.460137057125465e-16,0.0,0.7272727272727273,0.1738035264483709,0.6577620196295748,0.9189511323003576,0.0400897264247878,29.98094836307278,43.97348319142438,42.16311757670369,28.07894777123976
فخاس,1401,فولاد خراسان,0.8826104529535383,0.5583756649413316,0.9999995189360236,0.8518518518518519,0.7796610169491517,0.1620448355569977,0.8787234042553191,0.646536313622989,68.43209853040881,71.99753823834003,72.73751100133501,70.1816868348714
فرآور,1392,فرآوری موادمعدنی ایران,0.651185886718485,0.0868254272360079,0.7948238991270838,1.0,0.910274454609426,0.9252738376407008,0.9889012208657048,0.5793351754955492,52.4772681972961,74.20774877116196,73.95657626915879,53.54343906355841
فرآور,1393,فرآوری موادمعدنی ایران,0.707548045216801,0.4046052432191417,0.8908712882111429,1.0,0.9522237587545144,0.9252738376407008,0.9891625615763546,0.415717052374823,64.90984858813822,78.56752233741848,78.1558470775233,66.04556593532452
فرآور,1394,فرآوری موادمعدنی ایران,0.0,1.6439380567811723e-09,0.5298998965465853,1.0,0.9522237587545144,0.9252738376407008,0.9898580121703854,0.5572382809805891,38.25544950564435,61.931172346708905,61.96292893779265,38.60072859616188
فرآور,1395,فرآوری موادمعدنی ایران,0.8745812366634849,0.4064046745807681,1.0,1.0,0.8965188364329985,1.0,0.9798270893371758,1.0,74.20786282882388,89.46664796268034,89.5025941347695,75.29463102512612
فرآور,1396,فرآوری موادمعدنی ایران,0.8826104529535382,0.1340920353324397,1.0,1.0,0.8329925017041601,1.0,0.9855072463768116,1.0,63.17731252248642,85.44002795458687,85.42462380165048,64.71748403049627
فرآور,1398,فرآوری موادمعدنی ایران,0.9999997349561944,0.0189897794393701,0.9202861665807625,0.7857142857142857,0.4975755699989719,0.9683801565939821,0.9258517034068136,0.7930388873959475,51.68569181608815,73.8729535510791,73.18657250269126,53.449337487678505
فرآور,1399,فرآوری موادمعدنی ایران,0.999999390715652,0.1379787850793966,0.6608449993414418,0.75,0.504157218442935,0.8072172225435126,0.9557109557109558,0.5803097542159575,50.95542520795702,67.45272907562314,66.60493702527566,51.460768598305826
فرآور,1400,فرآوری موادمعدنی ایران,0.9999998303729134,8.322794419858075e-09,0.670480758852959,0.7272727272727273,0.1738035264483709,0.7090437674999137,0.9404052443384984,0.4724724554862958,40.07755729314209,58.66847898243092,57.521782297459744,41.24372685869426
فرآور,1401,فرآوری موادمعدنی ایران,0.8826104529535383,1.4594486272574945e-06,0.635367428440903,0.8518518518518519,0.7796610169491517,0.7867145396987795,0.9085106382978724,0.4107883125957589,45.5583477008484,65.69382125295604,65.13488726965029,46.14584285866345
فسازان,1394,غلتک سازان سپاهان,0.0,1.6439380567811723e-09,1.0,0.8181818181818182,0.8782521201667389,0.9252738376407008,0.0,0.1644427147373745,31.227496034343766,47.326881154632126,47.899432293746635,34.738856298381734
فسازان,1395,غلتک سازان سپاهان,0.8745812366634849,0.4064046745807681,1.0,1.0,0.8965188364329985,1.0,0.297790585975024,1.0,71.41095293143975,80.94119167065344,81.63594818828662,72.69100912326056
فسازان,1396,غلتک سازان سپاهان,0.8826104529535382,0.1340920353324397,1.0,1.0,0.8329925017041601,1.0,0.6748188405797102,1.0,61.90323485524607,81.5564228821231,81.84112691250344,63.531454933810934
فسازان,1398,غلتک سازان سپاهان,0.9999996280492832,2.872656421859879e-05,0.8131624123460629,0.7857142857142857,0.4975755699989719,0.9683801565939821,0.9529058116232464,0.7327663792748552,49.61265342285748,71.88166212706133,71.05944758949751,50.8948701368365
فسازان,1399,غلتک سازان سپاهان,0.9999998523188972,0.5252301827261846,0.7319015248208858,0.75,0.504157218442935,0.5777208890800305,0.9254079254079254,0.6265239027990281,65.36867746934747,70.51176869494859,70.0728066564722,65.73873379213389
فسازان,1400,غلتک سازان سپاهان,0.9999995232388152,0.5658435380518926,0.5614804363060832,0.7272727272727273,0.1738035264483709,0.6670075820185597,0.930870083432658,0.4021798239542122,59.95153648387743,62.8557155090415,61.60590553428982,59.77793939841322
فسازان,1401,غلتک سازان سپاهان,0.8826104529535383,8.361827881651431e-10,1.0,0.8518518518518519,0.7796610169491517,0.5858255721410365,0.9297872340425531,0.6465367433754426,49.72475543329687,70.95341090187198,71.0786432403444,52.093548868359576
فسبزوار,1399,پارس فولاد سبزوار,0.9999995341483116,0.1379787850793966,0.5079851188247173,0.5833333333333334,0.5444897959183628,0.8072172225435126,0.7517482517482518,0.4808918727064829,46.98834075250116,60.17054892877961,59.30248602792396,46.89218835385608
فسبزوار,1400,پارس فولاد سبزوار,0.9999997865631266,8.322794419858075e-09,0.9999986763378262,0.7272727272727273,0.1738035264483709,0.7090437674999137,0.9618593563766388,0.6849734923251741,44.933465507349204,65.71189176433214,64.91738431023606,47.6172131726168
فسبزوار,1401,پارس فولاد سبزوار,0.8826104529535383,1.4594486272574945e-06,0.8652556311443493,0.925925925925926,0.7657384987893442,0.7867145396987795,1.0,0.7336539884323693,51.58349398167764,74.49875620491167,74.33036272848996,53.040677854041604
فسرب,1392,ملی  سرب وروی  ایران,0.651185886718485,0.0868254272360079,0.962957112167994,1.0,0.910274454609426,0.9252738376407008,0.9733629300776916,0.67222094542084,54.67946533192527,77.27625742338932,77.21298172432085,56.5402467248612
فسرب,1393,ملی  سرب وروی  ایران,0.707548045216801,0.7254112546819527,0.9500916330728526,1.0,0.9522237587545144,0.9252738376407008,0.993103448275862,0.376419037550998,77.27754008901762,82.87588768992103,82.41241396725961,78.26222663686008
فسرب,1394,ملی  سرب وروی  ایران,0.0,1.6439380567811723e-09,0.8031939669035519,1.0,0.9522237587545144,0.9252738376407008,0.988843813387424,0.0,34.32982351553736,58.36919222912662,57.89057879195415,36.54205414855332
فسرب,1395,ملی  سرب وروی  ایران,0.8745812366634849,0.4064046745807681,1.0,1.0,0.8965188364329985,1.0,0.968299711815562,1.0,74.16059111224837,89.32255574366017,89.36963673849093,75.25062614791149
فسرب,1396,ملی  سرب وروی  ایران,0.8826104529535382,0.1340920353324397,1.0,1.0,0.8329925017041601,1.0,0.9846014492753624,1.0,63.17359801033702,85.42870549081876,85.41417628885412,64.71402621971876
فسرب,1397,ملی  سرب وروی  ایران,0.999999999179822,2.685766663480101e-09,1.0,1.0,1.0,0.9999959028670384,0.986708365910868,1.0,61.52134498356231,87.33380338304369,87.43491170521705,63.04455061936069
فسرب,1398,ملی  سرب وروی  ایران,0.999999193292616,2.0506796511890616e-10,0.965363018994937,0.7857142857142857,0.4975755699989719,0.9304221013018666,0.9198396793587176,0.8184010955505846,51.31643427345852,73.96643680521309,73.38946363781443,53.34135087140767
فسرب,1399,ملی  سرب وروی  ایران,0.9999998995616391,0.415986631412122,0.3270187946252094,0.75,0.504157218442935,0.4491499586504967,0.9627039627039627,0.3631939619423607,54.67159747511177,59.65263034173407,58.91308419561723,53.391916919874994
فسرب,1400,ملی  سرب وروی  ایران,0.9999995802406084,0.3938535098203797,0.9543587997780602,0.7272727272727273,0.1738035264483709,0.5179899847816084,0.934445768772348,0.6555410378954567,58.14977370657359,66.96581168761949,66.38849766176486,60.128633305202584
فسرب,1401,ملی  سرب وروی  ایران,0.8826104529535383,6.75560200588985e-10,0.97156807146339,0.8518518518518519,0.7796610169491517,0.4042509820162908,0.8276595744680851,0.664919102110355,48.20123020987197,67.28151315610279,67.77767627803951,50.52932437385854
فسپا,1392,گروه صنعتی سپاهان,0.651185886718485,0.0868254272360079,0.7285559423769984,1.0,0.910274454609426,0.9252738376407008,0.9078801331853495,0.842645615967744,54.47236940477458,75.6580162216839,75.75252104442733,55.003491458335084
فسپا,1393,گروه صنعتی سپاهان,0.707548045216801,0.4046052432191417,0.4390706201493607,1.0,0.9522237587545144,0.9252738376407008,0.930049261083744,0.7155273522365821,64.47792232009266,75.92872647876057,75.72426526883459,63.05532290042871
فسپا,1394,گروه صنعتی سپاهان,0.0,1.6439380567811723e-09,1.0,0.8181818181818182,0.8782521201667389,0.9252738376407008,0.920892494929006,0.1644427147373745,35.003911696550716,58.83803734124471,58.521056175559785,38.25429257963846
فسپا,1395,گروه صنعتی سپاهان,0.8745812366634849,0.4064046745807681,1.0,1.0,0.8965188364329985,1.0,0.92507204610951,1.0,73.98332217509022,88.78220992233452,88.87104650244623,75.08560785835662
فسپا,1396,گروه صنعتی سپاهان,0.8826104529535382,0.1340920353324397,1.0,1.0,0.8329925017041601,1.0,0.927536231884058,1.0,62.93958374492553,84.71539027342745,84.75598298268426,64.49618414073575
فسپا,1398,گروه صنعتی سپاهان,0.99999929055578,0.0189897794393701,0.0005501901959156,0.7857142857142857,0.4975755699989719,0.9683801565939821,0.9128256513026052,0.2755552116048311,39.13642780702631,55.74487669257178,54.114848226062584,36.588815629044866
فسپا,1399,گروه صنعتی سپاهان,0.9999999585809608,0.1379787850793966,0.0517019502268357,0.75,0.504157218442935,0.8072172225435126,0.9114219114219114,0.1841318213634581,41.92389076621195,54.33261084573763,52.83448800423257,39.62792292195519
فسپا,1400,گروه صنعتی سپاهان,0.999999963216133,8.322794419858075e-09,0.8977402590304762,0.7272727272727273,0.1738035264483709,0.7090437674999137,0.9129916567342072,0.619028611788253,43.253451462374656,62.998506503910946,62.1354774933262,45.47821524303532
فسپا,1401,گروه صنعتی سپاهان,0.8826104529535383,1.4594486272574945e-06,0.7374021193163384,0.8518518518518519,0.7796610169491517,0.7867145396987795,0.8404255319148937,0.4767574772314127,46.75733441767812,66.94280561705742,66.565298572277,47.83578448555108
فلامی,1392,لامیران,0.9517440033341577,0.0868254272360079,0.6318780748228943,1.0,0.910274454609426,0.9252738376407008,0.9378468368479468,0.4893151962608512,54.28017897224491,74.16447288439981,73.62594644691463,54.352101273202415
فلامی,1393,لامیران,0.707548045216801,0.881045944073096,0.8282459961230821,1.0,0.9522237587545144,0.9252738376407008,0.9763546798029556,0.2293261566486007,80.69024210702813,81.25023022824689,80.57464866457447,80.93612200004645
فلامی,1394,لامیران,0.0,8.959242273517764e-10,0.944373633368267,1.0,0.9522237587545144,0.9252738376407008,0.9685598377281948,0.1179636988455401,36.57847683134619,61.35493459041427,61.085803898581744,39.42712704364081
فلامی,1395,لامیران,0.8745812366634849,0.4064046745807681,1.0,1.0,0.8965188364329985,0.4344922202395328,0.957732949087416,1.0,70.73000838378714,82.1216239625525,82.99918941576856,72.10959734752237
فلامی,1396,لامیران,0.8826104529535382,0.1340920353324397,1.0,1.0,0.8329925017041601,0.5779311583391522,0.9329710144927535,1.0,60.43378390050525,79.50746453527555,80.15502473977382,62.20271870985883
فلامی,1399,لامیران,0.9999997697308828,0.1379787850793966,0.566938229890529,0.8333333333333334,0.4358600583090337,0.8072172225435126,0.921911421911422,0.5192341335452549,49.374880939702635,65.28091192929206,64.33105893895659,49.46877246185523
فلامی,1400,لامیران,0.999999523238398,8.748377552674182e-10,0.9045334300546212,0.8181818181818182,0.0600035984166947,0.7090437674999137,0.9201430274135876,0.6234094232994234,42.86161695764851,62.94143236224119,62.008352123902874,45.15921532769954
فلامی,1401,لامیران,0.8826104529535383,0.624782064801156,0.9999987144287484,0.925925925925926,0.7657384987893442,0.7867145396987795,0.848936170212766,0.6465357934795709,75.05182817994583,81.01552700362286,80.89570721073109,76.36859883110012
فلوله,1392,لوله وماشین سازی ایران,0.651185886718485,0.0868254272360079,0.9733369601790168,1.0,0.910274454609426,0.9252738376407008,0.9156492785793564,0.7074155035443022,54.89901347627624,77.1245168563412,77.16062344817215,56.80071634341306
فلوله,1393,لوله وماشین سازی ایران,0.707548045216801,0.4046052432191417,0.576376665699821,1.0,0.9522237587545144,0.9252738376407008,0.9270935960591132,0.6244124655191358,64.52339632435401,76.46917015136535,76.2219430995875,63.88421990547436
فلوله,1394,لوله وماشین سازی ایران,0.0,1.6439380567811723e-09,1.0,0.8181818181818182,0.8782521201667389,0.9252738376407008,0.9259634888438134,0.1644427147373745,35.024706936981374,58.90142476517979,58.57954529385171,38.273650708940536
فلوله,1395,لوله وماشین سازی ایران,0.8745812366634849,0.4064046745807681,1.0,1.0,0.8965188364329985,1.0,0.9125840537944284,1.0,73.93211114880009,88.62611001839599,88.72700932314443,75.03793590804078
فلوله,1396,لوله وماشین سازی ایران,0.8826104529535382,0.1340920353324397,1.0,1.0,0.8329925017041601,1.0,0.9719202898550724,1.0,63.12159484024558,85.27019099806512,85.26791110970527,64.66561686883364
فلوله,1398,لوله وماشین سازی ایران,0.9999998188354978,0.0189897794393701,0.9923145882468252,0.8571428571428571,0.4448865897333848,0.9683801565939821,0.995991983967936,0.8335652268696905,52.95013896819887,76.39088751036928,75.69378533351588,55.03836925191711
فلوله,1399,لوله وماشین سازی ایران,0.0,0.1379787850793966,0.6813159740521335,0.8333333333333334,0.4358600583090337,0.8072172225435126,0.9254079254079254,1.0,41.41292450164373,60.263916234066684,60.45816583659644,42.50823708597123
فلوله,1400,لوله وماشین سازی ایران,0.999970972247572,8.322794419858075e-09,0.9789085912976052,0.8181818181818182,0.0600035984166947,0.7090437674999137,1.0,0.6713728208585825,44.264861256453344,65.46851971031226,64.54248778142365,46.883754715522066
فلوله,1401,لوله وماشین سازی ایران,0.8826104529535383,1.4594486272574945e-06,0.7369580212208191,0.8888888888888888,0.7507846829880711,0.7867145396987795,0.9446808510638298,0.4764703515477228,47.16028772854186,68.33886559762847,67.84929003810312,48.21169984943007
فمراد,1392,آلومراد,0.651185886718485,0.0868254272360079,0.0,1.0,0.910274454609426,0.9252738376407008,0.9567147613762486,0.1402319876710412,41.633503763979746,58.38132944064887,57.343947523918104,38.97321418521201
فمراد,1393,آلومراد,0.707548045216801,0.8850385393334784,0.9777555861701928,1.0,0.9522237587545144,0.9252738376407008,0.9477832512315272,0.3580615213723342,83.23683260085939,84.42105674649436,83.97807910354965,84.1494918832678
فمراد,1394,آلومراد,0.0,1.6439380567811723e-09,1.0,0.8181818181818182,0.8782521201667389,0.9252738376407008,0.9158215010141988,0.1644427147373745,34.983116456120065,58.77464991730961,58.46256705726787,38.234934450336375
فمراد,1395,آلومراد,0.8745812366634849,0.4064046745807681,1.0,1.0,0.8965188364329985,1.0,0.8914505283381364,1.0,73.84544633507832,88.36194095019235,88.48325409663369,74.95726029981395
فمراد,1396,آلومراد,0.8826104529535382,0.1340920353324397,1.0,1.0,0.8329925017041601,1.0,0.927536231884058,1.0,62.93958374492553,84.71539027342745,84.75598298268426,64.49618414073575
فمراد,1397,آلومراد,0.9999998154629616,2.685766663480101e-09,1.0,1.0,1.0,0.9999993438479976,0.950742767787334,1.0,61.37387452694226,86.88427412230075,87.02011837772349,62.90727115745255
فمراد,1398,آلومراد,0.9999937296405204,8.515751046061262e-11,0.0,0.7857142857142857,0.4975755699989719,0.9880208709345694,0.9188376753507014,0.2752456505435298,38.541506451093255,55.81734727834671,54.15412958047887,36.008514991417876
فمراد,1399,آلومراد,0.9999999313443824,0.0746460257239019,0.2510080174805458,0.75,0.504157218442935,0.0916258680905957,0.9102564102564102,0.3137576388858053,38.09500530215567,48.69313887780721,48.466487557965245,37.17887909575623
فمراد,1400,آلومراد,0.5050738546685754,0.3106642440358915,0.5834072519176087,0.7272727272727273,0.1738035264483709,0.28483888394735,0.965435041716329,0.4163200900969116,41.38668183259397,49.58519525129705,49.18215785070132,42.28602629503232
فمراد,1401,آلومراد,0.8826104529535383,1.6862872405028688e-06,0.398189056209681,0.8518518518518519,0.7796610169491517,0.3548291603103168,0.9659574468085106,0.2574438083737665,39.771012019142084,56.13180599680072,55.87498653299765,39.464708321623895
فملی,1392,ملی  صنایع  مس  ایران,0.651185886718485,0.0868254272360079,0.8584658749715908,1.0,0.910274454609426,0.9252738376407008,0.9134295227524972,0.7708764283590159,54.70464592575779,76.45414290359655,76.51627708656333,55.96275706313955
فملی,1393,ملی  صنایع  مس  ایران,0.707548045216801,0.4046052432191417,0.7738439066044911,1.0,0.9522237587545144,0.9252738376407008,0.922167487684729,0.4933752252191555,64.58602522336774,77.23796880424418,76.92989029169297,65.07372314888407
فملی,1394,ملی  صنایع  مس  ایران,0.0,1.6439380567811723e-09,1.0,0.8181818181818182,0.8782521201667389,0.9252738376407008,0.924949290060852,0.1644427147373745,35.020547888895244,58.88874728039277,58.56784747019332,38.26977908308012
فملی,1395,ملی  صنایع  مس  ایران,0.8745812366634849,0.4064046745807681,1.0,1.0,0.8965188364329985,1.0,0.915465898174832,1.0,73.94392907794398,88.66213307315104,88.76024867221408,75.04893712734444
فملی,1396,ملی  صنایع  مس  ایران,0.8826104529535382,0.1340920353324397,1.0,1.0,0.8329925017041601,1.0,0.9356884057971014,1.0,62.97301435427003,84.81729244734049,84.8500105978514,64.5273044377333
فملی,1398,ملی  صنایع  مس  ایران,0.9999997766248891,0.0189897794393701,0.8734133369843561,0.7857142857142857,0.4975755699989719,0.9683801565939821,0.9128256513026052,0.766666183949443,50.99544496227637,72.79455925759879,72.07202795301882,52.542877851390124
فملی,1399,ملی  صنایع  مس  ایران,0.9999995684866642,0.1379787850793966,0.7976166600199474,0.75,0.504157218442935,0.8072172225435126,0.902097902097902,0.6692640874865636,52.72265409948669,69.60414305196151,68.96376336592166,53.87499124412592
فملی,1400,ملی  صنایع  مس  ایران,0.999999997079146,8.322794419858075e-09,0.4969204558890571,0.7272727272727273,0.1738035264483709,0.7090437674999137,0.9046483909415972,0.3605460855474206,37.41961223982825,54.652936987512845,53.344362626231614,37.79338949934356
فملی,1401,ملی  صنایع  مس  ایران,0.8826104529535383,1.4594486272574945e-06,0.9165880420086,0.8148148148148148,0.8108474576271164,0.7867145396987795,0.8340425531914893,0.5926077388733889,49.37075750799943,70.47783823270444,70.32284889141495,51.2730143260682
فنوال,1392,نورد آلومینیوم,0.651185886718485,0.0868254272360079,0.3472513180872515,1.0,0.910274454609426,0.9252738376407008,0.9378468368479468,1.0,53.407984622011305,73.23322201424773,73.31842793488215,51.83599466077335
فنوال,1393,نورد آلومینیوم,0.707548045216801,0.4046052432191417,0.6457654363916758,1.0,0.9522237587545144,0.9252738376407008,0.9458128078817734,0.5783667873721547,64.62926641661149,76.99494895595952,76.70658527445839,64.38027113629774
فنوال,1394,نورد آلومینیوم,0.0,1.6439380567811723e-09,1.0,0.8181818181818182,0.8782521201667389,0.9252738376407008,0.9350912778904664,0.1644427147373745,35.06213836975655,59.01552212826295,58.68482570677717,38.30849534168427
فنوال,1395,نورد آلومینیوم,0.8745812366634849,0.4064046745807681,1.0,1.0,0.8965188364329985,1.0,0.9193083573487032,1.0,73.95968631680248,88.71016381282443,88.80456780430693,75.06360541974931
فنوال,1396,نورد آلومینیوم,0.8826104529535382,0.1340920353324397,1.0,1.0,0.8329925017041601,1.0,0.9329710144927535,1.0,62.96187081782186,84.78332505603615,84.81866805946234,64.51693100540079
فنوال,1398,نورد آلومینیوم,0.9999992030623388,0.0189897794393701,0.9332717076054108,0.7857142857142857,0.4975755699989719,0.9683801565939821,0.9148296593186372,0.8003451205694987,51.816910833366904,73.98881852878118,73.32658527126361,53.64460234834798
فنوال,1399,نورد آلومینیوم,0.9999995832678672,0.1379787850793966,0.7625391475173268,0.75,0.504157218442935,0.8072172225435126,0.8974358974358975,0.6464501747068064,52.193913415491224,68.82222536242178,68.14643608712437,53.18553545044586
فنوال,1400,نورد آلومینیوم,0.9999999358792704,8.322794419858075e-09,0.4474170038579095,0.7272727272727273,0.1738035264483709,0.7090437674999137,0.9046483909415972,0.3286220707198942,36.70332571492611,53.63509288678097,52.27049591039694,36.84820397827368
فنوال,1401,نورد آلومینیوم,0.8826104529535383,1.4594486272574945e-06,0.825333953239803,0.8518518518518519,0.7796610169491517,0.7867145396987795,0.8382978723404255,0.5336086283354392,48.02249068111797,68.72599718522021,68.45021960192935,49.50801237269159
فنورد,1392,نوردوقطعات  فولادی,0.651185886718485,0.0868254272360079,0.9590277467260624,1.0,0.910274454609426,0.9252738376407008,0.9112097669256382,0.7153206775700885,54.85772985238575,76.98897246783012,77.03234248841746,56.680441841000814
فنورد,1393,نوردوقطعات  فولادی,0.707548045216801,6.637716069805307e-10,0.6601303424946747,1.0,0.9522237587545144,0.9252738376407008,0.9310344827586208,0.5688343826842599,49.02808668508699,71.81306062766679,71.56991099818997,49.47992540935894
فنورد,1394,نوردوقطعات  فولادی,0.0,1.6439380567811723e-09,1.0,0.8181818181818182,0.8782521201667389,0.9252738376407008,0.9148073022312372,0.1644427147373745,34.97895740803393,58.76197243252259,58.45086923360947,38.23106282447597
فنورد,1395,نوردوقطعات  فولادی,0.8745812366634849,0.4064046745807681,1.0,1.0,0.8965188364329985,1.0,0.9135446685878964,1.0,73.93605045851473,88.63811770331435,88.73808910616764,75.04160298114199
فنورد,1396,نوردوقطعات  فولادی,0.8826104529535382,0.1340920353324397,1.0,1.0,0.8329925017041601,1.0,0.9284420289855072,1.0,62.94329825707492,84.72671273719557,84.7664304954806,64.49964195151325
فنورد,1397,نوردوقطعات  فولادی,0.999998878204996,2.685766663480101e-09,1.0,1.0,1.0,0.9999995438650662,0.9382329945269742,1.0,61.32256225586372,86.72789274103503,86.87582099755129,62.85950479110449
فنورد,1398,نوردوقطعات  فولادی,0.9999992705082724,6.556024450127277e-11,0.9131752272026534,0.7857142857142857,0.4975755699989719,0.9374658824425074,0.9118236472945892,0.7890379619758334,50.616712746558456,72.93489806503342,72.3011922485304,52.39549221854758
فنورد,1399,نوردوقطعات  فولادی,0.9999996385064227,0.9397188917636308,0.4709620350008763,0.75,0.504157218442935,0.1748210749093013,0.9347319347319348,0.4568125881468482,75.12895343123222,65.39004226877437,65.19299283912416,73.86536103081977
فنورد,1401,نوردوقطعات  فولادی,0.8826104529535383,1.4594486272574945e-06,0.94400949140466,0.8518518518518519,0.7796610169491517,0.7867145396987795,0.9680851063829788,0.682736733441631,51.051401403366825,73.69588315164023,73.51026426219066,52.98920582317107
فولاژ,1392,فولاد آلیاژی ایران,0.651185886718485,0.0868254272360079,0.8371886910358455,1.0,0.910274454609426,0.9252738376407008,0.9178690344062151,0.6027397500171374,52.756924552691586,74.14196352079773,74.0029670423401,54.042335530179855
فولاژ,1393,فولاد آلیاژی ایران,0.707548045216801,0.4046052432191417,0.8046687637199041,1.0,0.9522237587545144,0.9252738376407008,0.9211822660098522,0.4729201654809434,64.59491485924335,77.35527600052322,77.0379073933226,65.25858041507355
فولاژ,1394,فولاد آلیاژی ایران,0.0,1.6439380567811723e-09,1.0,0.8181818181818182,0.8782521201667389,0.9252738376407008,0.9219066937119677,0.1644427147373745,35.008070744636846,58.85071482603173,58.53275399921818,38.258164205498865
فولاژ,1395,فولاد آلیاژی ایران,0.8745812366634849,0.4064046745807681,1.0,1.0,0.8965188364329985,1.0,0.9164265129682996,1.0,73.94786838765859,88.67414075806938,88.77132845523728,75.05260420044566
فولاژ,1396,فولاد آلیاژی ایران,0.8826104529535382,0.1340920353324397,1.0,1.0,0.8329925017041601,1.0,0.927536231884058,1.0,62.93958374492553,84.71539027342745,84.75598298268426,64.49618414073575
فولاژ,1398,فولاد آلیاژی ایران,0.999999572681046,0.0189897794393701,0.9619993485372204,0.7857142857142857,0.4975755699989719,0.9683801565939821,0.9158316633266532,0.816508547474504,52.211328376152025,74.5624865470754,73.92915272335826,54.173511617134885
فولاژ,1399,فولاد آلیاژی ایران,0.4176228101400024,0.1379787850793966,0.7255270234775072,0.75,0.504157218442935,0.8072172225435126,0.9044289044289044,0.6223780182340545,43.53067719955072,60.8663747793289,60.46940457903951,44.819981335183826
فولاژ,1400,فولاد آلیاژی ایران,0.9999995232384638,8.322794419858075e-09,0.465639849514322,0.7272727272727273,0.1738035264483709,0.7090437674999137,0.9046483909415972,0.3403737036074149,36.96699373456062,54.00976871057006,52.66579461092953,37.19613295984111
فولاژ,1401,فولاد آلیاژی ایران,0.8826104529535383,1.4594486272574945e-06,0.9999995297649468,0.8518518518518519,0.7796610169491517,0.7867145396987795,0.8446808510638297,0.6465363206242846,50.57907204245683,72.40070027943763,72.31674751467695,52.870183877566525
فپنتا,1395,سپنتا,0.8745812366634849,0.4064046745807681,1.0,1.0,0.8965188364329985,1.0,0.9221902017291066,1.0,73.97150424594633,88.74618686757947,88.83780715337657,75.07460663905296
فپنتا,1396,سپنتا,0.8826104529535382,0.1340920353324397,1.0,1.0,0.8329925017041601,1.0,0.9338768115942028,1.0,62.965585329971255,84.79464751980426,84.8291155722587,64.5203888161783
فپنتا,1398,سپنتا,0.9999993340879564,0.0189897794393701,0.0,0.7857142857142857,0.4975755699989719,0.9683801565939821,0.9108216432865732,0.0,36.16524243289462,52.268509614014235,50.3318942806281,33.84189052648157
فپنتا,1399,سپنتا,0.9999999298781636,0.1379787850793966,0.0,0.75,0.504157218442935,0.8072172225435126,0.93006993006993,0.0,39.63313461413885,51.61778857517423,49.87443506657936,37.21677856948407
فپنتا,1400,سپنتا,0.999999732367365,8.322794419858075e-09,0.8643991274917089,0.7272727272727273,0.1738035264483709,0.7090437674999137,0.901072705601907,0.5975274288618501,42.722144289093286,62.16398779833297,61.27474009493652,44.79611998609997
قثابت,1392,قند ثابت  خراسان,0.8783252643589151,0.0868254272360079,0.8612072119767336,1.0,0.910274454609426,0.9252738376407008,0.904550499445061,0.7693619673328924,57.85296156537865,79.19773328249671,79.14006881632976,58.94540454232451
قثابت,1393,قند ثابت  خراسان,0.707548045216801,0.6445087307884267,0.8665274941334336,1.0,0.9522237587545144,0.9252738376407008,0.9241379310344828,0.254729366977788,71.94897479160278,78.43686455682685,77.876723120566,72.74547734080721
قثابت,1394,قند ثابت  خراسان,0.0,8.032753485508465e-10,0.9969682368328404,1.0,0.9522237587545144,0.9252738376407008,0.9178498985801216,0.1619095029358634,37.239218221634964,61.92781544434145,61.77840862027551,40.33718767223813
قثابت,1395,قند ثابت  خراسان,0.8745812366634849,0.4064046745807681,1.0,1.0,0.8965188364329985,0.983587737934658,0.9087415946205571,1.0,73.81804856039793,88.37292600290583,88.50134314813596,74.93327883911354
قثابت,1396,قند ثابت  خراسان,0.8826104529535382,0.1340920353324397,1.0,1.0,0.8329925017041601,0.9661111107195246,0.9284420289855072,1.0,62.74031227664758,84.30310162118963,84.39197572293061,64.31382846206795
قثابت,1399,قند ثابت  خراسان,0.9999989907753624,0.1379787850793966,0.8249318472952112,0.8333333333333334,0.4358600583090337,0.8072172225435126,0.9055944055944056,0.9147534010693557,55.50143200527824,73.24585054999514,72.86009875316219,56.604511522777386
قثابت,1400,قند ثابت  خراسان,0.999998055252253,0.6493249314894876,0.9705793675575066,0.7272727272727273,0.1738035264483709,0.7090437674999137,0.8963051251489869,0.6660014325761374,69.18867640694751,72.40411166556729,71.58232182256343,70.76836332593301
قثابت,1401,قند ثابت  خراسان,0.8826104529535383,2.2568628209606895e-10,0.8893428065287796,0.8888888888888888,0.794099183929693,0.7867145396987795,0.8404255319148937,0.7180807473620042,50.956005786128166,72.5020268937783,72.49055970176272,52.591190677868795
قرن,1398,پدیده شیمی قرن,0.99999987916443,0.0189897794393701,0.842482876295667,0.7857142857142857,0.4975755699989719,0.9683801565939821,0.9128256513026052,0.749263354330872,50.57521482472175,72.19039441050231,71.43570529949432,51.97753709092502
قرن,1399,پدیده شیمی قرن,0.999999849281487,0.1379787850793966,0.6300640856823609,0.5,0.5476190476190427,0.8072172225435126,0.9067599067599068,0.5602902879140913,48.75420928194373,63.624114810997476,62.70601324142079,49.21426844935194
قرن,1400,پدیده شیمی قرن,0.9999993211521642,8.322794419858075e-09,0.8821878283421164,0.7272727272727273,0.1738035264483709,0.7090437674999137,0.9046483909415972,0.6089990884413381,42.99419375716308,62.574433230262784,61.70186316620479,45.14940962928724
قرن,1401,پدیده شیمی قرن,0.8826104529535383,1.4594486272574945e-06,0.8277479745857896,0.8518518518518519,0.7796610169491517,0.7867145396987795,0.8723404255319149,0.5351693815483027,48.197065394608416,69.20121378209944,68.89528932498699,49.68409840050329
قزوین,1392,کارخانجات  قند قزوین,0.651185886718485,0.0868254272360079,0.809001819876118,1.0,0.910274454609426,0.9252738376407008,0.9322974472807992,0.5871678164169677,52.436220852323935,73.77533362223132,73.59341614325898,53.585067749517435
قزوین,1393,کارخانجات  قند قزوین,0.707548045216801,0.7997375392462422,0.6023387035212131,1.0,0.9522237587545144,0.9252738376407008,0.9211822660098522,0.6071843229011847,79.69265742102631,81.44360591613136,81.1585871161168,78.6027501796842
قزوین,1394,کارخانجات  قند قزوین,0.0,1.6439380567811723e-09,1.0,0.8181818181818182,0.8782521201667389,0.9252738376407008,0.9137931034482758,0.1644427147373745,34.9747983599478,58.74929494773558,58.43917140995109,38.22719119861555
قزوین,1395,کارخانجات  قند قزوین,0.8745812366634849,0.4064046745807681,1.0,1.0,0.8965188364329985,1.0,0.936599423631124,1.0,74.03059389166573,88.92630214135468,89.00400389872482,75.12961273557126
قزوین,1396,کارخانجات  قند قزوین,0.8826104529535382,0.1340920353324397,1.0,1.0,0.8329925017041601,1.0,0.9311594202898552,1.0,62.95444179352309,84.76068012849991,84.79777303386965,64.51001538384577
قزوین,1397,کارخانجات  قند قزوین,0.9999999848191974,2.685766663480101e-09,1.0,1.0,1.0,0.9999964725206728,0.950742767787334,1.0,61.37385969966047,86.88424034766213,87.02008867269606,62.90725764829417
قزوین,1398,کارخانجات  قند قزوین,0.9999999930943322,6.43561780823406e-10,0.8714033533525074,0.7857142857142857,0.4975755699989719,0.5135299601228684,0.939879759519038,0.910243720208809,49.178808408016216,68.97933303317967,69.05192504323932,50.8495221047806
قزوین,1399,کارخانجات  قند قزوین,0.9999989932531796,0.1379787850793966,0.4705644045385472,0.75,0.504157218442935,0.679276306376867,0.9044289044289044,0.4565539749773575,47.21429969126554,61.286982338714836,60.45779631012347,46.920029991433374
قزوین,1400,کارخانجات  قند قزوین,0.9999997898443872,3.409315717409426e-10,0.7867898253252084,0.7272727272727273,0.1738035264483709,0.6715560494152496,0.9070321811680572,0.5474783835637882,41.399080772343545,60.174156042233996,59.245698466133454,43.13150594720742
قزوین,1401,کارخانجات  قند قزوین,0.8826104529535383,0.7026099657762875,0.801886355953995,0.8518518518518519,0.7796610169491517,0.895927842200863,0.8553191489361702,0.5184488979301564,75.40387983772109,78.60394415690017,78.0647160116436,75.65327946160785
قشکر,1392,شکر,0.8944043259534752,0.0868254272360079,0.745572324732245,1.0,0.910274454609426,0.9252738376407008,0.9345172031076582,0.5521259743808105,54.9959274441023,75.61241934575405,75.2262819554073,55.6494814057865
قشکر,1393,شکر,0.707548045216801,0.733478200596116,0.8188808458248124,1.0,0.9522237587545144,0.9252738376407008,0.9477832512315272,0.2231115387481447,74.76552534461526,78.8537434751577,78.2079907380836,75.20056266691154
قشکر,1394,شکر,0.0,5.802184555059026e-10,0.8241478446016253,1.0,0.9522237587545144,0.9252738376407008,0.9259634888438134,0.3113772643096218,37.573518205239466,61.73732743413118,61.67642326657487,39.65558965230243
قشکر,1395,شکر,0.8745812366634849,0.4064046745807681,1.0,1.0,0.8965188364329985,0.8353655210962245,0.9212295869356388,1.0,72.98144553775143,86.67624819636394,87.00760117115632,74.16824527122479
قشکر,1396,شکر,0.8826104529535382,0.1340920353324397,1.0,1.0,0.8329925017041601,0.8449269517160578,0.9311594202898552,1.0,62.02559297575117,82.82226702495063,83.08429571854042,63.65974661339187
قشکر,1400,شکر,0.9999748022140236,8.322794419858075e-09,0.9027767976861314,0.7272727272727273,0.1738035264483709,0.7090437674999137,0.932061978545888,0.6222765981028514,43.404178888196874,63.340127576158764,62.46439163373421,45.64684695971851
قشکر,1401,شکر,0.8826104529535383,1.919844016792693e-11,0.6073660836920967,0.8888888888888888,0.794099183929693,0.7867145396987795,0.8851063829787233,0.9003890259742698,50.9693224984195,71.81468197668985,71.84836420793066,50.98865197928456
قصفها,1392,قنداصفهان,0.651185886718485,0.0868254272360079,0.845114911035577,1.0,0.910274454609426,0.9252738376407008,0.9311875693673696,0.607118617428023,52.9183624730992,74.46225880044487,74.31854769439288,54.23725133380225
قصفها,1393,قنداصفهان,0.707548045216801,0.4046052432191417,0.4142988807856099,1.0,0.9522237587545144,0.9252738376407008,0.9261083743842364,0.7319656249788611,64.45137064595954,75.77529706224833,75.58287311206546,62.88869981303154
قصفها,1394,قنداصفهان,0.0,1.6439380567811723e-09,1.0,0.8181818181818182,0.8782521201667389,0.9252738376407008,0.9411764705882352,0.1644427147373745,35.08709265827334,59.091587036985075,58.755012648727465,38.33172509684676
قصفها,1395,قنداصفهان,0.8745812366634849,0.4064046745807681,1.0,1.0,0.8965188364329985,1.0,0.946205571565802,1.0,74.06998698881199,89.04637899053817,89.11480172895696,75.16628346658345
قصفها,1396,قنداصفهان,0.8826104529535382,0.1340920353324397,1.0,1.0,0.8329925017041601,1.0,0.970108695652174,1.0,63.1141658159468,85.24754607052888,85.24701608411257,64.65870124727863
قصفها,1398,قنداصفهان,0.9999999615731346,0.0189897794393701,0.7091525441624237,0.7857142857142857,0.4975755699989719,0.9683801565939821,0.9258517034068136,1.0,52.31499841276923,73.82080001111227,73.27936816927307,52.820313039243274
قصفها,1399,قنداصفهان,0.9999996520910648,0.1379787850793966,0.7973017468075926,0.75,0.504157218442935,0.8072172225435126,0.9055944055944056,0.6690592724342044,52.732418597045886,69.64135378741389,68.99723829831132,53.88231006764717
قصفها,1400,قنداصفهان,0.9999999376224752,8.322794419858075e-09,0.8890164925750579,0.7272727272727273,0.1738035264483709,0.7090437674999137,0.8951132300357568,0.7565459632307682,44.59092915005588,64.38494566259831,63.68946521816788,46.66274687790872
قصفها,1401,قنداصفهان,0.8826104529535383,1.4594486272574945e-06,0.8959625429391296,0.7777777777777778,0.8121468926553649,0.7867145396987795,0.8276595744680851,0.5792725983233235,48.75879674190083,69.52682297830782,69.3370975204327,50.58368351513693
قلرست,1392,قند لرستان,0.88225355085602,0.0868254272360079,0.9789206410654492,1.0,0.910274454609426,0.9252738376407008,0.9367369589345172,0.704330779897064,58.22980350418294,80.30769562798982,80.19225604764569,59.970111578584664
قلرست,1393,قند لرستان,0.707548045216801,0.8235060838289029,0.5910972091961904,1.0,0.9522237587545144,0.9252738376407008,0.9763546798029556,0.0719566484860293,75.00028952387443,75.59950328657618,74.65565807275158,74.24069181814757
قلرست,1394,قند لرستان,0.0,1.0,0.0,1.0,0.9522237587545144,0.9252738376407008,0.9168356997971604,1.0,77.13632403385517,72.42916620240469,72.72121100063399,72.88774702788791
قلرست,1395,قند لرستان,0.8745812366634849,0.4064046745807681,1.0,1.0,0.8965188364329985,0.2068234479159768,0.9183477425552352,1.0,69.204817617097,78.78344922685578,80.02929563526384,70.71093470509666
قلرست,1396,قند لرستان,0.8826104529535382,0.1340920353324397,1.0,1.0,0.8329925017041601,0.4142113871080464,0.9311594202898552,1.0,59.4457143481667,77.4383224673505,78.32511056365968,61.29812415489704
قلرست,1399,قند لرستان,0.9999998237749664,0.1379787850793966,0.648713361164714,0.75,0.504157218442935,0.8072172225435126,0.907925407925408,0.572419510139535,50.58321704460981,66.60514161338085,65.7897036298937,51.046061801887674
قلرست,1400,قند لرستان,0.9999997730805088,1.126464458280873e-09,0.8492080898272013,0.7272727272727273,0.1738035264483709,0.7090437674999137,0.9070321811680572,0.5877309623176156,42.52677799862102,61.92613785926074,61.01394203037278,44.52882291890698
قلرست,1401,قند لرستان,0.8826104529535383,8.834817714923841e-10,0.8522718777597773,0.8888888888888888,0.794099183929693,0.7867145396987795,0.8425531914893617,0.5510249831296187,48.891248836460676,69.97703898416422,69.76140530372021,50.472098448681976
قمرو,1392,قند مرودشت,0.921842941480998,0.0868254272360079,0.7860402851735578,1.0,0.910274454609426,0.9252738376407008,0.9189789123196448,0.5744826378556407,55.861774349103776,76.5464812039497,76.20152628230925,56.68775264844874
قمرو,1393,قند مرودشت,0.707548045216801,0.5251000449318534,0.0,1.0,0.9522237587545144,0.9252738376407008,0.9251231527093596,0.0,58.091816253574265,62.940860490665365,61.74987680795117,54.812758034316765
قمرو,1394,قند مرودشت,0.0,6.968507812217782e-10,0.0,1.0,0.9522237587545144,0.9252738376407008,0.922920892494929,1.0,38.737154399484034,60.00523111983743,60.37966133113778,36.00628959548446
قمرو,1395,قند مرودشت,0.8745812366634849,0.4064046745807681,1.0,1.0,0.8965188364329985,0.7884459456785091,0.9221902017291066,1.0,72.70434831249509,86.10176118856083,86.500243811086,73.91465132997108
قمرو,1396,قند مرودشت,0.8826104529535382,0.1340920353324397,1.0,1.0,0.8329925017041601,0.8257608801486711,0.9284420289855072,1.0,61.899649458818295,82.54872373905395,82.84117796054932,63.54428520938167
قمرو,1399,قند مرودشت,0.999999223356976,0.1379787850793966,0.8020693587645901,0.75,0.504157218442935,0.8072172225435126,0.9090909090909092,0.6721600591090445,52.81601727236658,69.78340970484204,69.14134183447081,53.98694158972294
قمرو,1400,قند مرودشت,0.9999995118346096,5.072150322815153e-10,0.7646615647758583,0.7272727272727273,0.1738035264483709,0.7090437674999137,0.9094159713945172,0.5332082086790076,41.31321160947422,60.217565980152756,59.20738707890991,42.923646444814814
قمرو,1401,قند مرودشت,0.8826104529535383,5.967071497838141e-10,0.2330182096392452,0.8888888888888888,0.794099183929693,0.7867145396987795,0.8531914893617021,0.1506548067417868,39.96365558484651,57.36471964762926,56.43686109869612,38.67896385821645
قنیشا,1392,قند  نیشابور,0.8642998595870546,0.0868254272360079,0.7076851490466401,1.0,0.910274454609426,0.9252738376407008,0.9345172031076582,0.5311950742915112,54.063815727116335,74.5008875689875,74.09273062552309,54.563632629296734
قنیشا,1393,قند  نیشابور,0.707548045216801,0.7225079557829044,0.9997499731472048,1.0,0.9522237587545144,0.9252738376407008,0.9477832512315272,0.3431344407303213,76.99740003921957,82.47776578129967,82.04145459552879,78.2826455924115
قنیشا,1394,قند  نیشابور,0.0,6.814472237908325e-10,0.8180124271430276,1.0,0.9522237587545144,0.9252738376407008,0.9279918864097364,0.3165037570652805,37.590591950699334,61.750070846183846,61.69042634950173,39.636251944883085
قنیشا,1395,قند  نیشابور,0.8745812366634849,0.4064046745807681,1.0,1.0,0.8965188364329985,0.9381101272719662,0.9231508165225744,1.0,73.60473867978705,87.98457114339739,88.16503571826985,74.73893024421862
قنیشا,1396,قند  نیشابور,0.8826104529535382,0.1340920353324397,1.0,1.0,0.8329925017041601,0.9385963456501362,0.9311594202898552,1.0,62.58664924426388,83.99313444912661,84.1192942783985,64.1733378614575
قنیشا,1399,قند  نیشابور,0.9999991539249732,0.1379787850793966,0.839359133917602,0.5833333333333334,0.5820408163265269,0.8072172225435126,0.9533799533799534,0.6964127958974361,53.04503616544807,69.99651493003418,69.34938703338948,54.394264438405756
قنیشا,1400,قند  نیشابور,0.9999996223595484,4.4943466491618486e-10,0.4602089414008773,0.8181818181818182,0.227599856063335,0.7090437674999137,0.9523241954707986,0.3368713944950836,38.418852895434064,56.30286994901012,55.008355302806365,38.52687059535516
قنیشا,1401,قند  نیشابور,0.8826104529535383,0.9474553538758596,0.9692879680266128,0.925925925925926,0.8075060532687646,0.7867145396987795,0.9063829787234042,0.6266801711602991,87.70307400216524,85.6570430454148,85.4614276196755,88.33993272219837
قپیرا,1392,فرآورده های غدایی وقندپیرانشهر,0.9330341514691732,0.0868254272360079,0.8368095005153767,1.0,0.910274454609426,0.9252738376407008,0.9456159822419534,0.6025302649141939,56.81191497725868,78.0045452328354,77.67976820307486,57.85990995324886
قپیرا,1393,فرآورده های غدایی وقندپیرانشهر,0.707548045216801,0.4046052432191417,0.9393412461436284,1.0,0.9522237587545144,0.9252738376407008,0.9310344827586208,0.383552884304053,64.69180701986687,78.04474372546825,77.67311257488414,66.12025566789916
قپیرا,1394,فرآورده های غدایی وقندپیرانشهر,0.0,1.6439380567811723e-09,0.6344599024518933,1.0,0.9522237587545144,0.9252738376407008,0.922920892494929,0.4698724062993057,37.83173830688385,61.30938499106602,61.35094101928935,38.80671603671519
قپیرا,1395,فرآورده های غدایی وقندپیرانشهر,0.8745812366634849,0.4064046745807681,1.0,1.0,0.8965188364329985,1.0,0.9221902017291066,1.0,73.97150424594633,88.74618686757947,88.83780715337657,75.07460663905296
قپیرا,1396,فرآورده های غدایی وقندپیرانشهر,0.8826104529535382,0.1340920353324397,1.0,1.0,0.8329925017041601,1.0,0.9356884057971014,1.0,62.97301435427003,84.81729244734049,84.8500105978514,64.5273044377333
قپیرا,1399,فرآورده های غدایی وقندپیرانشهر,0.9999995341484464,0.1379787850793966,0.8229656867563812,0.75,0.504157218442935,0.8072172225435126,0.9207459207459208,0.9160321637820912,55.640091137582935,73.23870664373355,72.86680097883446,56.71493077002342
قپیرا,1400,فرآورده های غدایی وقندپیرانشهر,0.9999999732770496,8.322794419858075e-09,0.9999981375638316,0.7272727272727273,0.1738035264483709,0.7090437674999137,0.9153754469606674,0.6849731448781115,44.74283811480496,65.13083415279333,64.38122692436563,47.43975659952821
قپیرا,1401,فرآورده های غدایی وقندپیرانشهر,0.8826104529535383,1.4594486272574945e-06,0.6515805471263723,0.8888888888888888,0.794099183929693,0.7867145396987795,0.8638297872340426,0.8718027560248301,50.90876948417402,71.74409519130964,71.78448236758719,51.18551006920023
لابسا,1392,آبسال,0.651185886718485,0.0868254272360079,0.8915932421560561,1.0,0.910274454609426,0.9252738376407008,0.9167591564927858,0.6327957307888308,53.48557861037387,75.18384669552866,75.10186529270608,55.02699933526583
لابسا,1393,آبسال,0.707548045216801,0.3803554478767243,0.6693405859586894,1.0,0.9522237587545144,0.9252738376407008,0.9270935960591132,0.5627225593737897,63.63061400765092,76.55697288600416,76.28099831728751,63.55813795733132
لابسا,1394,آبسال,0.0,1.6439380567811723e-09,1.0,0.8181818181818182,0.8782521201667389,0.9252738376407008,0.922920892494929,0.1644427147373745,35.012229792722984,58.86339231081874,58.54445182287655,38.26203583135929
لابسا,1395,آبسال,0.8745812366634849,0.4064046745807681,1.0,1.0,0.8965188364329985,1.0,0.9212295869356388,1.0,73.96756493623172,88.73417918266112,88.82672737035337,75.07093956595175
لابسا,1396,آبسال,0.8826104529535382,0.1340920353324397,1.0,1.0,0.8329925017041601,1.0,0.927536231884058,1.0,62.93958374492553,84.71539027342745,84.75598298268426,64.49618414073575
لابسا,1397,آبسال,0.9999998657251946,2.685766663480101e-09,1.0,1.0,1.0,0.9999998646220049,0.947615324472244,1.0,61.36105326348391,86.84518821881512,86.98405263152885,62.895335901648664
لابسا,1398,آبسال,0.999999642612371,0.634037077594358,0.7368410098641206,0.8571428571428571,0.4448865897333848,0.6541333626656094,0.9108216432865732,0.6898246210834122,70.88031258129949,74.09608504978358,73.61717595703578,71.01883608044436
لابسا,1399,آبسال,0.99999988991329,0.3892661337923271,0.6602935464319549,0.8333333333333334,0.4358600583090337,0.3961709956241264,0.9125874125874126,0.5799510971253717,57.886389143135396,65.09328083896062,64.83270755216493,58.24064041685435
لابسا,1400,آبسال,0.999999732367365,0.4660395484911991,0.6628851799172951,0.8181818181818182,0.0600035984166947,0.528675549286771,0.9106078665077472,0.4675741834544138,56.1528114338057,61.424593457791296,60.447744800683466,56.719034614887434
لبوتان,1392,گروه صنعتی بوتان,0.651185886718485,0.0868254272360079,0.9279997518066564,1.0,0.910274454609426,0.9252738376407008,0.9078801331853495,0.732462199731006,54.79403349540999,76.7737711365954,76.82680859019484,56.44367768353686
لبوتان,1393,گروه صنعتی بوتان,0.707548045216801,0.2232705901629681,0.5333535221360649,1.0,0.9522237587545144,0.9252738376407008,0.9527093596059112,0.6529621833143324,57.64277023983902,74.34176621039117,74.10009565483158,57.02664748677364
لبوتان,1394,گروه صنعتی بوتان,0.0,1.6439380567811723e-09,1.0,0.8181818181818182,0.8782521201667389,0.9252738376407008,0.920892494929006,0.1644427147373745,35.003911696550716,58.83803734124471,58.521056175559785,38.25429257963846
لبوتان,1395,گروه صنعتی بوتان,0.8745812366634849,0.4064046745807681,1.0,1.0,0.8965188364329985,1.0,0.9596541786743517,1.0,74.12513732481673,89.21448657939504,89.26991869128199,75.21762249000052
لبوتان,1396,گروه صنعتی بوتان,0.8826104529535382,0.1340920353324397,1.0,1.0,0.8329925017041601,1.0,0.9728260869565216,1.0,63.125309352394964,85.28151346183324,85.27835862250161,64.66907467961114
لبوتان,1397,گروه صنعتی بوتان,0.9999998534519462,2.685766663480101e-09,1.0,1.0,1.0,0.9999993080018988,0.983580922595778,1.0,61.50853825253756,87.29475108419237,87.39887549012637,63.032628592786175
لبوتان,1398,گروه صنعتی بوتان,0.999999641091772,0.6352140695210037,0.7587102266166708,0.8571428571428571,0.4448865897333848,0.9479146157663998,0.937875751503006,0.7021291986604092,73.09328030717288,78.54841187544379,77.63986893335988,73.17608043509985
لبوتان,1399,گروه صنعتی بوتان,0.9999997697037656,0.4224067868817898,0.33060519609742,0.8333333333333334,0.4358600583090337,0.6982150071904658,0.9428904428904428,0.3655265062005686,56.30335381044374,62.86046375758525,61.75444022691069,54.92265246708802
لبوتان,1400,گروه صنعتی بوتان,0.9999995215862832,0.8184726314050004,0.582989382902785,0.8181818181818182,0.0600035984166947,0.7717860052736565,0.9415971394517284,0.4160506127962822,70.12194839235711,67.61350887517811,66.13256665304993,69.6512682567452
لبوتان,1401,گروه صنعتی بوتان,0.8826104529535383,5.94803228522917e-10,0.969386974878804,0.8888888888888888,0.7507846829880711,0.7990938374864164,0.8829787234042553,0.6663292609341857,50.77363453000841,73.00091027661205,72.86073554964211,52.87813288401869
لخزر,1392,پارس  خزر,0.651185886718485,0.0868254272360079,0.8003106800540618,1.0,0.910274454609426,0.9252738376407008,0.9156492785793564,0.582366366428002,52.25081993974392,73.39857414082552,73.2238009853237,53.363537530043146
لخزر,1393,پارس  خزر,0.707548045216801,0.5338241527080254,0.9894315162489538,1.0,0.9522237587545144,0.9252738376407008,0.9408866995073892,0.3503134936567144,69.71834355742192,79.99376879666374,79.58457281217146,71.23315312908875
لخزر,1394,پارس  خزر,0.0,1.6439380567811723e-09,1.0,0.8181818181818182,0.8782521201667389,0.9252738376407008,0.9350912778904664,0.1644427147373745,35.06213836975655,59.01552212826295,58.68482570677717,38.30849534168427
لخزر,1395,پارس  خزر,0.8745812366634849,0.4064046745807681,1.0,1.0,0.8965188364329985,1.0,0.9221902017291066,1.0,73.97150424594633,88.74618686757947,88.83780715337657,75.07460663905296
لخزر,1396,پارس  خزر,0.8826104529535382,0.1340920353324397,1.0,1.0,0.8329925017041601,1.0,0.9384057971014492,1.0,62.984157890718194,84.85125983864484,84.88135313624042,64.53767787006583
لخزر,1397,پارس  خزر,0.9999998935596036,2.685766663480101e-09,1.0,1.0,1.0,0.9999993435569148,0.9515246286161064,1.0,61.377081890302144,86.8940483552299,87.02913733189128,62.91025687980649
لخزر,1398,پارس  خزر,0.4134154432973168,0.5263481124149029,0.9501198959486452,0.7857142857142857,0.4975755699989719,0.873266283052299,0.9268537074148296,0.8098246480188304,62.80712769241917,72.28897432325103,72.05588135300611,64.4617898428706
لخزر,1399,پارس  خزر,0.99999953414793,9.681691634345886e-07,0.4752577870587351,0.75,0.504157218442935,0.2816684688609426,0.9289044289044288,0.459606483887435,39.69961636789891,54.99493611839462,54.73636263774938,39.831218497839885
لخزر,1400,پارس  خزر,0.9999998863183884,0.6464587518337239,0.9999992993970956,0.8181818181818182,0.0600035984166947,0.2919439135339987,0.9189511323003576,0.6849738941265139,66.57935620336674,67.7564036763574,67.48046345447372,68.54782027513437
لخزر,1401,پارس  خزر,0.8826104529535383,9.386122993194742e-10,0.7902546461555615,0.8888888888888888,0.7507846829880711,0.2426931384157218,0.8680851063829788,0.7821448721123306,47.27191704813734,65.06827236044629,65.8056518193101,48.6441148049925
لوتوس,1399,تامین سرمایه لوتوس پارسیان,0.9999997780439788,0.1379787850793966,0.6634678844293511,0.75,0.504157218442935,0.8072172225435126,0.9906759906759908,0.5820156411890551,51.13692252157747,67.94390650505275,67.0653243461855,51.644472665539475
لوتوس,1400,تامین سرمایه لوتوس پارسیان,0.999999856763632,1.0851960956279492e-09,0.5250016727559922,0.7272727272727273,0.1738035264483709,0.7090437674999137,0.8963051251489869,0.3786552304020252,37.79171435120028,55.12602384221055,53.857287985861625,38.29770096040165
لوتوس,1401,تامین سرمایه لوتوس پارسیان,0.8826104529535383,2.2185348295259664e-09,0.4792547015757133,0.8888888888888888,0.794099183929693,0.7867145396987795,0.8914893617021277,0.3098557171036708,43.687972669367966,62.91141060088683,62.22567731129847,43.530666062448994
لپارس,1392,پارس  الکتریک,0.651185886718485,0.0868254272360079,0.8670081615893221,1.0,0.910274454609426,0.9252738376407008,0.8945615982241953,0.6192136187491307,53.06321936614458,74.42928730959085,74.34346725332475,54.49538375585411
لپارس,1393,پارس  الکتریک,0.707548045216801,4.699460986723881e-10,0.99519305831574,1.0,0.9522237587545144,0.9252738376407008,0.9113300492610836,0.3464901933014501,49.08782836782479,72.97573678700296,72.64029373979861,51.454964582347586
لپارس,1394,پارس  الکتریک,0.0,1.6439380567811723e-09,1.0,0.8181818181818182,0.8782521201667389,0.9252738376407008,0.9046653144016228,0.1644427147373745,34.93736692717262,58.63519758465241,58.33389099702564,38.19234656587182
لپارس,1395,پارس  الکتریک,0.8745812366634849,0.4064046745807681,1.0,1.0,0.8965188364329985,1.0,0.899135446685879,1.0,73.87696081279533,88.45800242953914,88.57189236081942,74.98659688462371
لپارس,1396,پارس  الکتریک,0.8826104529535382,0.1340920353324397,1.0,1.0,0.8329925017041601,1.0,0.9184782608695652,1.0,62.90243862343164,84.6021656357463,84.65150785472079,64.46160603296065
لپارس,1397,پارس  الکتریک,0.999999946730484,2.685766663480101e-09,1.0,1.0,1.0,0.9999959979982764,0.9452697419859264,1.0,61.35141242268853,86.81582111750566,86.95695679895776,62.886361688844936
لپارس,1398,پارس  الکتریک,0.9999998759994336,1.1520756843511679e-10,0.9086235990459096,0.8571428571428571,0.4448865897333848,0.9676542690094356,0.905811623246493,0.786477016954802,50.70925895274323,73.38244789059405,72.68817228244453,52.45963070575144
لپارس,1399,پارس  الکتریک,0.9999997684598292,1.0,0.7820292326380811,0.8333333333333334,0.4358600583090337,0.800771625417648,0.902097902097902,0.6591262475036365,85.50237644871662,80.16522709699329,79.41251797096491,85.2889492834907
لپارس,1400,پارس  الکتریک,0.9999996593780804,2.027560732323209e-09,0.4667579325419134,0.8181818181818182,0.0600035984166947,0.7890058868138337,0.8915375446960667,0.3410947381552435,36.888913559302935,54.58226475264014,53.065402599000286,37.12986899786198
لپارس,1401,پارس  الکتریک,0.8826104529535383,1.2359922935880736e-09,0.6266342470838042,0.8888888888888888,0.7507846829880711,0.9411287982959352,0.8617021276595744,0.4051419909986973,46.146576856614715,66.96113987630628,66.2026807779548,46.63328465801062
ما,1393,بیمه  ما,0.969034183329788,0.4046052432191417,0.2907019104834009,0.125,0.4097377396213136,0.9252738376407008,0.994088669950739,0.8139833096522334,55.217558703203984,61.65531117371648,60.28728214803425,53.532462446511516
ما,1394,بیمه  ما,0.8576778625367237,5.5739005816703e-10,0.6645359281431386,0.2727272727272727,0.3699870633893931,0.9252738376407008,0.9797160243407708,0.4447421639212399,37.670781398902946,56.43325191570787,54.952011793914046,38.886332283343265
ما,1395,بیمه  ما,0.7649795839576901,2.8837765179077603e-09,0.0,0.3333333333333333,0.0,1.0,0.951969260326609,0.0,23.316739016616054,38.12852725626761,35.497761038060574,21.76776112654154
ما,1396,بیمه  ما,0.8826104714162686,0.1139476842480615,0.0,0.3333333333333333,0.0,0.9998080047690358,0.9619565217391304,0.0,29.381900781052327,41.14570019382286,38.429320106823766,27.561992309809142
ما,1397,بیمه  ما,0.9999999847710912,1.135432835750352e-09,1.0,0.3,0.0,0.7694471620582115,0.9781078967943706,1.0,43.34491963872235,63.09443805948882,62.1526328463941,46.062828321346785
ما,1398,بیمه  ما,0.999998873983846,0.1535492434660252,0.9152528514196822,0.2142857142857142,0.2039290426623667,0.9080583900869053,0.9308617234468938,0.80950949167398,48.75552561692139,64.19306663781767,63.00063946072822,50.78949960027006
ما,1399,بیمه  ما,0.9999998569822024,0.0718746801513903,0.8019277533811288,0.0833333333333333,0.1235230934479054,0.8365406631396297,0.9673659673659674,0.6964161753518401,41.314037938083594,57.26226903941747,55.823077163989076,43.12792043311091
ما,1400,بیمه  ما,0.9999999149147104,0.9180836325176776,0.6317493413195521,0.2727272727272727,0.5424776734600427,0.8600295652588894,0.9713945172824792,0.9224535921805356,81.30581154969234,76.48644387076449,75.64531724865198,80.35547071548525
ما,1401,بیمه  ما,0.8826104529535383,2.4631952940162653e-09,0.9265775758720588,0.7037037037037037,0.8859784283513092,0.8599925354876917,0.9787234042553192,0.5990663383792811,50.47486426311399,72.95815551832621,72.58919176658114,52.340124580864064
محتشم,1398,نساجی هدیه البرز مشهد,0.9999995448721996,0.0189897794393701,0.8255995938147573,0.7857142857142857,0.4975755699989719,0.9683801565939821,0.0,0.7397640813851922,46.60249325022495,60.45028764773448,60.55978570200076,48.18430096301397
محتشم,1399,نساجی هدیه البرز مشهد,0.9999996047064046,0.1379787850793966,0.9960679967271332,0.75,0.504157218442935,0.8072172225435126,0.0,0.7983340004778485,51.90650794389011,62.42193534971538,62.8787405491561,54.2312198935913
محتشم,1400,نساجی هدیه البرز مشهد,0.9999982676965572,8.322794419858075e-09,0.8866167518499949,0.7272727272727273,0.1738035264483709,0.7090437674999137,0.0,0.7580935191151724,40.918717681368044,53.18535710256913,53.35525563690311,43.23056975112123
محتشم,1401,نساجی هدیه البرز مشهد,0.8826104529535383,1.4594486272574945e-06,0.5605326908877526,0.8518518518518519,0.7796610169491517,0.7867145396987795,0.0,0.362404913971691,40.74856596814488,52.7972115720174,53.031021516280084,41.2476047470076
مداران,1393,داده پردازی ایران,0.9996798988722374,0.4116443617823934,0.7700527086264168,0.625,0.9184993531694684,0.9252738376407008,0.9714285714285714,0.4706753621356393,65.45206379193293,76.15317617069283,75.37990664671523,65.87703016661901
مداران,1394,داده پردازی ایران,0.0,3.150992622028116e-09,1.0,0.7272727272727273,0.9184993531694684,0.9252738376407008,0.9726166328600404,0.1644427147373745,34.92164315108759,58.851315860391296,58.47950330231133,38.1691902158724
مداران,1395,داده پردازی ایران,0.8745812366634849,3.962145532713118e-10,1.0,1.0,0.8965188364329985,0.7299934220142561,0.9433237271853988,1.0,56.82515353790202,80.55521528365442,81.05394097910846,58.676593144348544
مداران,1396,داده پردازی ایران,0.8826104529535382,0.1340920353324397,1.0,1.0,0.8329925017041601,0.703947701562972,0.9329710144927535,1.0,61.18859151206924,81.0826713255733,81.54744263933593,62.89367005472166
مداران,1397,داده پردازی ایران,0.9999999305356092,2.685766663480101e-09,1.0,1.0,1.0,0.7981762047353063,0.9812353401094606,1.0,60.2900505492558,84.74264347582678,85.14178099001788,61.917075228307425
مداران,1398,داده پردازی ایران,0.9999999467145736,0.3676595817296297,0.898882521867387,0.8571428571428571,0.4448865897333848,0.9907076288453988,0.9549098196392786,0.7809962610053386,65.04333855007275,78.6898150834731,77.87209552012173,66.16377826068101
مداران,1399,داده پردازی ایران,0.9999997450612704,0.7456250092517822,0.7349240997237076,0.8333333333333334,0.4358600583090337,0.8215561811952908,0.9708624708624708,0.628489742315103,75.4503596075553,77.1331330006499,76.2527063111803,75.3758228306383
مداران,1400,داده پردازی ایران,0.9999997666854562,1.0266202427531854e-09,0.7577495005633984,0.8181818181818182,0.0600035984166947,0.7958910584847353,0.9630512514898688,0.5287507247793284,41.433896280066826,61.545346495348994,60.278731630818584,42.99661196160437
مداران,1401,داده پردازی ایران,0.8826104529535383,1.0660946723300595e-09,0.7974432555996336,0.925925925925926,0.7657384987893442,0.9571832347900132,0.9595744680851064,0.515576270824073,49.585446784502416,72.55065135042162,71.90223419184179,50.79747683859902
ملت,1393,بیمه ملت,0.9062804686783688,0.4046052432191417,0.9076517775162728,0.0,0.0,0.9252738376407008,0.9605911330049262,0.2820190205887538,47.593642885458934,54.830268508102044,52.70244453972577,49.95162170039234
ملت,1394,بیمه ملت,0.5776063971485731,1.6439380567811723e-09,0.8664846053949278,0.2727272727272727,0.0,0.9252738376407008,0.9148073022312372,0.0528829540803921,26.705448450533677,45.12227963583803,43.124953020570345,29.806765312746542
ملت,1395,بیمه ملت,0.0,0.4064046745807681,0.0,0.3333333333333333,0.0,1.0,0.904899135446686,0.0,28.028548572337808,33.05796429200984,30.86722846185625,26.493608051013766
ملت,1396,بیمه ملت,0.8826104529535382,0.1340920353324397,0.0,0.3333333333333333,0.0,1.0,0.9284420289855072,0.0,30.01964261943747,40.98097313256023,38.29490974142302,28.178526757209273
ملت,1400,بیمه ملت,0.999998390522014,8.322794419858075e-09,0.943394037716812,0.2727272727272727,0.5424776734600427,0.7090437674999137,0.8367103694874851,0.7214787207221529,44.76586512880794,62.8228780057311,62.31486614127893,47.09662215172893
ملت,1401,بیمه ملت,0.8826104529535383,1.4594486272574945e-06,0.9665460012143092,0.7037037037037037,0.8859784283513092,0.7867145396987795,0.8340425531914893,0.6249073891925742,50.02172148492543,71.05630659692913,70.97869323405868,52.14986975001877
مهرگان,1400,گروه مالی مهرگان تامین پارس,0.999999732367365,8.322794419858075e-09,1.0,0.4545454545454545,0.7676322418135965,0.7090437674999137,0.9523241954707986,0.6849743761038634,49.2457389583016,69.60649720154733,69.29349467786656,51.612145377822294
مهرگان,1401,گروه مالی مهرگان تامین پارس,0.8826104529535383,1.4594486272574945e-06,1.0,0.7777777777777778,0.9420903954802242,0.7867145396987795,0.8340425531914893,0.6465367218252587,51.72994610716663,73.37217375469618,73.42795066524512,53.9362892143471
میدکو,1395,توسعه معادن وص.معدنی خاورمیانه,0.8745812366634849,0.4064046745807681,1.0,0.6666666666666666,0.849785407725319,1.0,0.9769452449567724,1.0,70.96673529042926,84.67979038241263,84.50068899280886,72.24369846179918
میدکو,1396,توسعه معادن وص.معدنی خاورمیانه,0.8826104529535382,0.1340920353324397,1.0,0.6666666666666666,0.7895705521472393,1.0,0.9728260869565216,1.0,59.932639783401086,80.57207242570506,80.35449447783782,61.66329480700843
میدکو,1397,توسعه معادن وص.معدنی خاورمیانه,0.9999998826212564,2.685766663480101e-09,1.0,0.8,0.7142418661755675,0.9999990543268971,1.0,1.0,56.78674747577641,81.42801007261859,81.1203338914201,58.61348627303725
نمرینو,1392,ایران  مرینوس,0.651185886718485,0.0868254272360079,0.0,1.0,0.910274454609426,0.9252738376407008,0.921198668146504,0.0,39.982095904248716,56.18447842938905,55.024508658681356,37.447153261672725
نمرینو,1393,ایران  مرینوس,0.707548045216801,0.5752061459132168,0.8693560469374518,1.0,0.9522237587545144,0.9252738376407008,0.9201970443349754,0.429994346309637,71.17319872472268,79.74749031384121,79.39452278158149,71.94661588821893
نمرینو,1394,ایران  مرینوس,0.0,1.6439380567811723e-09,1.0,0.8181818181818182,0.8782521201667389,0.9252738376407008,0.9148073022312372,0.1644427147373745,34.97895740803393,58.76197243252259,58.45086923360947,38.23106282447597
نمرینو,1395,ایران  مرینوس,0.8745812366634849,0.4064046745807681,1.0,1.0,0.8965188364329985,1.0,0.9125840537944284,1.0,73.93211114880009,88.62611001839599,88.72700932314443,75.03793590804078
نمرینو,1396,ایران  مرینوس,0.8826104529535382,0.1340920353324397,1.0,1.0,0.8329925017041601,1.0,0.9248188405797102,1.0,62.92844020847737,84.6814228821231,84.72464044429522,64.4858107084032
نمرینو,1397,ایران  مرینوس,0.4242918649962115,2.685766663480101e-09,1.0,1.0,1.0,0.999999988499728,0.9429241594996092,1.0,53.28100610771386,79.59020019601644,80.05753155540043,55.28186581923335
نمرینو,1398,ایران  مرینوس,0.999999715816297,1.3514228261892086e-06,0.8103531435823824,0.8571428571428571,0.4448865897333848,0.9205193322936122,0.9288577154308616,0.7311857618330664,49.18635480408447,71.1618308406911,70.41149413675646,50.493041316876464
نمرینو,1399,ایران  مرینوس,0.999999534140812,3.709689964846528e-10,0.993632594304157,0.8333333333333334,0.4358600583090337,0.8636113432044572,0.9067599067599068,0.8050328464019051,50.636973932723585,72.97787021030717,72.4678105085993,52.88048664377555
نمرینو,1400,ایران  مرینوس,0.9999999431617624,0.3011885331050036,0.9999973863276848,0.8181818181818182,0.0600035984166947,0.8788843905467506,0.9082240762812872,0.6849726604174747,56.784260720372494,70.64315508048095,69.55668314641655,58.98295228463704
نمرینو,1401,ایران  مرینوس,0.8826104529535383,0.3915793855436408,0.8047150431164671,0.4814814814814814,0.4872881355932197,0.7978681084467723,0.8042553191489361,0.5702492361389175,56.985042560892275,65.25058953028716,64.49999007105367,58.13430538038914
نوری,1392,پتروشیمی نوری,0.651185886718485,0.0868254272360079,0.6313529503318369,1.0,0.910274454609426,0.9252738376407008,0.8879023307436182,0.4890250894355767,49.860005831113256,69.77299970894563,69.45129311589035,50.186504723673465
نوری,1393,پتروشیمی نوری,0.707548045216801,0.4046052432191417,0.9432442974584012,1.0,0.9522237587545144,0.9252738376407008,0.9399014778325124,0.3809628593931162,64.72980616456636,78.17199399393984,77.79050099109003,66.17798763396462
نوری,1394,پتروشیمی نوری,0.0,1.6439380567811723e-09,1.0,0.8181818181818182,0.8782521201667389,0.9252738376407008,0.949290060851927,0.1644427147373745,35.12036504296239,59.193006915281224,58.84859523799455,38.36269810373008
نوری,1395,پتروشیمی نوری,0.8745812366634849,0.4064046745807681,1.0,1.0,0.8965188364329985,1.0,0.9529298751200768,1.0,74.09756215681436,89.1304327849666,89.19236021011947,75.19195297829198
نوری,1396,پتروشیمی نوری,0.8826104529535382,0.1340920353324397,1.0,1.0,0.8329925017041601,1.0,0.9501811594202898,1.0,63.032446548660246,84.99845186763035,85.01717080259293,64.58262941017344
نوری,1398,پتروشیمی نوری,0.9999998020983624,8.421688891279798e-05,0.7118773943853591,0.7857142857142857,0.4975755699989719,0.9683801565939821,0.9258517034068136,1.0,51.60912511429443,73.6185391135836,73.07989371317845,52.15720968097538
نوری,1399,پتروشیمی نوری,0.9999999799858904,1.0096945001190276e-09,0.9999993346818744,0.75,0.504157218442935,1.0,0.9184149184149184,0.8008908864942249,51.582891888900384,74.66827923786923,73.97496254176913,53.77744799661528
نوری,1400,پتروشیمی نوری,0.9999999520667364,0.2189657549007292,0.473305331139296,0.7272727272727273,0.1738035264483709,0.514957825489356,0.9129916567342072,0.3453170548084954,44.36316964910103,54.582672860748985,53.501512259466054,44.39103290788465
نوری,1401,پتروشیمی نوری,0.8826104529535383,2.6824467625947142e-09,0.5823272985999063,0.8518518518518519,0.7796610169491517,0.5191371452040374,0.8574468085106383,0.9165775175730732,48.77697597296396,67.37015117905804,67.79279870970116,48.82536418406957
های_وب,1393,داده گسترعصرنوین-های وب,0.707548045216801,0.4046052432191417,1.0,0.75,0.8782521201667389,0.9252738376407008,0.1517241379310344,0.3433003559912075,58.66880651657274,64.50879675207031,64.66635158985896,60.835122360999016
های_وب,1394,داده گسترعصرنوین-های وب,0.0,1.6439380567811723e-09,1.0,0.8181818181818182,0.8782521201667389,0.9252738376407008,0.4918864097363082,0.1644427147373745,33.2446343561173,53.47546127633598,53.572876768063125,36.61659484068295
های_وب,1395,داده گسترعصرنوین-های وب,0.8745812366634849,0.4064046745807681,1.0,1.0,0.8965188364329985,1.0,0.8655139289145053,1.0,73.73908497278344,88.03773345739697,88.18409995500687,74.85824932608105
های_وب,1396,داده گسترعصرنوین-های وب,0.8826104529535382,0.1340920353324397,1.0,1.0,0.8329925017041601,1.0,0.9030797101449276,1.0,62.83929191689204,84.40968375168832,84.4739001371829,64.40282324974301
های_وب,1398,داده گسترعصرنوین-های وب,0.999999635460503,0.0189897794393701,0.9262012037787328,0.7857142857142857,0.4975755699989719,0.9683801565939821,0.9028056112224448,0.8794120535217275,52.56325590112455,74.73847869662522,74.17342132287398,54.29291371098371
های_وب,1399,داده گسترعصرنوین-های وب,0.999999248724985,0.1379787850793966,0.9679302106779842,0.75,0.504157218442935,0.8072172225435126,0.9487179487179488,0.7800335865960834,55.38822665401986,73.70042775978557,73.20880649088824,57.31409474391093
های_وب,1400,داده گسترعصرنوین-های وب,0.999999540147601,8.322794419858075e-09,0.6335514883614278,0.7272727272727273,0.1738035264483709,0.7090437674999137,0.9511323003575686,0.4486573369365916,39.587198271393035,58.04325869183744,56.844407862976844,40.57957076286511
های_وب,1401,داده گسترعصرنوین-های وب,0.8826104529535383,1.4594486272574945e-06,0.5061471247276297,0.8888888888888888,0.794099183929693,0.7867145396987795,0.8978723404255319,0.3272426535969291,44.10379860884511,63.54470804587022,62.883292655028725,44.068992234090956
همراه,1393,شرکت ارتباطات سیار ایران,1.0,1.375050452853626e-09,0.7700527086264168,0.625,0.9184993531694684,0.9252738376407008,1.0,0.4706753621356393,49.75663810577635,71.36876578684095,70.60405081945602,50.79871626554009
همراه,1394,شرکت ارتباطات سیار ایران,0.0,0.0457062999741043,1.0,0.7272727272727273,0.9184993531694684,0.9252738376407008,1.0,0.1644427147373745,36.7901618638245,59.76493665992969,59.36263905913608,39.96050070203801
همراه,1395,شرکت ارتباطات سیار ایران,0.8745812366634849,0.0888414346319683,1.0,1.0,0.8965188364329985,0.3704559482654977,1.0,1.0,58.31768744645236,77.87996819992436,78.83762074999598,60.200264303288975
همراه,1396,شرکت ارتباطات سیار ایران,0.8826104529535382,0.1340920353324397,1.0,1.0,0.8329925017041601,0.2996493146132225,1.0,1.0,59.04181907798582,76.866803807542,77.85326963871012,60.93277153195038
همراه,1397,شرکت ارتباطات سیار ایران,0.9999999923497476,2.685766663480101e-09,1.0,1.0,1.0,0.0259149316719805,0.9992181391712276,1.0,55.73814356834678,75.31416332348402,76.81610698068619,57.7513992675749
همراه,1398,شرکت ارتباطات سیار ایران,0.9999999736717404,9.258230922555925e-09,0.8279376408573171,0.7857142857142857,0.4975755699989719,0.6789538696850884,0.9448897795591182,0.9346994305978946,50.12485582497062,70.87213199178308,70.70946746905263,51.4661957338876
همراه,1399,شرکت ارتباطات سیار ایران,0.9999998678548596,0.5533597110539664,0.6938610104482843,0.75,0.504157218442935,0.860021895856427,0.9766899766899768,1.0,72.07398834034484,79.22612100433062,78.72790795852613,71.74063084897934
همراه,1400,شرکت ارتباطات سیار ایران,0.9999999807232732,1.0173579172028682e-09,0.7103972694355043,0.7272727272727273,0.1738035264483709,0.8367156003270491,0.9749702026221692,0.8717347529822487,45.5723315082315,66.18617576035875,65.28397720940066,46.54151677336607
همراه,1401,شرکت ارتباطات سیار ایران,0.8826104529535383,2.4434404085728156e-09,0.775994930073556,0.8888888888888888,0.794099183929693,0.949692343043094,0.9063829787234042,0.7913643008164359,52.13438157323432,74.86291351090064,74.58683122205497,53.02384352449321
وآذر,1393,سرمایه گذاری توسعه آذربایجان,0.0,2.536921023967215e-09,0.7700527086264168,0.125,0.9555451017288016,0.9252738376407008,0.9339901477832512,0.4706753621356393,31.82594037061348,52.25671450564663,51.901962269079036,33.89840444266224
وآذر,1394,سرمایه گذاری توسعه آذربایجان,0.0,0.0200033413306187,1.0,0.3636363636363636,0.8592261554745361,0.9252738376407008,0.9188640973630832,0.1644427147373745,31.855201871968262,53.14308137728345,52.57525784501163,35.30041385311423
وآذر,1395,سرمایه گذاری توسعه آذربایجان,0.8745812366634849,0.0,1.0,0.6666666666666666,0.849785407725319,0.8096024613964241,0.8914505283381364,1.0,53.859959446241575,76.15107875987539,76.36660578169487,55.875137867917765
وآذر,1396,سرمایه گذاری توسعه آذربایجان,0.8826104529535382,0.1340920353324397,1.0,0.6666666666666666,0.7895705521472393,0.8367874522496879,0.9284420289855072,1.0,58.773026301973054,77.97711485418847,78.03915175851976,60.59896426246851
وآذر,1397,سرمایه گذاری توسعه آذربایجان,0.9999998826212564,2.685766663480101e-09,1.0,0.8,0.7142418661755675,0.6995298478657217,0.9319781078967944,1.0,54.70806636273793,76.82187134056383,77.01573572714295,56.70633898107683
وآذر,1398,سرمایه گذاری توسعه آذربایجان,0.999984522535884,0.0189897794393701,0.9152528514196822,0.5,0.8801017318638765,0.9733196853072854,0.8767535070140281,0.80950949167398,53.56031951671368,74.67389461567633,74.29235487896739,55.14066055072643
وآذر,1399,سرمایه گذاری توسعه آذربایجان,0.9999998614298644,1.3937944681783564e-11,0.8019277533811288,0.4166666666666667,1.0,0.4059985408432407,0.87995337995338,0.6964161753518401,48.025064439798534,65.01202972050073,65.3599247660474,49.37816827331897
وآذر,1400,سرمایه گذاری توسعه آذربایجان,0.999999732367365,1.7216621255824463e-09,0.8747548846697097,0.3636363636363636,1.0,0.4463836329441262,0.9201430274135876,0.6423091275654844,47.968767217956376,65.59033462897874,65.78316273052953,49.73439292869076
وآفری,1393,بیمه کارآفرین,0.8895829451466084,0.4046052432191417,0.953774374790918,0.0,0.0,0.9252738376407008,0.9211822660098522,0.3126255041484984,47.87487317409541,55.088052136946494,53.06085206162556,50.4700712643343
وآفری,1394,بیمه کارآفرین,0.0797105168064363,1.6439380567811723e-09,0.9722935026814276,0.2727272727272727,0.0,0.9252738376407008,0.9127789046653144,0.141292349053732,21.473434068598298,41.30095481523527,39.72805552710456,25.45035553664568
وآفری,1395,بیمه کارآفرین,0.7641068731132078,0.4064046745807681,0.9728634852298093,0.3333333333333333,0.0,1.0,0.8924111431316042,0.9761761227334488,56.49798711273015,66.81619540152714,65.69879624016984,58.560777089521984
وآفری,1396,بیمه کارآفرین,0.0,0.1340920353324397,0.9800703461179237,0.3333333333333333,0.0,1.0,0.901268115942029,0.988132411529545,35.55500219914538,54.211203028190894,53.55555960409465,38.67385813654632
وآفری,1397,بیمه کارآفرین,0.9999994642083908,2.685766663480101e-09,0.0,0.5,0.0,0.9999990543268971,0.941360437842064,0.9822404059727664,38.46694461472299,55.294992062948566,53.726053082499845,35.84643874673241
وآفری,1398,بیمه کارآفرین,0.999999473302927,0.0189897794393701,0.9874329504123988,0.3571428571428571,0.0,0.9683801565939821,0.9078156312625252,0.8308186039743141,43.53140575845779,63.382243151604676,62.05276405926813,46.18744163836908
وآفری,1399,بیمه کارآفرین,0.9999995341478408,0.1379787850793966,0.9427539197822328,0.25,0.0,0.8072172225435126,0.9044289044289044,0.763659286834361,45.19422360720513,60.0754706602031,58.82450688410991,47.62660436845649
وآفری,1400,بیمه کارآفرین,0.9999995900716494,8.322794419858075e-09,0.9999999926872808,0.2727272727272727,0.5424776734600427,0.7090437674999137,0.9201430274135876,0.684974341218691,45.14313692141355,64.1170709175154,63.51084379335059,47.77200750511405
وآفری,1401,بیمه کارآفرین,0.8826104529535383,1.4594486272574945e-06,0.9566509471082416,0.7037037037037037,0.8859784283513092,0.7867145396987795,0.8659574468085106,0.6185098743101233,50.009247659376165,71.25158565478542,71.13192779178318,52.082610988234556
واعتبار,1395,سرمایه گذاری اعتبار ایران,0.8745812366634849,0.4064046745807681,1.0,0.6666666666666666,0.849785407725319,1.0,0.9193083573487032,1.0,70.73037670755171,83.95932928731177,83.83590201141594,72.02367407572603
واعتبار,1396,سرمایه گذاری اعتبار ایران,0.8826104529535382,0.1340920353324397,1.0,0.6666666666666666,0.7895705521472393,1.0,0.9257246376811594,1.0,59.73948515163286,79.98330430976304,79.81122381242778,61.483488646577996
واعتبار,1397,سرمایه گذاری اعتبار ایران,0.9999998826212564,2.685766663480101e-09,1.0,0.8,0.7142418661755675,0.9999990543268971,0.9538702111024238,1.0,56.597577449691514,80.85138771139889,80.58827040940066,58.43738935137676
والبر,1395,سرمایه  گذاری  البرز(هلدینگ,0.8745812366634849,0.4064046745807681,1.0,0.6666666666666666,0.849785407725319,1.0,0.9404418828049952,1.0,70.81704152127348,84.22349835551542,84.07965723792668,72.10434968395285
والبر,1396,سرمایه  گذاری  البرز(هلدینگ,0.8826104529535382,0.1340920353324397,1.0,0.6666666666666666,0.7895705521472393,1.0,0.9393115942028986,1.0,59.795202833873695,80.15314126628478,79.96793650437299,61.535355808240624
والبر,1397,سرمایه  گذاری  البرز(هلدینگ,0.9999998826212564,2.685766663480101e-09,1.0,0.8,0.7142418661755675,0.9999990543268971,0.9562157935887412,1.0,56.607196264577176,80.88070749247787,80.6153244847576,58.44634343213916
وایران,1393,لیزینگ ایرانیان,0.8665053719576352,1.0,0.7700527086264168,0.375,0.9796248382923692,0.9252738376407008,0.9694581280788176,0.4706753621356393,84.82853960445962,79.45737808414475,78.64462542228455,84.53747572828415
وایران,1394,لیزینگ ایرانیان,0.9357466944132468,0.7718087493341694,1.0,0.5454545454545454,0.9796248382923692,0.9252738376407008,0.962474645030426,0.1644427147373745,76.83497208620685,78.56032531128541,77.57399510571024,78.1946777761821
وایران,1395,لیزینگ ایرانیان,0.9866743261006864,1.0,1.0,0.6666666666666666,1.0,0.9255272398124816,0.936599423631124,1.0,96.39512704599485,93.94334570263698,93.95037565026185,96.61585928470095
وایران,1396,لیزینگ ایرانیان,0.882610405641651,1.0,1.0,0.6666666666666666,0.9291411042944816,0.9208540289779096,0.9710144927536232,1.0,94.26718639321668,92.12858372917914,92.09477552625404,94.6178811199231
وایران,1397,لیزینگ ایرانیان,0.9999998902586368,1.0,1.0,0.8,0.9037753222836138,0.7431042313931562,0.9749804534792806,1.0,95.66663810826395,92.7732487176836,92.96917342949082,95.96877283283663
وایران,1398,لیزینگ ایرانیان,0.9999999100520556,0.4137323875759445,0.9152528514196822,1.0,0.7604456824512547,0.915140464732251,0.9619238476953909,0.80950949167398,71.4733599835292,84.70005794500698,84.41723884444117,72.31778008016505
وایران,1399,لیزینگ ایرانیان,0.999999861510431,1.106606745276915e-09,0.8019277533811288,1.0,0.8448979591836712,0.9324467516897564,0.98018648018648,0.6964161753518401,54.61965471723236,78.19843728012393,77.82329475830088,55.524192923441085
وایران,1400,لیزینگ ایرانیان,0.999999996331864,9.320155974332012e-10,0.8747548846697097,1.0,0.7415617128463452,0.915849336404527,0.9785458879618594,0.6423091275654844,53.3386326525717,76.91276183389758,76.42626181731012,54.74953771716514
وایران,1401,لیزینگ ایرانیان,0.8826104529535383,1.1149050123234527e-09,0.8047150431164671,1.0,0.935593220338982,0.9602876086049756,0.9680851063829788,0.5702492361389175,52.76294931295957,76.51925835813455,76.13480167742397,53.80160301246403
وبشهر,1394,توسعه  صنایع  بهشهر(هلدینگ,0.0,1.6439380567811723e-09,1.0,0.5454545454545454,0.8324708926261305,0.9252738376407008,0.9137931034482758,0.1644427147373745,32.24915626084354,54.76793869438706,54.27182451589707,35.66216484181393
وبشهر,1395,توسعه  صنایع  بهشهر(هلدینگ,0.8745812366634849,0.4064046745807681,1.0,0.6666666666666666,0.849785407725319,1.0,0.9164265129682996,1.0,70.71855877840785,83.92330623255673,83.8026626623463,72.01267285642237
وبشهر,1396,توسعه  صنایع  بهشهر(هلدینگ,0.8826104529535382,0.1340920353324397,1.0,0.6666666666666666,0.7895705521472393,1.0,0.9239130434782608,1.0,59.73205612733409,79.96065938222681,79.79032878683509,61.47657302502299
وبشهر,1397,توسعه  صنایع  بهشهر(هلدینگ,0.9999998826212564,2.685766663480101e-09,1.0,0.8,0.7142418661755675,0.9999990543268971,0.9421422986708364,1.0,56.549483375263144,80.70478880600405,80.45300003261606,58.39261894756477
وبصادر,1393,بانک صادرات ایران,0.707548045216801,0.4046052432191417,0.9779661218103738,0.0,0.2690815006468306,0.9252738376407008,0.916256157635468,0.328678899906406,48.638065453544655,56.61762257594651,55.00242839401173,51.291041817166175
وبصادر,1394,بانک صادرات ایران,0.0,8.130241904107606e-10,1.0,0.0,0.3027166882276835,0.9252738376407008,0.7778904665314401,0.1644427147373745,21.39216326507886,39.62904634937778,38.44124058332806,25.494217984852156
وبصادر,1395,بانک صادرات ایران,0.8745812366634849,0.4064046745807681,1.0,0.0,0.3090128755364792,1.0,0.7512007684918348,1.0,58.63314044551288,66.76499444090709,65.90792255502157,60.688984919840486
وبصادر,1396,بانک صادرات ایران,0.8826104529535382,0.1340920353324397,1.0,0.0,0.2871165644171776,1.0,0.8894927536231884,1.0,48.60702521236447,64.9163975790793,63.92272494558555,51.04740616445762
وبصادر,1397,بانک صادرات ایران,0.9999998969846896,2.685766663480101e-09,1.0,0.0,0.6763351749539632,0.9999998697265332,0.9397967161845192,1.0,49.611108869015716,70.2016457566934,69.50574784992449,51.853615227305724
وبصادر,1398,بانک صادرات ایران,0.9999897664921954,5.628278458908148e-10,0.9152528514196822,0.0714285714285714,0.6411600852039967,0.9994989432054728,0.9038076152304608,0.80950949167398,46.96754932078944,66.75809156521484,65.84997243393767,48.93370306430052
وبصادر,1399,بانک صادرات ایران,0.9999996339691498,0.1051201846248239,0.9095897119828156,0.0833333333333333,0.8152524167561684,0.9846903866775878,0.8962703962703963,0.7420897600873,52.14369191176977,69.2043227962697,68.42316383225835,53.84965121696544
وبصادر,1400,بانک صادرات ایران,0.9999999372328984,0.5307495884122703,0.991756926961374,0.0909090909090909,0.5069269521410574,0.9989889286904212,0.8915375446960667,0.6796585149144458,65.16410188590301,71.13159354947031,69.94708288744107,66.9204568393622
وبصادر,1401,بانک صادرات ایران,0.8826104529535383,5.9759713310140055e-09,0.9744905905583956,0.6296296296296297,0.8771186440677956,0.9957694059078924,0.8787234042553191,0.6630295864791994,51.22561782210513,73.76714649784677,73.34221039527282,53.285716648935335
وبملت,1393,بانک ملت,0.707548045216801,0.4046052432191417,0.9988932173149292,0.0,0.2690815006468306,0.9252738376407008,0.9123152709359604,0.3440348056548533,48.94468300300717,57.021899007865215,55.43627592247654,51.69401166944015
وبملت,1394,بانک ملت,0.0,1.6439380567811723e-09,1.0,0.0,0.3027166882276835,0.9252738376407008,0.8336713995943205,0.1644427147373745,21.620910941743197,40.32630802305022,39.08462089485229,25.70715743783959
وبملت,1395,بانک ملت,0.8745812366634849,0.4064046745807681,1.0,0.0,0.3090128755364792,1.0,0.9000960614793467,1.0,59.24373345127984,68.62618560325097,67.62528892361995,61.25738125052944
وبملت,1396,بانک ملت,0.8826104529535382,0.1340920353324397,1.0,0.0,0.2871165644171776,1.0,0.9157608695652174,1.0,48.71474606469674,65.24474902835466,64.22570281667961,51.147682677005356
وبملت,1399,بانک ملت,0.9999999827906416,0.1379787850793966,0.952426257492662,0.0,0.9387755102040792,0.8072172225435126,0.9055944055944056,0.7699500370375179,53.692497377990556,68.8992775092777,68.49707658562785,55.57943371508347
وبملت,1400,بانک ملت,0.9999991159548364,8.322794419858075e-09,0.985335210615066,0.0,0.692164921118907,0.7090437674999137,0.928486293206198,0.6755172488118575,44.402283226239184,62.38183206911966,61.766134654391934,46.97470287018218
وبملت,1401,بانک ملت,0.8826104529535383,1.4594486272574945e-06,0.9613667467174044,0.5925925925925926,0.9232827832292564,0.7867145396987795,0.8851063829787233,0.6215588114719499,49.66477354333603,70.66542211363588,70.51442861628416,51.77789434608129
وبهمن,1395,سرمایه گذاری بهمن,0.8745812366634849,0.4064046745807681,1.0,0.6666666666666666,0.849785407725319,1.0,0.956772334293948,1.0,70.88400978642211,84.42762899912732,84.26801354932134,72.16668992667357
وبهمن,1396,سرمایه گذاری بهمن,0.8826104529535382,0.1340920353324397,1.0,0.6666666666666666,0.7895705521472393,1.0,0.957427536231884,1.0,59.86949307686147,80.37959054164709,80.17688676029992,61.60451202379079
وبهمن,1397,سرمایه گذاری بهمن,0.9999998826212564,2.685766663480101e-09,1.0,0.8,0.7142418661755675,0.9999990543268971,0.9429241594996092,1.0,56.55268964689171,80.71456206636371,80.46201805773504,58.39560364115223
وبوعلی,1395,سرمایه گذاری بوعلی,0.8745812366634849,0.4064046745807681,1.0,0.6666666666666666,0.849785407725319,1.0,0.9538904899135446,1.0,70.87219185727824,84.39160594437229,84.23477420025169,72.15568870736992
وبوعلی,1396,سرمایه گذاری بوعلی,0.8826104529535382,0.1340920353324397,1.0,0.6666666666666666,0.7895705521472393,1.0,0.9682971014492754,1.0,59.91406722265413,80.5154601068645,80.3022569138561,61.64600575312089
وبوعلی,1397,سرمایه گذاری بوعلی,0.9999998826212564,2.685766663480101e-09,1.0,0.8,0.7142418661755675,0.9999990543268971,0.9663799843627834,1.0,56.64887779574843,81.00775987715339,80.73255881130426,58.48514444877622
وبیمه,1393,سرمایه  گذاری  صنعت  بیمه,0.6897287933709796,0.9439654903066248,0.7700527086264168,0.125,0.8592261554745361,0.9252738376407008,0.638423645320197,0.4706753621356393,75.47647490950578,67.77932491093867,67.13953311538117,75.71339821121391
وبیمه,1394,سرمایه  گذاری  صنعت  بیمه,0.0,6.599282964119814e-10,1.0,0.3636363636363636,0.8592261554745361,0.9252738376407008,0.9614604462474644,0.1644427147373745,31.261271050247814,53.425493979954595,52.818290242737106,34.72480510857909
وبیمه,1395,سرمایه  گذاری  صنعت  بیمه,0.8745812366634849,2.9485582840340704e-10,1.0,0.6666666666666666,0.849785407725319,0.9927244359494104,0.9164265129682996,1.0,55.05923638889318,78.75230325335045,78.67808364835246,56.97454339986917
وبیمه,1396,سرمایه  گذاری  صنعت  بیمه,0.8826104529535382,0.1340920353324397,1.0,0.6666666666666666,0.7895705521472393,0.987552057143383,0.9628623188405796,1.0,59.81722008188005,80.29192603854808,80.10202847965155,61.55700655715455
وبیمه,1397,سرمایه  گذاری  صنعت  بیمه,0.9999998826212564,2.685766663480101e-09,1.0,0.8,0.7142418661755675,0.993705458253539,0.980453479280688,1.0,56.66889361689387,81.10500861271022,80.82534226826394,58.504361014313446
وبیمه,1398,سرمایه  گذاری  صنعت  بیمه,0.999998058756957,0.0189897794393701,0.9152528514196822,0.5,0.8801017318638765,0.9607684855512998,0.939879759519038,0.80950949167398,53.74419998201048,75.30625197780255,74.8819337855106,55.31300026328104
وبیمه,1399,سرمایه  گذاری  صنعت  بیمه,0.9999997615441556,1.0878824776383618e-10,0.8019277533811288,0.4166666666666667,1.0,0.9810086809589668,0.9207459207459208,0.6964161753518401,51.63651305583827,72.70956198446832,72.18399284567677,52.68668198349836
وبیمه,1400,سرمایه  گذاری  صنعت  بیمه,0.9999998566068066,1.1348889693117586e-09,0.8747548846697097,0.3636363636363636,1.0,0.9555344272594096,0.9082240762812872,0.6423091275654844,50.96957750321879,71.80573421442438,71.2715444250106,52.480579331971775
وبیمه,1401,سرمایه  گذاری  صنعت  بیمه,0.8826104529535383,2.646975447486769e-09,0.8047150431164671,0.7407407407407407,1.0,0.9153999306448408,0.8468085106382979,0.5702492361389175,50.59987365429036,72.00654896099722,71.73862141649185,51.767219891022606
وتجارت,1393,بانک تجارت,0.707548045216801,0.4046052432191417,0.8816619391835769,0.0,0.2690815006468306,0.9252738376407008,0.9172413793103448,0.2647724298359959,47.22929847724691,54.6273046881674,52.90015675802282,49.43817553434581
وتجارت,1394,بانک تجارت,0.0,8.086803102533064e-10,1.0,0.0,0.3027166882276835,0.9252738376407008,0.8874239350912779,0.1644427147373745,21.841340458214095,40.99821470632146,39.70460553837968,25.91235357761666
وتجارت,1395,بانک تجارت,0.8745812366634849,0.4064046745807681,1.0,0.0,0.3090128755364792,1.0,0.9020172910662824,1.0,59.25161207070908,68.65020097308768,67.64744848966637,61.26471539673189
وتجارت,1396,بانک تجارت,0.8826104529535382,0.1340920353324397,1.0,0.0,0.2871165644171776,1.0,0.8885869565217391,1.0,48.60331070021508,64.90507511531118,63.912277432789196,51.043948353680115
وتجارت,1397,بانک تجارت,0.9999998669980984,2.685766663480101e-09,1.0,0.0,0.6763351749539632,0.999999961263864,0.9351055512118844,1.0,49.59187136767105,70.1430069639197,69.45164035269129,51.83570717205607
وتجارت,1398,بانک تجارت,0.0,4.802993853808533e-10,0.9152528514196822,0.0,0.7423398328690839,0.9993880697351664,0.8877755511022044,0.80950949167398,33.43804130934556,54.428322466005206,54.166280414956844,36.17393673350528
وتجارت,1399,بانک تجارت,0.9999995341473964,8.941583461363392e-08,0.8747756754404603,0.0,0.9387755102040792,0.961723849647588,0.902097902097902,0.7194472083063198,48.173753436838865,67.46024711574475,66.76113371429288,49.83434049558727
وتجارت,1400,بانک تجارت,0.9999985286741404,0.5223856370396398,1.0,0.0,0.692164921118907,0.9745552188471956,0.9296781883194278,0.6849743459345514,66.28191098905658,72.54696049917328,71.51547225664507,67.99352752639332
وتجارت,1401,بانک تجارت,0.8826104529535383,0.0327857954823064,0.9968054944432015,0.5925925925925926,0.9232827832292564,0.9585377218270692,0.8851063829787233,0.6444712598083553,52.467067221939125,73.95240604143805,73.58945801927152,54.60712359148573
وتوس,1393,توسعه شهری توس گستر,0.871541554458672,0.6214954756982832,0.7700527086264168,0.625,1.0,0.9252738376407008,0.9379310344827586,0.4706753621356393,72.48567315257633,77.77462466303089,77.17116993063826,72.64358224536251
وتوس,1394,توسعه شهری توس گستر,0.0,0.7266052872856702,1.0,0.7272727272727273,1.0,0.9252738376407008,0.9259634888438134,0.1644427147373745,63.55126675627885,68.36947569725358,68.06247499711424,65.64675693641937
وتوس,1395,توسعه شهری توس گستر,0.8745812366634849,3.0365089723603245e-10,1.0,1.0,0.8965188364329985,0.8817463867499352,0.9221902017291066,1.0,57.647451067388225,82.1879582734897,82.48697785353242,59.427982215552966
وتوس,1396,توسعه شهری توس گستر,0.8826104529535382,0.1340920353324397,1.0,1.0,0.8329925017041601,0.7728117575016511,0.9347826086956522,1.0,61.60849902733377,81.96611695234301,82.32925001558051,63.27816873677238
وتوس,1397,توسعه شهری توس گستر,0.9999994848369088,2.685766663480101e-09,1.0,1.0,1.0,0.7255093731709779,0.9437060203283816,1.0,59.7008871036808,83.36518601277544,83.90597940110747,61.37537029694632
وتوس,1398,توسعه شهری توس گستر,0.9999997262112964,0.6663569467770509,0.9152528514196822,0.7142857142857143,1.0,0.9472062955012898,0.9569138276553106,0.80950949167398,81.67755327653705,87.61906066905405,87.37333398857596,82.07549443069307
وتوس,1399,توسعه شهری توس گستر,0.4172195616420294,0.9663234589169574,0.3421827677613064,0.6666666666666666,0.4693877551020395,0.892087401278263,0.9487179487179488,0.3730563933361389,69.41124896928312,63.445524417766876,62.29537747232763,67.68058557719779
وتوس,1400,توسعه شهری توس گستر,0.9999995232382322,3.460137057125465e-16,0.3347945652331402,0.6363636363636364,0.1158690176322444,0.712252245933501,0.902264600715137,0.2559935922390981,33.70246478564649,49.46921476693738,47.86889593817983,33.41124622343999
وتوس,1401,توسعه شهری توس گستر,0.8826104529535383,4.794777604732745e-10,1.0,0.8518518518518519,0.7796610169491517,0.7054697610047376,0.9297872340425531,0.6465366246484686,50.44139294567513,72.44896177412224,72.40064828487061,52.74955927043955
وتوشه,1395,سرمایه  گذاری  پارس  توشه,0.8745812366634849,0.4064046745807681,1.0,0.6666666666666666,0.849785407725319,1.0,0.9164265129682996,1.0,70.71855877840785,83.92330623255673,83.8026626623463,72.01267285642237
وتوشه,1396,سرمایه  گذاری  پارس  توشه,0.8826104529535382,0.1340920353324397,1.0,0.6666666666666666,0.7895705521472393,1.0,0.9257246376811594,1.0,59.73948515163286,79.98330430976304,79.81122381242778,61.483488646577996
وتوشه,1397,سرمایه  گذاری  پارس  توشه,0.9999998826212564,2.685766663480101e-09,1.0,0.8,0.7142418661755675,0.9999990543268971,0.941360437842064,1.0,56.54627710363458,80.6950155456444,80.4439820074971,58.3896342539773
وتوصا,1395,گروه س توسعه صنعتی ایران,0.8745812366634849,0.4064046745807681,1.0,0.6666666666666666,0.849785407725319,1.0,0.8914505283381364,1.0,70.61613672582759,83.61110642467968,83.5145883037427,71.91732895579068
وتوصا,1396,گروه س توسعه صنعتی ایران,0.8826104529535382,0.1340920353324397,1.0,0.6666666666666666,0.7895705521472393,1.0,0.9284420289855072,1.0,59.75062868808103,80.01727170106739,79.84256635081682,61.493862078910524
وتوصا,1397,گروه س توسعه صنعتی ایران,0.9999998826212564,2.685766663480101e-09,1.0,0.8,0.7142418661755675,0.9999990543268971,0.9421422986708364,1.0,56.549483375263144,80.70478880600405,80.45300003261606,58.39261894756477
وتوکا,1395,سرمایه گذاری توکافولاد(هلدینگ,0.8745812366634849,0.4064046745807681,1.0,0.6666666666666666,0.849785407725319,1.0,0.946205571565802,1.0,70.84067737956123,84.2955444650255,84.14613593606597,72.12635212256015
وتوکا,1396,سرمایه گذاری توکافولاد(هلدینگ,0.8826104529535382,0.1340920353324397,1.0,0.6666666666666666,0.7895705521472393,1.0,0.9538043478260868,1.0,59.854635028263914,80.33430068657464,80.13509670911453,61.59068078068075
وتوکا,1397,سرمایه گذاری توکافولاد(هلدینگ,0.9999998826212564,2.685766663480101e-09,1.0,0.8,0.7142418661755675,0.9999990543268971,0.962470680218921,1.0,56.63284643760564,80.9588935753551,80.68746868570938,58.47022098083888
وخارزم,1395,سرمایه گذاری خوارزمی,0.8745812366634849,0.4064046745807681,1.0,0.6666666666666666,0.849785407725319,1.0,0.9193083573487032,1.0,70.73037670755171,83.95932928731177,83.83590201141594,72.02367407572603
وخارزم,1396,سرمایه گذاری خوارزمی,0.8826104529535382,0.1340920353324397,1.0,0.6666666666666666,0.7895705521472393,1.0,0.927536231884058,1.0,59.74691417593164,80.00594923729926,79.83211883802048,61.49040426813301
وخارزم,1397,سرمایه گذاری خوارزمی,0.9999998826212564,2.685766663480101e-09,1.0,0.8,0.7142418661755675,0.9999990543268971,0.9405785770132916,1.0,56.54307083200602,80.68524228528474,80.43496398237812,58.386649560389834
وخاور,1392,بانک خاورمیانه,0.9963270728109028,0.0868254272360079,0.7944838648343708,0.0,0.0,0.9252738376407008,0.9245283018867924,0.8062235091973353,41.271028474955095,56.67077517007637,55.09523897715884,43.03509421970201
وخاور,1393,بانک خاورمیانه,0.707548045216801,0.4046052432191417,0.992629714661572,0.0,0.2690815006468306,0.9252738376407008,0.92807881773399,0.3481912019185949,49.00669919235701,57.19260451297039,55.593835785364895,51.71586122655578
وخاور,1394,بانک خاورمیانه,0.0,1.6439380567811723e-09,1.0,0.0,0.3027166882276835,0.9252738376407008,0.920892494929006,0.1644427147373745,21.978589077150467,41.416571714733784,40.09063372947337,26.04011726183527
وخاور,1395,بانک خاورمیانه,0.8745812366634849,0.4064046745807681,1.0,0.0,0.3090128755364792,1.0,0.904899135446686,1.0,59.26342999985297,68.68622402784273,67.68068783873602,61.275716616035545
وخاور,1396,بانک خاورمیانه,0.8826104529535382,0.1340920353324397,1.0,0.0,0.2871165644171776,1.0,0.9202898550724636,1.0,48.73331862544369,65.30136134719524,64.27794038066135,51.16497173089291
وخاور,1399,بانک خاورمیانه,0.4720696419680544,0.1379787850793966,0.9746043563809236,0.0,0.9387755102040792,0.8072172225435126,0.9195804195804196,0.7843743555697918,46.68021704535743,62.93250364157722,62.83908074303105,49.09227584402433
وخاور,1400,بانک خاورمیانه,0.9999997340510544,8.322794419858075e-09,0.8839398984300574,0.0,0.692164921118907,0.7090437674999137,0.9189511323003576,0.6101289714933543,42.896059699799956,60.177855415205485,59.45661986110862,45.0023392395709
وخاور,1401,بانک خاورمیانه,0.8826104529535383,1.4594486272574945e-06,0.9962101669169324,0.5925925925925926,0.9232827832292564,0.7867145396987795,0.8723404255319149,0.644086358758961,50.11720438659385,71.22298473913253,71.1238188787897,52.395008234506314
ورنا,1393,سرمایه گذاری  رنا(هلدینگ,0.0,0.1024336697245811,0.7700527086264168,0.25,0.7531357219191197,0.9252738376407008,0.929064039408867,0.4706753621356393,34.51917806562618,52.50794174319155,52.00423797314628,36.53166006094008
ورنا,1394,سرمایه گذاری  رنا(هلدینگ,0.0,0.0,1.0,0.3636363636363636,0.7308008938021885,0.9252738376407008,0.9168356997971604,0.1644427147373745,29.657304651881233,51.262368870172345,50.56609554444893,33.2299965729091
ورنا,1395,سرمایه گذاری  رنا(هلدینگ,0.8745812366634849,0.8922670901266978,1.0,0.6666666666666666,0.849785407725319,0.9640197410199968,0.914505283381364,1.0,89.16400507395174,89.52281781979411,89.4133361010604,89.73865867133847
ورنا,1396,سرمایه گذاری  رنا(هلدینگ,0.8826104529535382,0.1340920353324397,1.0,0.6666666666666666,0.7895705521472393,0.9697825439491796,0.927536231884058,1.0,59.56591916332644,79.628231036664,79.49823151173774,61.324721323953504
ورنا,1397,سرمایه گذاری  رنا(هلدینگ,0.9999998826212564,2.685766663480101e-09,1.0,0.8,0.7142418661755675,0.9399633222123388,0.9483971853010164,1.0,56.21553451147785,80.03252823744931,79.86178031426756,58.08731932013214
ورنا,1398,سرمایه گذاری  رنا(هلدینگ,0.999999580889057,0.0189897794393701,0.9152528514196822,0.5,0.8801017318638765,0.9686563140690126,0.9509018036072144,0.80950949167398,53.83666685087364,75.54264441202741,75.09623725140808,55.39834528002366
ورنا,1399,سرمایه گذاری  رنا(هلدینگ,0.9999996161986368,0.6130835775410841,0.8019277533811288,0.4166666666666667,1.0,0.7655053135389565,0.9230769230769232,0.6964161753518401,73.91245808354265,77.70845032194045,77.43910768890123,74.13962667328622
ورنا,1400,سرمایه گذاری  رنا(هلدینگ,0.9999997051663227,8.096348172250441e-10,0.8747548846697097,0.3636363636363636,1.0,0.7086775752422516,0.9117997616209772,0.6423091275654844,49.505627745272015,68.76471773388431,68.58514368681419,51.140705937787125
ورنا,1401,سرمایه گذاری  رنا(هلدینگ,0.8826104529535383,5.954264063748236e-10,0.8047150431164671,0.7407407407407407,1.0,0.8633272351187041,0.8574468085106383,0.5702492361389175,50.33159689814196,71.48861896468041,71.28594762826003,51.52231501953746
وساخت,1395,سرمایه  گذاری  ساختمان ایران,0.8745812366634849,0.4064046745807681,1.0,0.6666666666666666,0.849785407725319,1.0,0.92507204610951,1.0,70.75401256583947,84.03137539682186,83.90238070955523,72.04567651433334
وساخت,1396,سرمایه  گذاری  ساختمان ایران,0.8826104529535382,0.1340920353324397,1.0,0.6666666666666666,0.7895705521472393,1.0,0.9338768115942028,1.0,59.77291576097736,80.08520648367607,79.9052514275949,61.514608943575574
وساخت,1397,سرمایه  گذاری  ساختمان ایران,0.9999998826212564,2.685766663480101e-09,1.0,0.8,0.7142418661755675,0.9999990543268971,0.944487881157154,1.0,56.55910219014881,80.73410858708301,80.48005410797299,58.40157302832717
وساپا,1393,سرمایه گذاری  سایپا,0.912149532775316,0.6137418867636559,0.7700527086264168,0.125,0.8592261554745361,0.9252738376407008,0.9369458128078818,0.4706753621356393,67.12634571977625,70.16331620280182,69.1391645164855,67.60067705056498
وساپا,1394,سرمایه گذاری  سایپا,0.0,7.33451763785253e-10,1.0,0.3636363636363636,0.8592261554745361,0.9252738376407008,0.9300202839756592,0.1644427147373745,31.132340562402828,53.03249195247608,52.45565771023975,34.60478470961958
وساپا,1395,سرمایه گذاری  سایپا,0.8745812366634849,0.8938259346991472,1.0,0.6666666666666666,0.849785407725319,0.8492123864014265,0.8789625360230547,1.0,88.39048047940312,87.66292710223873,87.75416995885615,89.03101450889656
وساپا,1396,سرمایه گذاری  سایپا,0.8826104529535382,0.1340920353324397,1.0,0.6666666666666666,0.7895705521472393,0.8585855514517915,0.9266304347826086,1.0,58.89616244613911,78.22694616667854,78.25911450230367,60.71156807521822
وساپا,1397,سرمایه گذاری  سایپا,0.9999998826212564,2.685766663480101e-09,1.0,0.8,0.7142418661755675,0.8513450224172038,0.9421422986708364,1.0,55.65908286192878,78.84661340713288,78.81044954219753,57.57754577828369
وسپه,1395,سرمایه گذاری  سپه,0.8745812366634849,0.4064046745807681,1.0,0.6666666666666666,0.849785407725319,1.0,0.9538904899135446,1.0,70.87219185727824,84.39160594437229,84.23477420025169,72.15568870736992
وسپه,1396,سرمایه گذاری  سپه,0.8826104529535382,0.1340920353324397,1.0,0.6666666666666666,0.7895705521472393,1.0,0.967391304347826,1.0,59.91035271050475,80.50413764309637,80.29180940105974,61.642547942343384
وسپه,1397,سرمایه گذاری  سپه,0.9999998826212564,2.685766663480101e-09,1.0,0.8,0.7142418661755675,0.9999990543268971,0.9812353401094606,1.0,56.70979695669103,81.19345182398685,80.90390128856475,58.541853626938064
وسکاب,1395,س.ص.بازنشستگی کارکنان بانکها,0.8745812366634849,0.4064046745807681,1.0,0.6666666666666666,0.849785407725319,1.0,0.9500480307396734,1.0,70.85643461841974,84.3435752046989,84.19045506815883,72.14102041496504
وسکاب,1396,س.ص.بازنشستگی کارکنان بانکها,0.8826104529535382,0.1340920353324397,1.0,0.6666666666666666,0.7895705521472393,1.0,0.9610507246376812,1.0,59.88435112545902,80.42488039671956,80.21867681148531,61.61834326690082
وسکاب,1397,س.ص.بازنشستگی کارکنان بانکها,0.9999998826212564,2.685766663480101e-09,1.0,0.8,0.7142418661755675,0.9999990543268971,0.9437060203283816,1.0,56.555895918520264,80.72433532672336,80.47103608285401,58.3985883347397
وسینا,1392,بانک سینا,0.824883061705882,0.0868254272360079,0.803029591085028,0.0,0.0,0.9252738376407008,0.9078801331853495,0.5838684381478126,36.47917792055592,51.647006112509764,49.93874797354951,38.61334945095082
وسینا,1393,بانک سینا,0.707548045216801,0.4046052432191417,0.9941372703901636,0.0,0.2690815006468306,0.9252738376407008,0.9192118226600984,0.3394099086178692,48.88742102791236,56.99084535489507,55.3914353414789,51.614084880571696
وسینا,1394,بانک سینا,0.0,1.6439380567811723e-09,1.0,0.0,0.3027166882276835,0.9252738376407008,0.8286004056795132,0.1644427147373745,21.600115701312543,40.26292059911513,39.026131776560376,25.687799308537517
وسینا,1395,بانک سینا,0.8745812366634849,0.4064046745807681,1.0,0.0,0.3090128755364792,1.0,0.7886647454370798,1.0,58.78677352438327,67.23329415272265,66.34003409292697,60.83200077078803
وسینا,1396,بانک سینا,0.8826104529535382,0.1340920353324397,1.0,0.0,0.2871165644171776,1.0,0.9157608695652174,1.0,48.71474606469674,65.24474902835466,64.22570281667961,51.147682677005356
وسینا,1399,بانک سینا,0.9999989590514032,0.1379787850793966,0.9779932148428776,0.0,0.9387755102040792,0.8072172225435126,0.8962703962703963,0.8152044752747476,54.333072603574536,69.66798204083015,69.33590688263487,56.31722275510618
وسینا,1400,بانک سینا,0.9999999334357852,8.322794419858075e-09,0.9343801562317766,0.0,0.692164921118907,0.7090437674999137,0.8915375446960667,0.6426571179537905,43.51348495780236,60.87229311573793,60.2346203161829,45.86076404343429
وسینا,1401,بانک سینا,0.8826104529535383,1.4594486272574945e-06,0.9706227659409932,0.5925925925925926,0.9232827832292564,0.7867145396987795,0.8212765957446808,0.6655302767520672,49.945004777586476,70.53289332950669,70.4965487925732,52.087772782388406
وصنعت,1395,سرمایه گذاری توسعه صنعت وتجارت,0.8745812366634849,0.4064046745807681,1.0,0.6666666666666666,0.849785407725319,1.0,0.9510086455331412,1.0,70.86037392813435,84.35558288961724,84.20153485118205,72.14468748806627
وصنعت,1396,سرمایه گذاری توسعه صنعت وتجارت,0.8826104529535382,0.1340920353324397,1.0,0.6666666666666666,0.7895705521472393,1.0,0.9619565217391304,1.0,59.88806563760842,80.43620286048767,80.22912432428167,61.62180107767833
وغدیر,1395,سرمایه گذاری غدیر(هلدینگ,0.8745812366634849,0.4064046745807681,1.0,0.6666666666666666,0.849785407725319,1.0,0.9500480307396734,1.0,70.85643461841974,84.3435752046989,84.19045506815883,72.14102041496504
وغدیر,1396,سرمایه گذاری غدیر(هلدینگ,0.8826104529535382,0.1340920353324397,1.0,0.6666666666666666,0.7895705521472393,1.0,0.9610507246376812,1.0,59.88435112545902,80.42488039671956,80.21867681148531,61.61834326690082
وغدیر,1397,سرمایه گذاری غدیر(هلدینگ,0.9999998826212564,2.685766663480101e-09,1.0,0.8,0.7142418661755675,0.9999990543268971,0.9710711493354184,1.0,56.66811542551977,81.06639943931133,80.78666696201809,58.50305261030101
ولصنم,1393,لیزینگ صنعت ومعدن,0.9678341713916854,0.1082690809631394,0.7700527086264168,0.375,0.9796248382923692,0.9252738376407008,0.9704433497536946,0.4706753621356393,51.98736175176768,69.58966686004557,68.79765466809224,52.969060406108866
ولصنم,1394,لیزینگ صنعت ومعدن,0.8309865000206613,2.2946003853634304e-09,1.0,0.5454545454545454,0.9796248382923692,0.9252738376407008,0.977687626774848,0.1644427147373745,45.77447667051908,67.79337581518874,66.91941894098244,48.38724558523815
ولصنم,1395,لیزینگ صنعت ومعدن,0.9130106243215352,5.177417716303927e-09,1.0,0.6666666666666666,1.0,0.9275225907232504,0.967339097022094,1.0,57.07760609970038,80.93173729888706,81.0358921018492,58.867582337371886
ولصنم,1396,لیزینگ صنعت ومعدن,0.8826103797603086,1.0,1.0,0.6666666666666666,0.9291411042944816,0.8983991472771968,0.9836956521739132,1.0,94.18469006937951,92.00641187715708,91.99292551872928,94.54316954284911
ولصنم,1397,لیزینگ صنعت ومعدن,0.9999999386308888,1.0,1.0,0.8,0.9037753222836138,0.1858093843876287,0.9906176700547302,1.0,92.39270731191071,86.00252894196078,86.9917134768244,92.97280802875292
ولصنم,1398,لیزینگ صنعت ومعدن,0.9999994207325312,0.4073640280644944,0.9152528514196822,0.5714285714285714,0.9233983286908112,0.7091628837770936,0.9809619238476954,0.80950949167398,68.38882386470132,78.96346874543575,78.91107723089962,69.41777362235239
ولصنم,1399,لیزینگ صنعت ومعدن,0.789794653097315,0.6718166357774398,0.8019277533811288,1.0,0.9387755102040792,0.5006019641476812,0.9813519813519812,0.6964161753518401,75.9472698299114,79.75855841639333,80.1642858996031,76.14884789260088
ولصنم,1400,لیزینگ صنعت ومعدن,0.9999996888205998,1.845406430466915e-15,0.8747548846697097,1.0,0.8979848866498703,0.3874768650889412,0.9773539928486292,0.6423091275654844,51.89967413173788,72.24849307054045,72.69054674584727,53.46110735691977
ولصنم,1401,لیزینگ صنعت ومعدن,0.8826104529535383,0.3945172430761483,0.8047150431164671,1.0,0.9745762711864396,0.6431454719832113,0.9872340425531916,0.5702492361389175,66.53218299375555,78.21309701259894,78.27546268202418,67.09737544759031
ولغدر,1393,لیزینگ خودروغدیر,0.9493747297632892,1.0,0.7700527086264168,0.375,0.9796248382923692,0.9252738376407008,0.9477832512315272,0.4706753621356393,85.89995511290678,80.22230909612428,79.38386478910442,85.54806453659745
ولغدر,1394,لیزینگ خودروغدیر,0.3581363288295034,0.5471516168775172,1.0,0.5454545454545454,0.9796248382923692,0.9252738376407008,0.9533468559837728,0.1644427147373745,60.07784080558349,68.4178842226973,67.78520609057541,62.24827062424101
ولغدر,1395,لیزینگ خودروغدیر,0.0,1.0,1.0,0.6666666666666666,1.0,0.8602317531107964,0.957732949087416,1.0,82.27570816684995,81.05789211081098,81.694395934092,83.3209007599862
ولغدر,1396,لیزینگ خودروغدیر,0.882610488094761,0.0,1.0,0.6666666666666666,0.9291411042944816,0.8801846446449186,0.9655797101449276,1.0,55.577177073288176,79.05228267307194,79.17097906296901,57.469457044035074
ولغدر,1397,لیزینگ خودروغدیر,0.8926884893177731,2.086081875889128e-09,1.0,0.8,0.9037753222836138,0.3942495521690712,0.9741985926505082,1.0,53.64722854439157,74.56139948133811,75.41274306202637,55.73251814971664
ولغدر,1398,لیزینگ خودروغدیر,0.9999998020979256,7.287253859650909e-06,0.9152528514196822,1.0,0.7604456824512547,0.7624609754411611,0.940881763527054,0.80950949167398,54.575532109429346,77.35697317331146,77.35246031846377,56.13191186168427
ولغدر,1399,لیزینگ خودروغدیر,0.9999999449260996,3.0993524495168907e-10,0.8019277533811288,1.0,0.8448979591836712,0.6847708085734432,0.9557109557109558,0.6964161753518401,53.03576907660289,74.79654496796341,74.80430211068247,54.07274818048538
ولغدر,1400,لیزینگ خودروغدیر,0.9999995233733744,0.3433548103804437,0.8747548846697097,1.0,0.7415617128463452,0.6297192013496443,0.935637663885578,0.6423091275654844,64.64192679737309,77.09171155088225,77.0313892295454,65.68827695627496
ولغدر,1401,لیزینگ خودروغدیر,0.8826104529535383,7.060531293097984e-10,0.8047150431164671,1.0,0.935593220338982,0.6430450824509766,0.9723404255319148,0.5702492361389175,50.8801961252503,72.60691826546062,72.67851623107357,52.078399938081496
ولنوین,1399,لیزینگ اقتصاد نوین,0.9999999493417824,3.024891763700454e-09,0.8019277533811288,1.0,0.6510862409479917,0.8072172225435126,1.0,0.6964161753518401,51.806373889070144,74.45809180738934,74.04598764998853,52.91440341985497
ولنوین,1400,لیزینگ اقتصاد نوین,0.99999986697936,8.322794419858075e-09,0.8747548846697097,1.0,0.4186235475745534,0.7090437674999137,0.0,0.6423091275654844,44.513908697704,58.05914003264769,58.485470589078915,46.54961381480151
ولنوین,1401,لیزینگ اقتصاد نوین,0.8826104529535383,3.653558507557549e-09,0.706150490560155,0.8888888888888888,0.7507846829880711,0.7867145396987795,0.0,0.4565521546606228,42.83995109910297,55.89626516754518,56.28427873516743,44.016677269960134
ولپارس,1398,لیزینگ پارسیان,0.9999999312090788,1.096217683256335e-09,0.9152528514196822,1.0,0.6109264084823454,0.9683801565939821,0.8587174348697395,0.80950949167398,53.8173530678107,77.03482844181282,76.65710904615844,55.40504713411295
ولپارس,1399,لیزینگ پارسیان,0.9999997281329452,0.183292037364016,0.8019277533811288,1.0,0.6510862409479917,0.977725481364352,0.9953379953379954,0.6964161753518401,59.851390462442865,78.82231764850336,78.15121409208477,60.595839206031755
ولپارس,1400,لیزینگ پارسیان,0.9999997992224244,0.8984010806004673,0.8747548846697097,1.0,0.4186235475745534,0.9693152249189037,0.9880810488676997,0.6423091275654844,84.64508683668967,84.89355891774053,83.90863312353206,84.90382075459469
ولپارس,1401,لیزینگ پارسیان,0.8826104529535383,0.9387242826275524,0.8047150431164671,1.0,0.8551120831055218,0.9483568453838674,0.9808510638297872,0.5702492361389175,87.92300818297201,87.25773758944565,86.71256964863355,87.5982389259111
ولکار,1399,لیزینگ کارآفرین,0.9999999064260118,4.6162925619897046e-10,0.8019277533811288,1.0,0.8448979591836712,0.8072172225435126,0.944055944055944,0.6964161753518401,53.72139685125658,76.18143701754671,76.02284192774886,54.699631818849724
ولکار,1400,لیزینگ کارآفرین,0.999999768944546,0.1038964514187259,0.8747548846697097,1.0,0.7415617128463452,0.7090437674999137,0.935637663885578,0.6423091275654844,55.91608690403883,75.09004221037878,74.9357936790457,57.28608261510663
ولکار,1401,لیزینگ کارآفرین,0.8826104529535383,9.038422437174359e-10,0.8047150431164671,1.0,0.935593220338982,0.8605295748212971,0.8425531914893617,0.5702492361389175,51.6506396401438,73.70313399703008,73.5846348794072,52.77541918534061
ومدیر,1395,گ.مدیریت ارزش سرمایه ص ب کشوری,0.8745812366634849,0.4064046745807681,1.0,0.6666666666666666,0.849785407725319,1.0,0.0,1.0,66.9604573106551,72.46797482045298,73.23254965819889,68.51428511785934
ومدیر,1396,گ.مدیریت ارزش سرمایه ص ب کشوری,0.8826104529535382,0.1340920353324397,1.0,0.6666666666666666,0.7895705521472393,1.0,0.0,1.0,55.943253734957565,68.41174633874854,69.1338657345611,57.949606031964585
ومدیر,1397,گ.مدیریت ارزش سرمایه ص ب کشوری,0.9999998826212564,2.685766663480101e-09,1.0,0.8,0.7142418661755675,0.9999990543268971,0.3721657544956998,1.0,54.21211135804466,73.58008200381484,73.87885972088438,56.216777322302
ومعادن,1394,توسعه معادن وفلزات,0.0,1.6439380567811723e-09,0.7551803535660486,0.7272727272727273,0.7011642949547243,0.9252738376407008,0.9148073022312372,0.0,28.66700276665579,50.2962314663672,49.47217696025824,30.96763267753861
ومعادن,1395,توسعه معادن وفلزات,0.8745812366634849,0.4064046745807681,1.0,0.6666666666666666,0.849785407725319,1.0,0.9077809798270894,1.0,70.6831049909762,83.8152370682916,83.70294461513737,71.9796691985114
ومعادن,1396,توسعه معادن وفلزات,0.8826104529535382,0.1340920353324397,1.0,0.6666666666666666,0.7895705521472393,1.0,0.9365942028985508,1.0,59.78405929742553,80.11917387498043,79.93659396598395,61.5249823759081
ومعادن,1397,توسعه معادن وفلزات,0.9999998826212564,2.685766663480101e-09,1.0,0.8,0.7142418661755675,0.9999990543268971,0.947615324472244,1.0,56.57192727666305,80.77320162852163,80.51612620844888,58.41351180267703
وملی,1395,گروه  صنعتی  ملی  (هلدینگ,0.8745812366634849,0.4064046745807681,1.0,0.6666666666666666,0.849785407725319,1.0,0.9164265129682996,1.0,70.71855877840785,83.92330623255673,83.8026626623463,72.01267285642237
وملی,1396,گروه  صنعتی  ملی  (هلدینگ,0.8826104529535382,0.1340920353324397,1.0,0.6666666666666666,0.7895705521472393,1.0,0.9248188405797102,1.0,59.735770639483476,79.97198184599492,79.80077629963144,61.48003083580049
وملی,1397,گروه  صنعتی  ملی  (هلدینگ,0.9999998826212564,2.685766663480101e-09,1.0,0.8,0.7142418661755675,0.9999990543268971,0.964034401876466,1.0,56.63925898086275,80.97844009607442,80.70550473594733,58.47619036801382
ونوین,1392,بانک اقتصادنوین,0.8948142384002655,0.0868254272360079,0.999685250961988,0.0,0.0,0.9252738376407008,0.921198668146504,0.6925115316060513,40.16325189854915,56.503861924893975,54.94560702724159,43.16139466550722
ونوین,1393,بانک اقتصادنوین,0.707548045216801,1.0,0.9862364366046498,0.0,0.2690815006468306,0.9252738376407008,0.9044334975369458,0.3341669961703185,71.58843242019604,64.08425392270307,62.43746076286592,73.37820858039417
ونوین,1394,بانک اقتصادنوین,0.0,8.145708768930687e-10,1.0,0.0,0.3027166882276835,0.9252738376407008,0.9117647058823528,0.1644427147373745,21.94115761250758,41.30247434128352,39.98535330625402,26.00527259848401
ونوین,1395,بانک اقتصادنوین,0.8745812366634849,0.4064046745807681,1.0,0.0,0.3090128755364792,0.9724334659398324,0.808837656099904,1.0,58.70438237623708,67.14087386025585,66.26811353280812,60.75786142251034
ونوین,1396,بانک اقتصادنوین,0.8826104529535382,0.1340920353324397,1.0,0.0,0.2871165644171776,0.9743673870984388,0.8641304347826086,1.0,48.34948592462241,64.27896093230254,63.34696741644497,50.810043309486595
ونوین,1397,بانک اقتصادنوین,0.9999998774859876,2.685766663480101e-09,1.0,0.0,0.6763351749539632,0.9999999769035908,0.9171227521501172,1.0,49.518127360739086,69.91822230224281,69.24422607296317,51.767059443668515
ونوین,1398,بانک اقتصادنوین,0.0,5.621497111660196e-10,0.9152528514196822,0.0714285714285714,0.6411600852039967,0.9978399920354843,0.9138276553106212,0.80950949167398,32.997286031405984,54.36273309543107,54.010009360792,35.769563803776336
ونوین,1399,بانک اقتصادنوین,0.9999995341479349,1.04416903954241e-08,0.9538025710727528,0.0,0.7823129251700625,0.9676598382676944,0.9032634032634032,0.7708451717187881,47.63103672000013,67.22354317602908,66.44358364677565,49.77092205653797
ونوین,1400,بانک اقتصادنوین,0.999999691912324,0.2792934835028367,0.9999998931864428,0.0,0.692164921118907,0.9836619575970424,0.8986889153754469,0.6849742770521311,56.86878830793014,69.23478924681415,68.24148086279824,58.953934216682434
ونوین,1401,بانک اقتصادنوین,0.8826104529535383,1.5121869646704746e-09,0.9848557783645912,0.5925925925925926,0.9232827832292564,0.9671004766788268,0.8382978723404255,0.636745330709383,50.89351993528231,72.81856610476001,72.47776046854003,53.037080627734525
ونیرو,1395,سرمایه گذاری نیرو,0.8745812366634849,0.4064046745807681,1.0,0.6666666666666666,0.849785407725319,1.0,0.9231508165225744,1.0,70.74613394641023,84.00736002698517,83.8802211435088,72.0383423681309
ونیرو,1396,سرمایه گذاری نیرو,0.8826104529535382,0.1340920353324397,1.0,0.6666666666666666,0.7895705521472393,1.0,0.9284420289855072,1.0,59.75062868808103,80.01727170106739,79.84256635081682,61.493862078910524
ونیرو,1397,سرمایه گذاری نیرو,0.9999998826212564,2.685766663480101e-09,1.0,0.8,0.7142418661755675,0.9999990543268971,0.9499609069585614,1.0,56.58154609154873,80.80252140960062,80.54318028380581,58.42246588343942
ونیکی,1395,سرمایه گذاری  ملی ایران,0.8745812366634849,0.4064046745807681,1.0,0.6666666666666666,0.849785407725319,1.0,0.9404418828049952,1.0,70.81704152127348,84.22349835551542,84.07965723792668,72.10434968395285
ونیکی,1396,سرمایه گذاری  ملی ایران,0.8826104529535382,0.1340920353324397,1.0,0.6666666666666666,0.7895705521472393,1.0,0.9293478260869564,1.0,59.75434320023042,80.0285941648355,79.85301386361317,61.49731988968803
ونیکی,1397,سرمایه گذاری  ملی ایران,0.9999998826212564,2.685766663480101e-09,1.0,0.8,0.7142418661755675,0.9999990543268971,0.960906958561376,1.0,56.62643389434853,80.93934705463579,80.66943263547144,58.46425159366395
وپارس,1393,بانک پارسیان,0.707548045216801,0.4046052432191417,0.974585123638883,0.0,0.2690815006468306,0.9252738376407008,0.9201970443349754,0.3601654078634504,48.966808428278185,57.01820253200979,55.433042607247614,51.57535774039271
وپارس,1394,بانک پارسیان,0.0,0.5936286276180595,1.0,0.0,0.3027166882276835,0.9252738376407008,0.9117647058823528,0.1644427147373745,44.75081754887354,48.72283217632714,47.35331547228797,47.91295139151745
وپارس,1395,بانک پارسیان,0.8745812366634849,0.4064046745807681,1.0,0.0,0.3090128755364792,1.0,0.7137367915465898,1.0,58.47950736664248,66.29669472909153,65.47581101711617,60.54596906889294
وپارس,1396,بانک پارسیان,0.8826104529535382,0.1340920353324397,1.0,0.0,0.2871165644171776,1.0,0.9157608695652174,1.0,48.71474606469674,65.24474902835466,64.22570281667961,51.147682677005356
وپارس,1397,بانک پارسیان,0.9999992870526838,2.685766663480101e-09,1.0,0.0,0.6763351749539632,0.9999999865962584,0.9257232212666144,1.0,49.5533881397224,70.02572090694107,69.34341740817582,51.799883336435904
وپارس,1398,بانک پارسیان,0.999998980340892,8.879852922617283e-11,0.9152528514196822,0.0,0.7423398328690839,0.9989190691293202,0.9028056112224448,0.80950949167398,47.49841367969817,67.11032295930252,66.27176991240509,49.42215676879665
وپارس,1399,بانک پارسیان,0.999999819876567,0.1974012806208427,0.9568060907325764,0.0,0.9387755102040792,0.9681815168915384,0.8962703962703963,0.7727986179771673,56.96528455142342,71.6279154071646,71.00097868194786,58.70324149893711
وپارس,1400,بانک پارسیان,0.9999998459645928,1.229922094937317e-09,0.964745012563716,0.0,0.692164921118907,0.9850357724085916,0.8772348033373063,0.6622389467758819,45.54731514096198,64.76774129248648,63.7779173219995,47.89919854291129
وپارس,1401,بانک پارسیان,0.8826104529535383,1.9688231175702397e-09,0.9383577869797032,0.5925925925925926,0.9232827832292564,1.0,0.8340425531914893,0.606682676306464,50.399506332043664,72.21961059027333,71.78248677214611,52.312662877572315
وپاسار,1392,بانک  پاسارگاد,0.939692804334806,0.0868254272360079,0.92481594259805,0.0,0.0,0.9252738376407008,0.9100998890122086,0.7342211060427809,40.629092310784706,56.51161258580692,54.954782068447706,43.17394421858498
وپاسار,1393,بانک  پاسارگاد,0.707548045216801,0.4046052432191417,0.9210897187758564,0.0,0.2690815006468306,0.9252738376407008,0.9201970443349754,0.2909363008925748,47.819834826079806,55.48414613408601,53.7995884185245,50.20957810459811
وپاسار,1394,بانک  پاسارگاد,0.0,1.6439380567811723e-09,1.0,0.0,0.3027166882276835,0.9252738376407008,0.9046653144016228,0.1644427147373745,21.912044307772373,41.213731958141494,39.903468550939216,25.978171248068637
وپاسار,1395,بانک  پاسارگاد,0.8745812366634849,0.4064046745807681,1.0,0.0,0.3090128755364792,1.0,0.4101825168107589,1.0,57.234685496820816,62.50226629489364,61.97459958178013,59.3871739689077
وپاسار,1396,بانک  پاسارگاد,0.8826104529535382,0.1340920353324397,1.0,0.0,0.2871165644171776,1.0,0.779891304347826,1.0,48.15756924228843,63.54637946313727,62.65857589722755,50.62901106037913
وپاسار,1399,بانک  پاسارگاد,0.9999998897757886,0.1379787850793966,0.9860298943078152,0.0833333333333333,0.8152524167561684,0.8072172225435126,0.8951048951048951,0.8099775338165055,53.64414496258236,69.1861746339677,68.76797721885369,55.72860580615
وپاسار,1400,بانک  پاسارگاد,0.9999999349433856,8.322794419858075e-09,0.878874232923625,0.0,0.692164921118907,0.7090437674999137,0.8951132300357568,0.7630865504870517,44.40249350943518,61.728533066642925,61.199377816196744,46.36367665875882
وپاسار,1401,بانک  پاسارگاد,0.8826104529535383,1.4594486272574945e-06,0.6667093823251989,0.5925925925925926,0.9232827832292564,0.7867145396987795,0.8212765957446808,0.8620214099805179,49.7618748744689,69.19011519966489,69.24894943370288,50.17672795052044
وپترو,1395,سرمایه گذاری صنایع پتروشیمی,0.8745812366634849,0.4064046745807681,1.0,0.6666666666666666,0.849785407725319,1.0,0.9375600384245918,1.0,70.80522359212961,84.18747530076038,84.04641788885704,72.09334846464918
وپترو,1396,سرمایه گذاری صنایع پتروشیمی,0.8826104529535382,0.1340920353324397,1.0,0.6666666666666666,0.7895705521472393,1.0,0.9356884057971014,1.0,59.78034478527614,80.10785141121232,79.9261464531876,61.52152456513059
وپترو,1397,سرمایه گذاری صنایع پتروشیمی,0.9999998826212564,2.685766663480101e-09,1.0,0.8,0.7142418661755675,0.9999990543268971,0.9788897576231432,1.0,56.700178141805345,81.1641320429079,80.87684721320782,58.53289954617568
وپخش,1393,داروپخش  (هلدینگ,0.707548045216801,0.1697429276384509,0.7700527086264168,0.0,0.9417852522639072,0.9252738376407008,0.9192118226600984,0.4706753621356393,47.02500589268089,61.30362445227517,60.47223494812032,48.34014006442063
وپخش,1394,داروپخش  (هلدینگ,0.0,7.082777655017826e-10,1.0,0.5454545454545454,0.8324708926261305,0.9252738376407008,0.9117647058823528,0.1644427147373745,32.24083812871935,54.74258371311726,54.248428856967124,35.65442155556285
وپخش,1395,داروپخش  (هلدینگ,0.8745812366634849,0.4064046745807681,1.0,0.6666666666666666,0.849785407725319,0.0,0.9125840537944284,1.0,64.7130513666426,71.37527549288333,72.70885856629113,66.51498362734873
وپخش,1396,داروپخش  (هلدینگ,0.8826104529535382,0.1340920353324397,1.0,0.6666666666666666,0.7895705521472393,0.0,0.9239130434782608,1.0,53.74230595442735,67.46065938222681,68.74084382287276,55.99355208835423
وپخش,1397,داروپخش  (هلدینگ,0.9999998826212564,2.685766663480101e-09,1.0,0.8,0.7142418661755675,1.0,0.9390148553557468,1.0,56.536663953094546,80.66570758547923,80.4169383813409,58.38068535836033
وپخش,1398,داروپخش  (هلدینگ,0.9999998679328052,0.0189897794393701,0.9152528514196822,0.0,0.0,1.0,0.9328657314629258,0.80950949167398,40.14417818269915,58.45772152410954,56.822874838616386,42.58786670754119
وپخش,1399,داروپخش  (هلدینگ,0.9999996054210648,0.5630562175012817,0.8019277533811288,0.4166666666666667,1.0,0.8072172225435126,0.9102564102564102,0.6964161753518401,72.18746973026926,77.4442506390238,77.13120376618727,72.47314840532432
وپخش,1400,داروپخش  (هلدینگ,0.9999998435468452,6.595311882393937e-10,0.8747548846697097,0.3636363636363636,1.0,0.7090437674999137,0.899880810488677,0.6423091275654844,49.45894558716335,68.62030997583156,68.45171774519055,51.09721591841602
وپست,1393,پست بانک ایران,0.707548045216801,0.4046052432191417,0.9298473136540372,0.0,0.2690815006468306,0.9252738376407008,0.9103448275862068,0.3898529607487881,48.90764043880962,56.70692160890633,55.146142829589515,51.26399558844501
وپست,1394,پست بانک ایران,0.0,7.924422124354778e-10,1.0,0.0,0.3027166882276835,0.9252738376407008,0.9056795131845842,0.1644427147373745,21.91620332314052,41.22640943228481,39.915166364029055,25.98204284250486
وپست,1395,پست بانک ایران,0.8745812366634849,0.4064046745807681,1.0,0.0,0.3090128755364792,1.0,0.7579250720461095,1.0,58.66071561351526,66.84904823533552,65.98548103618408,60.71465443154902
وپست,1396,پست بانک ایران,0.8826104529535382,0.1340920353324397,1.0,0.0,0.2871165644171776,1.0,0.9085144927536232,1.0,48.68502996750163,65.15416931820972,64.14212271430884,51.1200201907853
وپست,1397,پست بانک ایران,0.9999998859197848,2.685766663480101e-09,1.0,0.0,0.6763351749539632,0.9999995112604046,0.9202501954652073,1.0,49.53094977625329,69.95730962856408,69.28029312899868,51.77899577615774
وپست,1398,پست بانک ایران,0.9999986181964188,2.7931373775545224e-10,0.9152528514196822,0.0,0.7423398328690839,0.9989761045494931,0.9158316633266532,0.80950949167398,47.55216775774353,67.27385702893281,66.4226389937838,49.472190676486285
وپست,1399,پست بانک ایران,0.9999997316278848,0.4600291407643793,0.953231665219456,0.0,0.9387755102040792,0.9666142051364396,0.9032634032634032,0.770473862711583,67.02388707380379,74.90484398659032,74.24617828387137,68.34509844638093
وپست,1400,پست بانک ایران,0.9999994421888148,7.304372395172238e-10,0.9729454537194768,0.0,0.692164921118907,0.9670510088664384,0.9082240762812872,0.6675272851504268,45.685322234501626,65.09890235069736,64.11451218889765,48.07545508674138
وپست,1401,پست بانک ایران,0.8826104529535383,0.9204756756674214,0.9535842550029804,0.5925925925925926,0.9232827832292564,0.970225455707992,0.8340425531914893,0.6165271455475515,85.81022371157763,83.66676142366028,83.20884154732445,86.41024833277895
وکار,1392,بانک  کارآفرین,0.974817274729024,0.0868254272360079,0.9249030924516228,0.0,0.0,0.9252738376407008,0.9167591564927858,0.7341729598074144,41.148338722280776,57.03439685446945,55.45135211188307,43.66340697460072
وکار,1393,بانک  کارآفرین,0.707548045216801,0.4046052432191417,0.9945373686729246,0.0,0.2690815006468306,0.9252738376407008,0.9211822660098522,0.3469253022384777,48.979217853602144,57.1144195455591,55.52167868279205,51.701207165846
وکار,1394,بانک  کارآفرین,0.0,1.6439380567811723e-09,1.0,0.0,0.3027166882276835,0.9252738376407008,0.9087221095334684,0.1644427147373745,21.928680500116894,41.26444189728956,39.95025984557275,25.99365775151029
وکار,1395,بانک  کارآفرین,0.8745812366634849,0.4064046745807681,1.0,0.0,0.3090128755364792,1.0,0.8146013448607109,1.0,58.893134886678155,67.55750164551803,66.63918823455379,60.931011744520944
وکار,1396,بانک  کارآفرین,0.8826104529535382,0.1340920353324397,1.0,0.0,0.2871165644171776,1.0,0.9021739130434784,1.0,48.65902838245591,65.07491207183293,64.0689901247344,51.095815515342736
وکار,1399,بانک  کارآفرین,0.9999995341477026,0.1379787850793966,0.9282388544327794,0.0,0.9387755102040792,0.8072172225435126,0.9055944055944056,0.7542188957903793,53.34108496117709,68.4002900974032,67.9705678740888,55.11629089467306
وکار,1400,بانک  کارآفرین,0.999999927191872,8.322794419858075e-09,1.0,0.0,0.692164921118907,0.7090437674999137,0.9046483909415972,0.6849743688100204,44.51673067811236,62.385392298563815,61.809316597818494,47.16371379863164
وکار,1401,بانک  کارآفرین,0.8826104529535383,1.4594486272574945e-06,0.9736987722111526,0.5925925925925926,0.9232827832292564,0.7867145396987795,0.8404255319148937,0.6295319176097567,49.660201220273706,70.36072562073245,70.26687025214736,51.84298981414245
وکغدیر,1400,بین المللی توسعه ص. معادن غدیر,0.9999994186084916,2.287705370068092e-10,0.8747548846697097,0.3636363636363636,1.0,0.7090437674999137,0.8557806912991657,0.6423091275654844,49.27809290772688,68.06905316884875,67.9430595054699,50.928861482490085
پارسان,1395,گسترش نفت و گاز پارسیان,0.8745812366634849,0.4064046745807681,1.0,0.6666666666666666,0.849785407725319,1.0,0.9164265129682996,1.0,70.71855877840785,83.92330623255673,83.8026626623463,72.01267285642237
پارسان,1396,گسترش نفت و گاز پارسیان,0.8826104529535382,0.1340920353324397,1.0,0.6666666666666666,0.7895705521472393,1.0,0.9356884057971014,1.0,59.78034478527614,80.10785141121232,79.9261464531876,61.52152456513059
پارسان,1397,گسترش نفت و گاز پارسیان,0.9999998826212564,2.685766663480101e-09,1.0,0.8,0.7142418661755675,0.9999990543268971,0.9491790461297888,1.0,56.57833981992017,80.79274814924095,80.53416225868683,58.419481189851965
پارسیان,1393,بیمه پارسیان,0.8580215317551187,0.4046052432191417,0.9046563909152098,0.0,0.0,0.9252738376407008,0.9891625615763546,0.2800313126933246,46.991165703924544,54.52188597249812,52.39016504123121,49.36624267288608
پارسیان,1394,بیمه پارسیان,0.5652403515954354,1.6439380567811723e-09,0.8853579756270692,0.2727272727272727,0.3699870633893931,0.9252738376407008,0.9918864097363084,0.0686527360753167,31.25386146981474,50.98907060544293,49.330421812971366,34.14959344638537
پارسیان,1395,بیمه پارسیان,0.9937983005196878,0.4064046745807681,0.0,0.3333333333333333,0.0,1.0,0.9135446685878964,0.1220730639764629,43.2895076032759,47.114425512476856,44.492732354994644,40.84864374755987
پارسیان,1396,بیمه پارسیان,0.8826104269103275,0.1340920353324397,0.0,0.3333333333333333,0.0,1.0,0.9402173913043478,0.4045261126622969,34.41159275053657,46.18474124428431,43.93989577171531,32.23458747597233
پارسیان,1400,بیمه پارسیان,0.99999816549654,8.322794419858075e-09,0.950985514316011,0.2727272727272727,0.5424776734600427,0.7090437674999137,0.9582836710369488,0.7165830942239613,45.26912145539212,64.37623958854356,63.748431175043095,47.608576406127426
پارسیان,1401,بیمه پارسیان,0.8826104529535383,1.4594486272574945e-06,0.9418887998856856,0.7037037037037037,0.8859784283513092,0.7867145396987795,0.9425531914893616,0.6841078381782292,50.91634310156037,72.84448017136542,72.7181721793481,52.837987839295565
پاسا,1392,ایران یاساتایرورابر,0.651185886718485,0.0868254272360079,0.7674241192344398,1.0,0.910274454609426,0.9252738376407008,0.9378468368479468,0.564198073164123,51.89863880274635,73.03785794313912,72.80782662651927,52.85050254252685
پاسا,1393,ایران یاساتایرورابر,0.707548045216801,0.9482520950172052,0.9743803231764588,1.0,0.9522237587545144,0.9252738376407008,0.967487684729064,0.360301311354507,85.74514666824105,85.44333819861565,84.97686915113817,86.5369352021362
پاسا,1394,ایران یاساتایرورابر,0.0,1.6439380567811723e-09,1.0,0.8181818181818182,0.8782521201667389,0.9252738376407008,0.9421906693711968,0.1644427147373745,35.09125170635947,59.10426452177209,58.76671047238587,38.33559672270717
پاسا,1395,ایران یاساتایرورابر,0.8745812366634849,0.4064046745807681,1.0,1.0,0.8965188364329985,1.0,0.920268972142171,1.0,73.9636256265171,88.72217149774278,88.81564758733015,75.06727249285053
پاسا,1396,ایران یاساتایرورابر,0.8826104529535382,0.1340920353324397,1.0,1.0,0.8329925017041601,1.0,0.9429347826086956,1.0,63.00273045146514,84.90787215748541,84.93359070022215,64.55496692395337
پاسا,1397,ایران یاساتایرورابر,0.9999999070911744,2.685766663480101e-09,1.0,1.0,1.0,0.9999995460753848,0.950742767787334,1.0,61.373877021171744,86.88427779549575,87.02012170602787,62.907273475159855
پاسا,1398,ایران یاساتایرورابر,0.9992223860251008,3.1612347966473417e-10,0.9230871860271233,0.7857142857142857,0.4975755699989719,0.9997438203635348,0.8517034068136272,0.8811641360692819,51.79632549615596,74.22763489160062,73.6692424096941,53.53656444439664
پاسا,1399,ایران یاساتایرورابر,0.9999998027085552,0.0007678792342657,0.4381645682562946,0.8333333333333334,0.4358600583090337,0.3770512994548881,0.93006993006993,0.4354815845401366,39.68865750719787,55.634105698830474,55.16592018921046,39.61184357062234
پاسا,1400,ایران یاساتایرورابر,0.0028220804711127,0.8634139438117374,0.8036697422002027,0.7272727272727273,0.1738035264483709,0.4423983201253786,0.933253873659118,0.5583639823350752,59.59213670371902,56.31247745404653,56.19506851343644,61.00525035184202
پاسا,1401,ایران یاساتایرورابر,0.8826104529535383,9.710045574643812e-08,0.7129582953912842,0.8518518518518519,0.7796610169491517,0.1578696538379566,0.9085106382978724,0.8321197938331106,46.901195898920264,64.06977250269027,64.92620839558762,47.860886508948965
پاکشو,1392,گروه صنعتی پاکشو,0.651185886718485,0.0868254272360079,0.8132899805579198,1.0,0.910274454609426,0.9252738376407008,0.9345172031076582,0.5895368254859586,52.50311484823386,73.88629519195196,73.70664296955086,53.67148653843401
پاکشو,1393,گروه صنعتی پاکشو,0.707548045216801,0.1341335560044844,0.0,1.0,0.9522237587545144,0.9252738376407008,0.9556650246305418,1.0,53.9321731890456,70.93555277808802,70.86839621682861,50.41642956430833
پاکشو,1394,گروه صنعتی پاکشو,0.0,1.6439380567811723e-09,1.0,0.8181818181818182,0.8782521201667389,0.9252738376407008,0.9594320486815416,0.1644427147373745,35.16195552382369,59.319781763151404,58.965573474578406,38.40141436233422
پاکشو,1395,گروه صنعتی پاکشو,0.8745812366634849,0.4064046745807681,1.0,1.0,0.8965188364329985,1.0,0.915465898174832,1.0,73.94392907794398,88.66213307315104,88.76024867221408,75.04893712734444
پاکشو,1396,گروه صنعتی پاکشو,0.8826104529535382,0.1340920353324397,1.0,1.0,0.8329925017041601,1.0,0.9221014492753624,1.0,62.9172966720292,84.64745549081876,84.69329790590618,64.47543727607069
پاکشو,1397,گروه صنعتی پاکشو,0.9999999134348438,2.685766663480101e-09,1.0,1.0,1.0,0.9999973604630804,0.9405785770132916,1.0,61.33218248755008,86.75719816996228,86.90286330531735,62.86846055845954
پاکشو,1398,گروه صنعتی پاکشو,0.9999997741891644,0.6937238662029738,0.6666530242832291,0.7857142857142857,0.4975755699989719,0.0,0.845691382765531,0.6503337914242976,68.03673556446597,64.24614618223067,64.71859427160562,68.09866706887951
پاکشو,1399,گروه صنعتی پاکشو,0.9999998266853528,5.531887732651086e-10,0.2447634213235301,0.75,0.504157218442935,0.3637527138447444,0.8962703962703963,0.3096962427973478,36.708688915822044,50.857997748968685,50.24961525757507,35.74320553862851
پاکشو,1400,گروه صنعتی پاکشو,0.9999998085453362,0.4328332895274545,0.9881342351452094,0.7272727272727273,0.1738035264483709,0.4504141837400535,0.833134684147795,0.6773222966809773,59.31603052953073,66.03643439384905,65.6897838744066,61.45479091771564
پاکشو,1401,گروه صنعتی پاکشو,0.8826104529535383,2.3166936827733133e-09,0.676582126218376,0.8518518518518519,0.7796610169491517,0.1270275905275779,0.823404255319149,0.4374351241827129,41.855009006856406,57.23215525398815,57.75903390909003,42.991424744484405
پتایر,1392,ایران  تایر,0.651185886718485,0.0868254272360079,0.6847670391747731,1.0,0.910274454609426,0.9252738376407008,0.8945615982241953,0.8668369456554308,54.347129483575316,75.24656486573772,75.36303904425554,54.63644876140861
پتایر,1393,ایران  تایر,0.707548045216801,0.4046052432191417,0.6877044007114557,1.0,0.9522237587545144,0.9252738376407008,0.9211822660098522,0.5505365198284038,64.54585276195088,76.86342589226088,76.58491947892668,64.54287178397654
پتایر,1394,ایران  تایر,0.0,1.6439380567811723e-09,1.0,0.8181818181818182,0.8782521201667389,0.9252738376407008,0.9300202839756592,0.1644427147373745,35.041343129325895,58.952134704327875,58.62633658848524,38.289137212382194
پتایر,1395,ایران  تایر,0.8745812366634849,0.4064046745807681,1.0,1.0,0.8965188364329985,1.0,0.9615754082612872,1.0,74.133015944246,89.23850194923173,89.29207825732841,75.22495663620296
پتایر,1396,ایران  تایر,0.8826104529535382,0.1340920353324397,1.0,1.0,0.8329925017041601,1.0,0.9519927536231884,1.0,63.039875572959026,85.02109679516659,85.03806582818564,64.58954503172846
پتایر,1398,ایران  تایر,0.8598607145805878,0.0189897794393701,0.9438827281270112,0.8571428571428571,0.4448865897333848,0.9683801565939821,0.9178356713426854,0.8694636547983219,50.68752110861122,73.50552689697751,72.98307013076919,52.63202016022146
پتایر,1400,ایران  تایر,0.9999999476931016,8.322794419858075e-09,0.9925624834086036,0.8181818181818182,0.0600035984166947,0.7090437674999137,0.9129916567342072,0.6801780058774112,44.10602502286296,64.66201607668181,63.83546519156342,46.812687324849136
پتایر,1401,ایران  تایر,0.8826104529535383,1.4594486272574945e-06,0.9185780716772972,0.8888888888888888,0.7507846829880711,0.7867145396987795,0.8404255319148937,0.6991790777121787,50.4944225881288,72.08978381602843,72.02458159236245,52.328374588911984
پترول,1395,گ.س.وت.ص.پتروشیمی خلیج فارس,0.8745812366634849,5.612745863737443e-10,1.0,0.6666666666666666,0.849785407725319,1.0,0.9231508165225744,1.0,55.13039037816249,78.92730160174149,78.83603336840301,57.04010499142527
پترول,1396,گ.س.وت.ص.پتروشیمی خلیج فارس,0.8826104529535382,0.1340920353324397,1.0,0.6666666666666666,0.7895705521472393,1.0,0.9356884057971014,1.0,59.78034478527614,80.10785141121232,79.9261464531876,61.52152456513059
پترول,1397,گ.س.وت.ص.پتروشیمی خلیج فارس,0.9999998826212564,2.685766663480101e-09,1.0,0.8,0.7142418661755675,1.0,0.950742767787334,1.0,56.58475802752291,80.81230649087405,80.5522087581255,58.42545576217232
پترول,1398,گ.س.وت.ص.پتروشیمی خلیج فارس,0.9999994949102792,0.0189897794393701,0.9152528514196822,0.5,0.8801017318638765,0.9530747236320496,0.9549098196392786,0.80950949167398,53.759771970990265,75.39797365723146,74.97029634965988,55.32821025205574
پترول,1399,گ.س.وت.ص.پتروشیمی خلیج فارس,0.9999980216135064,0.9215921159926312,0.8019277533811288,0.4166666666666667,1.0,0.9126508931135332,0.9335664335664337,0.6964161753518401,86.69098694778047,83.53522574607175,83.01508482890567,86.37186194260094
پترول,1400,گ.س.وت.ص.پتروشیمی خلیج فارس,0.9999995917606762,2.081440833197748e-10,0.8747548846697097,0.3636363636363636,1.0,0.2820409129162219,0.9511323003575686,0.6423091275654844,47.11147482944431,63.92341476392711,64.32469057088865,48.95159560938642
پترول,1401,گ.س.وت.ص.پتروشیمی خلیج فارس,0.8826104529535383,9.536850093015766e-10,0.8047150431164671,0.7407407407407407,1.0,0.2249086631321658,0.8659574468085106,0.5702492361389175,46.54252976773407,63.61476979805032,64.3299133836115,48.05434134341867
پدرخش,1392,درخشان  تهران,0.651185886718485,0.0868254272360079,0.9403633244485496,1.0,0.910274454609426,0.9252738376407008,0.9378468368479468,0.659738929941016,54.22932563723455,76.39385871802666,76.34165695167596,55.99398399551855
پدرخش,1393,درخشان  تهران,0.707548045216801,0.2505176654817374,0.7470567711653975,1.0,0.9522237587545144,0.9252738376407008,0.9270935960591132,0.5111508941726463,58.674309944491654,75.26080710613638,74.97047073530406,59.242063001210575
پدرخش,1394,درخشان  تهران,0.0,1.6439380567811723e-09,1.0,0.8181818181818182,0.8782521201667389,0.9252738376407008,0.9219066937119677,0.1644427147373745,35.008070744636846,58.85071482603173,58.53275399921818,38.258164205498865
پدرخش,1395,درخشان  تهران,0.8745812366634849,0.4064046745807681,1.0,1.0,0.8965188364329985,1.0,0.914505283381364,1.0,73.93998976822934,88.6501253882327,88.74916888919086,75.04527005424322
پدرخش,1396,درخشان  تهران,0.8826104529535382,0.1340920353324397,1.0,1.0,0.8329925017041601,1.0,0.9338768115942028,1.0,62.965585329971255,84.79464751980426,84.8291155722587,64.5203888161783
پدرخش,1397,درخشان  تهران,0.9999999884092492,2.685766663480101e-09,1.0,1.0,1.0,0.9999955437764416,0.9788897576231432,1.0,61.489279965608944,87.23606615618252,87.34472735768932,63.01470157248398
پدرخش,1398,درخشان  تهران,0.9999994747041032,0.2047027900770009,0.7124674105493201,0.8571428571428571,0.4448865897333848,0.0,0.8527054108216433,0.6761109683727075,49.89594877436073,59.350193767512714,59.888805959564884,50.920408274665895
پدرخش,1399,درخشان  تهران,0.999999623184024,0.931799420865801,0.107297393746502,0.75,0.504157218442935,0.0,0.9067599067599068,0.2202903032203122,68.37931816296651,55.25379832774351,54.92425342667316,65.54436851299813
پدرخش,1400,درخشان  تهران,0.9999988386727128,0.9576904016505086,0.3740576447650668,0.7272727272727273,0.1738035264483709,0.0355611270733631,0.9046483909415972,0.2813137483438262,68.40626543734845,55.67933006460216,55.124081227654564,67.09806157511899
پدرخش,1401,درخشان  تهران,0.8826104529535383,0.7451182894009621,0.8030917408729087,0.8518518518518519,0.7796610169491517,0.4972202460209948,0.8425531914893617,0.5192282234270329,74.61417771742359,74.01668766207253,74.0657365277584,75.01021522245364
پرداخت,1395,به پرداخت ملت,0.8745812366634849,0.4064046745807681,1.0,1.0,0.8965188364329985,1.0,0.9817483189241114,1.0,74.21574144825314,89.49066333251703,89.52475370081594,75.30196517132856
پرداخت,1396,به پرداخت ملت,0.8826104529535382,0.1340920353324397,1.0,1.0,0.8329925017041601,1.0,0.9846014492753624,1.0,63.17359801033702,85.42870549081876,85.41417628885412,64.71402621971876
پرداخت,1398,به پرداخت ملت,0.9999999151253818,0.5419284581753878,0.985494730285374,0.7857142857142857,0.4975755699989719,0.303766992775237,0.9749498997995992,0.8460509228982629,69.06084549688502,74.19350968465625,74.4636356989175,70.64529126822097
پرداخت,1399,به پرداخت ملت,0.9999999348976348,0.7674895984345459,0.9115153135355752,0.75,0.504157218442935,0.5821229332952691,0.9813519813519812,0.8584407521371049,78.77847216122854,79.43847165118807,79.2508504200976,79.4974293950132
پرداخت,1400,به پرداخت ملت,0.999999732367365,1.7004369528466275e-09,0.954836666386191,0.7272727272727273,0.1738035264483709,0.5863765325442285,0.99880810488677,0.7140995454865091,44.32224309364783,64.43996046365748,63.801755439027175,46.80096766048287
پردیس,1395,سرمایه گذاری پردیس,0.8745812366634849,0.4064046745807681,1.0,0.6666666666666666,0.849785407725319,1.0,1.0,1.0,71.06127872358026,84.96797482045298,84.76660378536603,72.33170821622844
پردیس,1396,سرمایه گذاری پردیس,0.8826104529535382,0.1340920353324397,1.0,0.6666666666666666,0.7895705521472393,1.0,1.0,1.0,60.04407514788275,80.91174633874854,80.66791986172824,61.767029130333675
پردیس,1397,سرمایه گذاری پردیس,0.9999998826212564,2.685766663480101e-09,1.0,0.8,0.7142418661755675,0.9999990543268971,0.9929632525410476,1.0,56.75789103111939,81.34005072938169,81.03917166534936,58.58662403075006
پسهند,1392,صنایع  لاستیکی   سهند,0.651185886718485,0.0868254272360079,0.0,1.0,0.910274454609426,0.9252738376407008,0.9678135405105438,0.0,40.173255170999944,56.76716433393955,55.562167119659186,37.62510195216275
پسهند,1393,صنایع  لاستیکی   سهند,0.707548045216801,0.4046052432191417,0.8735366973179769,1.0,0.9522237587545144,0.9252738376407008,0.98128078817734,0.4272201094994537,64.87025564208308,78.39610599782411,77.9978036384686,65.90940696237648
پسهند,1394,صنایع  لاستیکی   سهند,0.0,1.6439380567811723e-09,1.0,0.8181818181818182,0.8782521201667389,0.9252738376407008,0.9726166328600404,0.1644427147373745,35.2160231489434,59.48458906538263,59.1176451821374,38.45174549851962
پسهند,1395,صنایع  لاستیکی   سهند,0.8745812366634849,0.4064046745807681,1.0,1.0,0.8965188364329985,1.0,0.9692603266090298,1.0,74.16453042196301,89.3345634285785,89.38071652151413,75.25429322101272
پسهند,1396,صنایع  لاستیکی   سهند,0.8826104529535382,0.1340920353324397,1.0,1.0,0.8329925017041601,1.0,0.9846014492753624,1.0,63.17359801033702,85.42870549081876,85.41417628885412,64.71402621971876
پسهند,1398,صنایع  لاستیکی   سهند,0.6175580838674636,0.0189897794393701,0.8465862772972744,0.7857142857142857,0.4975755699989719,0.9683801565939821,0.9859719438877756,0.7515721071556808,45.57614303944882,68.40435254943505,67.7984642147098,47.28605010678822
پسهند,1399,صنایع  لاستیکی   سهند,0.9999995341479322,0.1379787850793966,0.9043905970146155,0.75,0.504157218442935,0.8072172225435126,0.9941724941724942,0.7387083300213118,54.65149779206602,72.95780226777747,72.34997588018388,56.27097039368323
پسهند,1400,صنایع  لاستیکی   سهند,0.2789239450259793,8.322794419858075e-09,0.9999997542654384,0.7272727272727273,0.1738035264483709,0.7090437674999137,0.9904648390941596,0.6849741874641122,34.95460022852711,57.05603444241869,56.639627226909916,38.21297010572679
پسهند,1401,صنایع  لاستیکی   سهند,0.8826104529535383,1.4594486272574945e-06,0.0,0.8518518518518519,0.7796610169491517,0.7867145396987795,0.9914893617021276,0.0,36.69396720973017,53.65410853255095,52.29480715218837,34.32093332999577
پلاسک,1392,پلاسکوکار,0.651185886718485,0.0868254272360079,0.7181922925898632,1.0,0.910274454609426,0.9252738376407008,0.9422863485016648,0.8483710498204825,54.59674859697732,76.03011621395788,76.09354125375619,55.059998495570284
پلاسک,1393,پلاسکوکار,0.707548045216801,0.4069453513616899,0.8806204305032268,1.0,0.9522237587545144,0.9252738376407008,0.9645320197044336,0.4225194166485082,64.89445989539817,78.24578574787343,77.86110162859747,65.97517637285651
پلاسک,1394,پلاسکوکار,0.0,1.6439380567811723e-09,1.0,0.8181818181818182,0.8782521201667389,0.9252738376407008,0.9594320486815416,0.1644427147373745,35.16195552382369,59.319781763151404,58.965573474578406,38.40141436233422
پلاسک,1395,پلاسکوکار,0.8745812366634849,0.4064046745807681,1.0,1.0,0.8965188364329985,1.0,0.92507204610951,1.0,73.98332217509022,88.78220992233452,88.87104650244623,75.08560785835662
پلاسک,1396,پلاسکوکار,0.8826104529535382,0.1340920353324397,1.0,1.0,0.8329925017041601,1.0,0.9375,1.0,62.98044337856881,84.83993737487671,84.87090562344409,64.53422005928833
پلاسک,1397,پلاسکوکار,0.9999999145130812,2.685766663480101e-09,1.0,1.0,1.0,0.9999996033196084,0.9452697419859264,1.0,61.3514335665687,86.81586578130478,86.95699625131195,62.88638103183928
پلاسک,1398,پلاسکوکار,0.9999942592126374,1.8434883162669423e-10,0.9933538148161964,0.7857142857142857,0.4975755699989719,0.9993049896524004,0.9298597194388778,0.841629058302568,52.23064735878105,75.59289621650358,74.94380057730763,54.34299396047062
پلاسک,1399,پلاسکوکار,0.9999995475354893,3.820809629518728e-11,0.9612196404311364,0.75,0.504157218442935,0.9364837093251064,0.9347319347319348,0.7756691276196214,50.70594234773079,73.27826472655539,72.61719291428217,52.748922072701276
پلاسک,1400,پلاسکوکار,0.9999994614694628,0.8028512825788006,0.96530333389061,0.7272727272727273,0.1738035264483709,0.94980085659979,0.9249106078665076,0.7073497525953865,77.05136949257384,78.1411443590207,76.97304707787869,78.20649179769714
پلاسک,1401,پلاسکوکار,0.8826104529535383,0.6045168710818849,0.8997492448570168,0.8518518518518519,0.7796610169491517,0.93716501581304,0.8659574468085106,0.7113526038506532,74.73505996599486,81.6608063020706,81.31611125689939,75.4554027408879
پکرمان,1392,گروه  صنعتی  بارز,0.651185886718485,0.0868254272360079,0.9824554422471782,1.0,0.910274454609426,0.9252738376407008,0.9500554938956716,0.7023779668664952,55.05481355963021,77.60560636517455,77.60658254568708,56.99790409676473
پکرمان,1393,گروه  صنعتی  بارز,0.707548045216801,0.4046052432191417,0.1986116998181318,1.0,0.9522237587545144,0.9252738376407008,0.9724137931034482,0.8750934310523005,64.55078833766107,75.44712261006299,75.28163364385746,61.745670516079
پکرمان,1394,گروه  صنعتی  بارز,0.0,1.6439380567811723e-09,1.0,0.8181818181818182,0.8782521201667389,0.9252738376407008,0.9594320486815416,0.1644427147373745,35.16195552382369,59.319781763151404,58.965573474578406,38.40141436233422
پکرمان,1395,گروه  صنعتی  بارز,0.8745812366634849,0.4064046745807681,1.0,1.0,0.8965188364329985,1.0,0.9538904899135446,1.0,74.10150146652899,89.14244046988496,89.20343999314268,75.19562005139319
پکرمان,1396,گروه  صنعتی  بارز,0.8826104529535382,0.1340920353324397,1.0,1.0,0.8329925017041601,1.0,0.970108695652174,1.0,63.1141658159468,85.24754607052888,85.24701608411257,64.65870124727863
پکرمان,1398,گروه  صنعتی  بارز,0.99999942151517,0.0189897794393701,0.9713923327551298,0.8571428571428571,0.4448865897333848,0.9683801565939821,0.939879759519038,0.8539855483764388,52.781438074345076,75.68320556344213,75.05456974427227,54.76094939677808
پکرمان,1399,گروه  صنعتی  بارز,0.9999995341476088,0.1379787850793966,0.5771250399862733,0.8333333333333334,0.4358600583090337,0.8072172225435126,0.9172494172494172,0.5258594892346269,49.50375843135874,65.43278599854003,64.49902741121637,49.64602807822036
پکرمان,1400,گروه  صنعتی  بارز,0.9999996151374811,8.322794419858075e-09,0.9999998610282628,0.8181818181818182,0.0600035984166947,0.7090437674999137,0.9117997616209772,0.6849744958939112,44.20874964480018,64.80003657627319,63.98305427157358,46.95013949509788
پکرمان,1401,گروه  صنعتی  بارز,0.8826104529535383,1.4594486272574945e-06,0.461768251211229,0.8888888888888888,0.7507846829880711,0.7867145396987795,0.8659574468085106,0.9945233571425832,50.32386329206917,70.39061348925284,70.44381128103613,49.55336423006368
پکویر,1392,کویر تایر,0.8964399275323574,0.0868254272360079,0.9703664498660846,1.0,0.910274454609426,0.9252738376407008,0.9778024417314096,0.7090565721499476,58.58304087598283,80.95048888457417,80.7891785155099,60.25227293290837
پکویر,1393,کویر تایر,0.707548045216801,0.4046052432191417,0.7458478892753175,1.0,0.9522237587545144,0.9252738376407008,0.9822660098522168,0.5119530958239125,64.82073526653353,77.87147349728257,77.51464492975384,65.13183612140543
پکویر,1394,کویر تایر,0.0,1.6439380567811723e-09,0.8260616627467491,1.0,0.9522237587545144,0.9252738376407008,0.977687626774848,0.0191072698589532,34.6617748199172,58.7544269677463,58.317347318980154,36.97932058751857
پکویر,1395,کویر تایر,0.8745812366634849,0.4064046745807681,1.0,1.0,0.8965188364329985,1.0,0.9606147934678194,1.0,74.12907663453137,89.22649426431339,89.28099847430519,75.22128956310175
پکویر,1396,کویر تایر,0.8826104529535382,0.1340920353324397,1.0,1.0,0.8329925017041601,1.0,0.970108695652174,1.0,63.1141658159468,85.24754607052888,85.24701608411257,64.65870124727863
پکویر,1399,کویر تایر,0.9999998308552064,0.1379787850793966,0.8364212062362575,0.75,0.504157218442935,0.8072172225435126,0.965034965034965,0.6945020097243738,53.54452239534727,71.19139047395808,70.53437046149655,54.85827595126742
پکویر,1400,کویر تایر,0.9999997905175648,8.322794419858075e-09,0.7283511923927852,0.7272727272727273,0.1738035264483709,0.7090437674999137,0.9630512514898688,0.5097922080004917,41.00777490724923,60.14143089930646,59.03835091331702,42.43511380188405
پکویر,1401,کویر تایر,0.8826104529535383,1.4594486272574945e-06,0.8826473279941944,0.8888888888888888,0.794099183929693,0.7867145396987795,0.9234042553191488,0.7224096194541612,51.29230826877678,73.50969659608789,73.42017319171795,52.86590743078373
پی_پاد,1398,پرداخت الکترونیک پاسارگاد,0.9999996674331024,0.0189897794393701,0.9476605183385914,0.6428571428571429,0.5286908077994413,0.9683801565939821,0.0761523046092184,0.8673381048413218,48.38745445901363,63.12585602390213,63.313875361082374,50.514640070844486
پی_پاد,1399,پرداخت الکترونیک پاسارگاد,0.9999993189787656,0.1379787850793966,0.8003906839489701,0.5833333333333334,0.5444897959183628,0.8072172225435126,0.3578088578088578,0.9307146229505562,52.40906316740666,64.52415775702194,64.65982952116582,53.5618348980705
پی_پاد,1400,پرداخت الکترونیک پاسارگاد,0.999999732367365,8.322794419858075e-09,0.9058039504764632,0.5454545454545454,0.2410075566750593,0.7090437674999137,0.8128724672228844,0.7457199898294842,43.5282721882089,61.99877522310637,61.3540927934742,45.75245728501609
چافست,1392,افست,0.5437863165132102,0.0868254272360079,0.6935658357803973,1.0,0.910274454609426,0.9252738376407008,0.9123196448390676,0.5233948112748743,49.294813041562755,69.94300409867105,69.72211473938047,49.99357855933063
چافست,1393,افست,0.707548045216801,0.4046052432191417,0.9593437738881972,1.0,0.9522237587545144,0.9252738376407008,0.9467980295566504,0.3702794115869381,64.76484080898577,78.3259012482868,77.93239739076998,66.3028278945265
چافست,1394,افست,0.0,1.6439380567811723e-09,0.8157368400407277,1.0,0.9522237587545144,0.9252738376407008,0.9432048681541584,0.318405140446857,37.656225121864075,61.9355555835112,61.86241007378648,39.68428221234898
چافست,1395,افست,0.8745812366634849,0.4064046745807681,1.0,1.0,0.8965188364329985,1.0,0.9385206532180596,1.0,74.038472511095,88.95031751119137,89.02616346477123,75.1369468817737
چافست,1396,افست,0.8826104529535382,0.1340920353324397,1.0,1.0,0.8329925017041601,1.0,0.9338768115942028,1.0,62.965585329971255,84.79464751980426,84.8291155722587,64.5203888161783
چافست,1399,افست,0.9999995341478608,0.1379787850793966,0.934358036626194,0.9166666666666666,0.4693877551020395,0.8072172225435126,0.9114219114219114,0.7581987244294134,55.71893761566471,74.19035795021244,73.74564464472037,57.44929260380397
چافست,1400,افست,0.9999999085162384,8.322794419858075e-09,0.9999995965294666,0.9090909090909092,0.1158690176322444,0.7090437674999137,0.9070321811680572,0.6849740857426099,45.54702005403535,66.57511843127793,65.8665279852989,48.20570661461218
چافست,1401,افست,0.8826104529535383,1.4594486272574945e-06,0.8843965307230393,0.9629629629629628,0.7796610169491517,0.7867145396987795,0.8297872340425532,0.7212786958260279,51.35242040490166,73.0926611575585,73.11587776656994,52.93906630170299
چفیبر,1392,تولید فیبر ایران,0.651185886718485,0.0868254272360079,0.7426481347969645,1.0,0.910274454609426,0.9252738376407008,0.9134295227524972,0.5505104956265905,51.46460394119996,72.2518469922584,72.01992488395716,52.30694319435242
چفیبر,1393,تولید فیبر ایران,0.707548045216801,0.5902238677004752,0.8314395387177734,1.0,0.9522237587545144,0.9252738376407008,0.92807881773399,0.231445358833589,69.36453800171563,77.07791530747305,76.47831549235642,70.08070245561628
چفیبر,1394,تولید فیبر ایران,0.0,1.6439380567811723e-09,1.0,0.8181818181818182,0.8782521201667389,0.9252738376407008,0.920892494929006,0.1644427147373745,35.003911696550716,58.83803734124471,58.521056175559785,38.25429257963846
چفیبر,1395,تولید فیبر ایران,0.8745812366634849,0.4064046745807681,1.0,1.0,0.8965188364329985,1.0,0.9125840537944284,1.0,73.93211114880009,88.62611001839599,88.72700932314443,75.03793590804078
چفیبر,1396,تولید فیبر ایران,0.8826104529535382,0.1340920353324397,1.0,1.0,0.8329925017041601,1.0,0.9221014492753624,1.0,62.9172966720292,84.64745549081876,84.69329790590618,64.47543727607069
چفیبر,1397,تولید فیبر ایران,0.9999998201530148,2.685766663480101e-09,1.0,1.0,1.0,0.9999982412283664,0.941360437842064,1.0,61.335392728651506,86.76698127386516,86.9118899489035,62.87144885059431
چفیبر,1398,تولید فیبر ایران,0.9999988656158992,2.834852642857976e-10,0.9216232211871238,0.7857142857142857,0.4975755699989719,0.982781759285005,0.9168336673346692,0.7937911727802303,51.02346033329959,73.72898177749587,73.03348862135573,52.817491262538006
چفیبر,1399,تولید فیبر ایران,0.9999996381664288,0.5530747704565987,0.6195574680770317,0.75,0.504157218442935,0.9235922869121574,0.9370629370629372,0.5534569339913941,66.92586867482095,73.01126566386853,71.92906602233155,66.55609121720501
چفیبر,1400,تولید فیبر ایران,0.9999999130338496,0.9021478372564076,0.9779039875906268,0.7272727272727273,0.1738035264483709,0.9222970676291644,0.8522050059594756,0.6992237848284769,80.41168175444572,78.18567312523874,77.11501272716636,81.52209502256008
چفیبر,1401,تولید فیبر ایران,0.8826104529535383,1.0,0.8047150431164671,0.5555555555555556,0.693032015065912,0.8946862260238979,0.7914893617021277,0.5702492361389175,83.76981805658674,77.4042236319552,76.72128718177397,83.76028587852898
چکارن,1392,کارتن  ایران,0.651185886718485,0.0868254272360079,0.8730007550491365,1.0,0.910274454609426,0.9252738376407008,0.9622641509433962,0.6225242475493351,53.42161711207722,75.39185949683109,75.24680449017103,54.86275922095372
چکارن,1393,کارتن  ایران,0.707548045216801,0.6051255538975071,0.7795293183862037,1.0,0.9522237587545144,0.9252738376407008,0.9694581280788176,0.1969982678404218,69.34527508204648,76.70196137268708,76.0012433788985,69.78784106532395
چکارن,1394,کارتن  ایران,0.0,1.6439380567811723e-09,1.0,0.8181818181818182,0.8782521201667389,0.9252738376407008,0.9655172413793104,0.1644427147373745,35.18690981234048,59.39584667187351,59.0357604165287,38.42464411749671
چکارن,1395,کارتن  ایران,0.8745812366634849,0.4064046745807681,1.0,1.0,0.8965188364329985,1.0,0.956772334293948,1.0,74.11331939567287,89.17846352463998,89.23667934221233,75.20662127069686
چکارن,1396,کارتن  ایران,0.8826104529535382,0.1340920353324397,1.0,1.0,0.8329925017041601,1.0,0.9248188405797102,1.0,62.92844020847737,84.6814228821231,84.72464044429522,64.4858107084032
چکارن,1397,کارتن  ایران,0.9999999587755574,2.685766663480101e-09,1.0,1.0,1.0,0.9999996406837548,0.9397967161845192,1.0,61.32899050871443,86.74745397911997,86.89387101670934,62.86548896556924
چکارن,1398,کارتن  ایران,0.9999996802543252,0.1769491716633865,0.9321998415746844,0.8571428571428571,0.4448865897333848,0.978235950389546,0.9148296593186372,0.7997420418732447,57.92905080385522,76.29982239937583,75.59038066969664,59.51325005786927
چکارن,1399,کارتن  ایران,0.999999827279974,4.2493459732723005e-10,0.9712852760397916,0.8333333333333334,0.4358600583090337,0.9232504093976104,0.9032634032634032,0.7822156731544999,50.56625228975713,73.11509976503227,72.48721518503716,52.68411320145414
چکارن,1400,کارتن  ایران,0.9999998893293772,1.4796345347928686e-09,0.9723942771421868,0.8181818181818182,0.0600035984166947,0.953180368656025,0.8986889153754469,0.6671718398530985,45.21786618916439,67.12025885542853,65.93057567375074,47.71161498534993
چکارن,1401,کارتن  ایران,0.8826104529535383,0.4554730771166334,0.8760580519903065,0.8888888888888888,0.7507846829880711,0.9887161130674216,0.7319148936170212,0.5664036159299254,67.01397199756623,76.7606222068976,76.30103472107488,67.97425703939064
چکاوه,1392,صنایع کاغذسازی کاوه,0.651185886718485,0.0868254272360079,0.7944110976846004,1.0,0.910274454609426,0.9252738376407008,0.957824639289678,0.5791071219235163,52.34426539649708,73.81128081378019,73.58970213292156,53.41730319371503
چکاوه,1393,صنایع کاغذسازی کاوه,0.707548045216801,0.8169073818558968,0.9183006815613912,1.0,0.9522237587545144,0.9252738376407008,0.967487684729064,0.3975151876439822,80.67481785496726,83.56570721752938,83.12946393531388,81.34654654770755
چکاوه,1394,صنایع کاغذسازی کاوه,0.0,1.6439380567811723e-09,1.0,0.8181818181818182,0.8782521201667389,0.9252738376407008,0.947261663286004,0.1644427147373745,35.11204694679012,59.16765194570718,58.82519959067778,38.354954852009236
چکاوه,1395,صنایع کاغذسازی کاوه,0.8745812366634849,0.4064046745807681,1.0,1.0,0.8965188364329985,1.0,0.9586935638808838,1.0,74.12119801510212,89.20247889447668,89.25883890825877,75.2139554168993
چکاوه,1396,صنایع کاغذسازی کاوه,0.8826104529535382,0.1340920353324397,1.0,1.0,0.8329925017041601,1.0,0.967391304347826,1.0,63.10302227949863,85.21357867922454,85.21567354572353,64.6483278149461
چکاوه,1397,صنایع کاغذسازی کاوه,0.9998652399093344,2.685766663480101e-09,1.0,1.0,1.0,0.9999989760922048,0.9687255668491008,1.0,61.44573230390928,87.10737231920508,87.22592241964374,62.97414158054717
چکاوه,1398,صنایع کاغذسازی کاوه,0.999478480939945,7.68317393688596e-13,0.9803027480398924,0.7857142857142857,0.4975755699989719,0.9999788452445716,0.9619238476953909,0.826806840351277,52.10132680834134,75.64725772481378,74.94456593861298,54.14958106830967
چکاوه,1399,صنایع کاغذسازی کاوه,0.9999999851990288,4.216289345588912e-13,0.8497701759251868,0.75,0.504157218442935,0.7122966313545439,0.9603729603729604,0.7031839888173925,47.84908214251912,68.49726200140587,68.00979644347997,49.48356979318256
چکاوه,1400,صنایع کاغذسازی کاوه,0.999999752977659,1.4598691938814507e-09,0.9351119677324052,0.7272727272727273,0.1738035264483709,0.7882926685554182,0.867699642431466,0.6431290519349261,44.083141430069325,64.19136673516053,63.29942901058103,46.45338640583702
چکاوه,1401,صنایع کاغذسازی کاوه,0.8826104529535383,5.69066357758733e-10,0.7363667756315571,0.8518518518518519,0.7796610169491517,0.8138662831966357,0.946808510638298,0.476088089620103,47.34116894264912,68.59066226762752,68.0698375366202,48.37092796779167
چکاپا,1394,گروه صنایع کاغذ پارس,0.0,1.6439380567811723e-09,0.6252675398285212,1.0,0.9522237587545144,0.9252738376407008,0.8843813387423936,0.4775531518580402,37.68681258739132,60.80874535585134,60.892351349487896,38.6190203187288
چکاپا,1395,گروه صنایع کاغذ پارس,0.8745812366634849,0.4064046745807681,1.0,1.0,0.8965188364329985,1.0,0.9279538904899136,1.0,73.9951401042341,88.81823297708956,88.90428585151588,75.09660907766029
چکاپا,1396,گروه صنایع کاغذ پارس,0.8826104529535382,0.1340920353324397,1.0,1.0,0.8329925017041601,1.0,0.9320652173913044,1.0,62.958156305672475,84.77200259226802,84.808220546666,64.51347319462329
چکاپا,1399,گروه صنایع کاغذ پارس,0.9999994059519608,0.1379787850793966,0.9135638276671962,0.75,0.504157218442935,0.8072172225435126,0.916083916083916,0.8571084278246721,55.67181882678444,73.57636004491987,73.18019426081617,57.263366759020606
چکاپا,1400,گروه صنایع کاغذ پارس,0.9999998761171812,6.025445763149677e-10,0.8410707701816647,0.7272727272727273,0.1738035264483709,0.7090437674999137,0.9189511323003576,0.5824833300341744,42.457914709402075,61.90781413071169,60.97489624451913,44.4189555786933
چکاپا,1401,گروه صنایع کاغذ پارس,0.8826104529535383,0.82084306948636,0.9299169033253158,0.8888888888888888,0.794099183929693,0.7867145396987795,0.8574468085106383,0.6918481077710115,82.59043168054929,83.1545994320528,83.04153333866996,83.20425973843165
کاذر,1392,فرآورده های نسوزآذر,0.651185886718485,0.0868254272360079,0.6643812186511288,1.0,0.910274454609426,0.9252738376407008,0.8990011098779134,0.5072716694934386,50.35063908132238,70.55267005283876,70.25420487588667,50.82922170765085
کاذر,1393,فرآورده های نسوزآذر,0.707548045216801,0.4046052432191417,0.9463629202492356,1.0,0.9522237587545144,0.9252738376407008,0.9201970443349754,0.3788933732232819,64.65030994528071,77.93880278298313,77.57530701301387,66.1218504257371
کاذر,1394,فرآورده های نسوزآذر,0.0,1.6439380567811723e-09,1.0,0.8181818181818182,0.8782521201667389,0.9252738376407008,0.9259634888438134,0.1644427147373745,35.024706936981374,58.90142476517979,58.57954529385171,38.273650708940536
کاذر,1395,فرآورده های نسوزآذر,0.8745812366634849,0.4064046745807681,1.0,1.0,0.8965188364329985,1.0,0.978866474543708,1.0,74.20392351910925,89.45464027776198,89.49151435174628,75.2909639520249
کاذر,1396,فرآورده های نسوزآذر,0.8826104529535382,0.1340920353324397,1.0,1.0,0.8329925017041601,1.0,0.9909420289855072,1.0,63.19959959538275,85.50796273719557,85.48730887842856,64.73823089516131
کاذر,1398,فرآورده های نسوزآذر,0.9999998789461588,0.0189897794393701,0.959778383694236,0.8571428571428571,0.4448865897333848,0.9683801565939821,0.9859719438877756,0.8152589355421014,52.46700166901551,75.63010656224833,74.90885596111552,54.405427664514946
کاذر,1399,فرآورده های نسوزآذر,0.9999999661306456,0.1379787850793966,0.8461591207177519,0.75,0.504157218442935,0.8072172225435126,1.0,0.7008354101221628,53.82938672251777,71.82934653795505,71.14963237014555,55.17821424851911
کاذر,1400,فرآورده های نسوزآذر,0.9999999515375496,8.322794419858075e-09,0.957527202209512,0.7272727272727273,0.1738035264483709,0.7090437674999137,0.9880810488676997,0.6575842918919174,44.42646118790377,65.16640655063107,64.29850565008981,46.90639365819147
کاذر,1401,فرآورده های نسوزآذر,0.8826104529535383,1.4594486272574945e-06,0.8788304495745187,0.8518518518518519,0.7796610169491517,0.7867145396987795,0.9914893617021276,0.5681960725062055,49.4257132342636,71.74194005856,71.3788282107642,51.11511054942232
کالا,1394,بورس کالای ایران,0.0,1.6439380567811723e-09,1.0,0.8181818181818182,0.8782521201667389,0.9252738376407008,0.9614604462474644,0.1644427147373745,35.17027361999596,59.345136732725436,58.98896912189516,38.40915761405505
کالا,1395,بورس کالای ایران,0.8745812366634849,0.4064046745807681,1.0,1.0,0.8965188364329985,1.0,0.9692603266090298,1.0,74.16453042196301,89.3345634285785,89.38071652151413,75.25429322101272
کالا,1396,بورس کالای ایران,0.8826104529535382,0.1340920353324397,1.0,1.0,0.8329925017041601,1.0,0.9764492753623188,1.0,63.14016740099252,85.32680331690571,85.320148673687,64.68290592272119
کالا,1398,بورس کالای ایران,0.999999802098134,0.0189897794393701,0.99608487171866,0.7857142857142857,0.4975755699989719,0.9683801565939821,0.968937875751503,0.8400924462737153,52.939516947608446,75.94718484485776,75.30292057133015,55.042940345764244
کالا,1399,بورس کالای ایران,0.9999997957249492,0.1379787850793966,1.0,0.75,0.504157218442935,0.8072172225435126,0.9790209790209792,0.8008913428286177,55.9784270866541,74.74081679550488,74.2564146559827,58.043849378009924
کالا,1400,بورس کالای ایران,0.9999996673042422,8.322794419858075e-09,0.7606459398320111,0.7272727272727273,0.1738035264483709,0.7090437674999137,0.9499404052443384,0.5306185939150008,41.42129383511015,60.64155794799249,59.5876900992313,43.001676125766316
کالا,1401,بورس کالای ایران,0.8826104529535383,1.4594486272574945e-06,0.8886491899140995,0.8888888888888888,0.794099183929693,0.7867145396987795,0.946808510638298,0.7185291959068595,51.3919014981862,73.8287677672348,73.71475747215992,52.99299182348376
کاما,1392,باما,0.651185886718485,0.0868254272360079,0.8744328600634774,1.0,0.910274454609426,0.9252738376407008,0.9644839067702552,0.6233154188739356,53.45002029074028,75.4473973989036,75.30167083009714,54.89726405543608
کاما,1393,باما,0.707548045216801,0.4046052432191417,0.4747081844656031,1.0,0.9522237587545144,0.9252738376407008,0.961576354679803,0.6918786292503329,64.62215790205966,76.47267566533623,76.22592016977148,63.39374253726676
کاما,1394,باما,0.0,1.6439380567811723e-09,1.0,0.8181818181818182,0.8782521201667389,0.9252738376407008,0.9655172413793104,0.1644427147373745,35.18690981234048,59.39584667187351,59.0357604165287,38.42464411749671
کاما,1395,باما,0.8745812366634849,0.4064046745807681,1.0,1.0,0.8965188364329985,1.0,0.9634966378482228,1.0,74.14089456367525,89.26251731906842,89.31423782337484,75.23229078240539
کاما,1396,باما,0.8826104529535382,0.1340920353324397,1.0,1.0,0.8329925017041601,1.0,0.9538043478260868,1.0,63.047304597257806,85.04374172270282,85.05896085377832,64.59646065328349
کاما,1397,باما,0.9999998274991988,2.685766663480101e-09,1.0,1.0,1.0,0.9999908001218843,0.9718530101641908,1.0,61.46039285465446,87.148045505888,87.26351079584306,62.98781119768421
کاما,1398,باما,0.999999945176568,0.8819324370981155,0.3852275448849858,0.7857142857142857,0.4975755699989719,0.0,0.935871743486974,0.4919915113792005,71.81476037752468,62.22891297173876,62.30504754759305,70.24485354670009
کاما,1399,باما,0.999999732618481,1.376863272529142e-09,0.5474299703574664,0.75,0.504157218442935,0.0,0.9312354312354312,0.5065462403704208,39.0705691860583,52.99210743001998,53.22196751693803,39.677632291921
کاما,1400,باما,0.9999992257053788,1.0,0.9395022732293916,0.7272727272727273,0.1738035264483709,0.2141878753427376,0.9237187127532778,0.7239884597828448,80.19960252490444,71.28091000668411,71.17161346054499,81.28160620524385
کاما,1401,باما,0.8826104529535383,5.41019722718096e-10,0.5925736534535105,0.8888888888888888,0.7507846829880711,0.6111727963856968,0.8787234042553191,0.383120569759444,43.74658319472959,62.348430615318605,62.01352697933871,44.23821900374752
کاوه,1392,فولاد کاوه جنوب کیش,0.651185886718485,0.0868254272360079,0.7555274019637475,1.0,0.910274454609426,0.9252738376407008,0.7036625971143174,0.8277451406576429,53.67840948073762,73.2561843242541,73.54234446081986,54.418667963736446
کاوه,1393,فولاد کاوه جنوب کیش,0.707548045216801,0.4046052432191417,0.8403550760732825,1.0,0.9522237587545144,0.9252738376407008,0.9261083743842364,0.4492390937961099,64.63008499935405,77.56691786355984,77.23293388574639,65.49575112726576
کاوه,1394,فولاد کاوه جنوب کیش,0.0,1.6439380567811723e-09,1.0,0.8181818181818182,0.8782521201667389,0.9252738376407008,0.920892494929006,0.1644427147373745,35.003911696550716,58.83803734124471,58.521056175559785,38.25429257963846
کاوه,1395,فولاد کاوه جنوب کیش,0.8745812366634849,0.4064046745807681,1.0,1.0,0.8965188364329985,1.0,0.9087415946205571,1.0,73.91635390994159,88.57807927872261,88.68269019105156,75.02326761563592
کاوه,1396,فولاد کاوه جنوب کیش,0.8826104529535382,0.1340920353324397,1.0,1.0,0.8329925017041601,1.0,0.9375,1.0,62.98044337856881,84.83993737487671,84.87090562344409,64.53422005928833
کاوه,1398,فولاد کاوه جنوب کیش,0.9999994909544906,0.0189897794393701,0.9910903275376708,0.7857142857142857,0.4975755699989719,0.9683801565939821,0.9098196392785572,0.8429025952165003,52.68957053480487,75.18089805917285,74.59483436152216,54.78169591575755
کاوه,1399,فولاد کاوه جنوب کیش,0.9999995341476516,0.1379787850793966,0.8077622157993832,0.8333333333333334,0.4358600583090337,0.8072172225435126,0.9195804195804196,0.6758626119582437,52.86412441762991,70.21992725938718,69.54634675504697,54.071133840177374
کاوه,1400,فولاد کاوه جنوب کیش,0.9999998692697916,8.322794419858075e-09,0.9999999552337628,0.7272727272727273,0.1738035264483709,0.7090437674999137,0.9082240762812872,0.6849744351422331,44.71353773300329,65.04147956838602,64.29878242462213,47.41249129583223
کاوه,1401,فولاد کاوه جنوب کیش,0.8826104529535383,1.4594486272574945e-06,0.8902527680827196,0.8518518518518519,0.7796610169491517,0.7867145396987795,0.9212765957446808,0.7174924238903599,50.827055727605774,72.87326385774637,72.7496948410844,52.47248902844681
کبافق,1392,معادن  بافق,0.651185886718485,0.0868254272360079,0.1612158100786871,1.0,0.910274454609426,0.9252738376407008,0.9145394006659268,0.229296214616164,43.63324178552518,60.98263789456747,60.15176973643561,41.74260062605063
کبافق,1393,معادن  بافق,0.707548045216801,0.4046052432191417,0.9028359902676976,1.0,0.9522237587545144,0.9252738376407008,0.9201970443349754,0.407777398529863,64.63205205528185,77.75576647454618,77.40673281891536,65.8555077665573
کبافق,1394,معادن  بافق,0.0,1.6439380567811723e-09,1.0,0.8181818181818182,0.8782521201667389,0.9252738376407008,0.920892494929006,0.1644427147373745,35.003911696550716,58.83803734124471,58.521056175559785,38.25429257963846
کبافق,1395,معادن  بافق,0.8745812366634849,0.4064046745807681,1.0,1.0,0.8965188364329985,1.0,0.9183477425552352,1.0,73.95574700708785,88.69815612790607,88.79348802128372,75.0599383466481
کبافق,1396,معادن  بافق,0.8826104529535382,0.1340920353324397,1.0,1.0,0.8329925017041601,1.0,0.9365942028985508,1.0,62.97672886641942,84.8286149111086,84.86045811064773,64.53076224851083
کبافق,1398,معادن  بافق,0.9999998296246484,0.0189897794393701,0.6231289207036093,0.7857142857142857,0.4975755699989719,0.9683801565939821,0.908817635270541,0.62584522765796,47.578561842852025,67.8556425625421,66.8767673168607,47.952918919291385
کبافق,1399,معادن  بافق,0.9999950874750266,0.1379787850793966,0.9702595702370612,0.75,0.504157218442935,0.8072172225435126,0.9102564102564102,0.8202343271917999,55.679680864490024,73.75123276532678,73.34269849062292,57.595409706112264
کبافق,1400,معادن  بافق,0.9999996522258944,8.322794419858075e-09,0.0,0.7272727272727273,0.1738035264483709,0.7090437674999137,0.9070321811680572,0.0,29.808768205502425,43.96439828672197,42.04630749047076,27.91711625815815
کبافق,1401,معادن  بافق,0.8826104529535383,1.4594486272574945e-06,0.798943350600581,0.8518518518518519,0.7796610169491517,0.7867145396987795,0.8425531914893617,0.5165461371826376,47.65761644174231,68.2360250021816,67.92622220526101,49.01994049799491
کحافظ,1392,کاشی  وسرامیک  حافظ,0.651185886718485,0.0868254272360079,0.923818079307552,1.0,0.910274454609426,0.9252738376407008,0.8912319644839067,0.6505984525437852,53.815187520917306,75.4901012817483,75.46591385023721,55.515295682850116
کحافظ,1393,کاشی  وسرامیک  حافظ,0.707548045216801,0.4046052432191417,0.7507365857547746,1.0,0.9522237587545144,0.9252738376407008,0.9201970443349754,0.508709006868208,64.56825214571624,77.11616902236396,76.81767141372316,64.92480670689562
کحافظ,1394,کاشی  وسرامیک  حافظ,0.0,1.6439380567811723e-09,1.0,0.8181818181818182,0.8782521201667389,0.9252738376407008,0.8904665314401623,0.1644427147373745,34.87914025396679,58.457712797634166,58.17012146580824,38.13814380382601
کحافظ,1395,کاشی  وسرامیک  حافظ,0.8745812366634849,0.4064046745807681,1.0,1.0,0.8965188364329985,1.0,0.9087415946205571,1.0,73.91635390994159,88.57807927872261,88.68269019105156,75.02326761563592
کحافظ,1396,کاشی  وسرامیک  حافظ,0.8826104529535382,0.1340920353324397,1.0,1.0,0.8329925017041601,1.0,0.9239130434782608,1.0,62.924725696327975,84.67010041835499,84.71419293149887,64.4823528976257
کحافظ,1398,کاشی  وسرامیک  حافظ,0.9999983680978902,0.0189897794393701,0.9689860002360082,0.7857142857142857,0.4975755699989719,0.9683801565939821,0.9519038076152304,0.8553394562686422,52.828903142214735,75.58609279955476,74.96422654127753,54.784952035871235
کحافظ,1399,کاشی  وسرامیک  حافظ,0.9999993302856685,0.1379787850793966,0.9489669832414572,0.75,0.504157218442935,0.8072172225435126,0.9184149184149184,0.7677001745068622,54.98845366203946,72.93043290643438,72.44650543658553,56.83531119137071
کحافظ,1400,کاشی  وسرامیک  حافظ,0.9999994423875588,8.322794419858075e-09,0.8749229099368432,0.7272727272727273,0.1738035264483709,0.7090437674999137,0.899880810488677,0.604314054299784,42.86952538674693,62.36546558320837,61.48927902718506,44.9925000239905
کحافظ,1401,کاشی  وسرامیک  حافظ,0.8826104529535383,1.4594486272574945e-06,0.5567837401625665,0.8518518518518519,0.7796610169491517,0.7867145396987795,0.823404255319149,0.3599810800238557,44.070888169115776,63.012604955094,62.44680137137686,44.31924588537509
کخاک,1392,صنایع خاک چینی ایران,0.651185886718485,0.0868254272360079,0.7767546383475858,1.0,0.910274454609426,0.9252738376407008,0.972253052164262,0.8160180811478766,54.81408637560282,76.7323172233043,76.75462005646774,55.59727350843875
کخاک,1393,صنایع خاک چینی ایران,0.707548045216801,0.4046052432191417,0.1319870128272937,1.0,0.9522237587545144,0.9252738376407008,0.9822660098522168,0.9193048915413042,64.56324399936739,75.29010998814965,75.13724081281481,61.375602032096545
کخاک,1394,صنایع خاک چینی ایران,0.0,1.6439380567811723e-09,1.0,1.0,0.6112325467279323,0.9252738376407008,0.977687626774848,0.1644427147373745,33.76176135631466,58.482959094059915,57.92888348702756,37.11257034172262
کخاک,1395,صنایع خاک چینی ایران,0.8745812366634849,0.4064046745807681,1.0,1.0,0.8965188364329985,1.0,0.9654178674351584,1.0,74.1487731831045,89.28653268890511,89.33639738942128,75.23962492860782
کخاک,1396,صنایع خاک چینی ایران,0.8826104529535382,0.1340920353324397,1.0,1.0,0.8329925017041601,1.0,0.9501811594202898,1.0,63.032446548660246,84.99845186763035,85.01717080259293,64.58262941017344
کخاک,1398,صنایع خاک چینی ایران,0.999999737289131,0.0189897794393701,0.9828084945398357,0.8571428571428571,0.4448865897333848,0.9683801565939821,0.9819639278557114,0.8475623165844234,52.97118504867455,76.2716732397337,75.59988246535102,55.002889365828324
کخاک,1399,صنایع خاک چینی ایران,0.9999999462408964,0.1379787850793966,0.9269190214328066,0.8333333333333334,0.4358600583090337,0.8072172225435126,0.9871794871794872,0.7533604952711583,54.8725088314099,73.52310436737031,72.91980874597041,56.61079082790705
کخاک,1400,صنایع خاک چینی ایران,0.999999784468352,8.322794419858075e-09,0.7658164670115497,0.8181818181818182,0.0600035984166947,0.7090437674999137,0.9737783075089392,0.5339529873678425,41.074417206866976,60.7597092347238,59.61783522505198,42.71540174644571
کخاک,1401,صنایع خاک چینی ایران,0.8826104529535383,1.4594486272574945e-06,0.6565275378624782,0.8888888888888888,0.7507846829880711,0.7867145396987795,0.9595744680851064,0.4244690983183763,46.0561555460604,66.86963910304833,66.27450593959723,46.731553504999
کدما,1392,معدنی  دماوند,0.651185886718485,0.0868254272360079,0.3925383678698543,1.0,0.910274454609426,0.9252738376407008,0.9655937846836848,1.0,53.86345434601921,74.14614698447699,74.2231267603964,52.51701251218813
کدما,1393,معدنی  دماوند,0.707548045216801,0.7095753571488809,0.6563335119406515,1.0,0.9522237587545144,0.9252738376407008,0.9822660098522168,0.5713539205853646,76.50139685175299,81.30718051423912,80.95317600575677,75.83892148351983
کدما,1394,معدنی  دماوند,0.0,1.6439380567811723e-09,1.0,1.0,0.6112325467279323,0.9252738376407008,0.9401622718052738,0.1644427147373745,33.607876577127804,58.01389215694024,57.496064011667336,36.96932018488727
کدما,1395,معدنی  دماوند,0.8745812366634849,0.4064046745807681,1.0,1.0,0.8965188364329985,1.0,0.9423631123919308,1.0,74.05422974995348,88.99834825086477,89.0704825968641,75.15161517417856
کدما,1396,معدنی  دماوند,0.8826104529535382,0.1340920353324397,1.0,1.0,0.8329925017041601,1.0,0.9248188405797102,1.0,62.92844020847737,84.6814228821231,84.72464044429522,64.4858107084032
کدما,1397,معدنی  دماوند,0.9999999074601524,2.685766663480101e-09,1.0,1.0,1.0,0.9999992228650056,0.9390148553557468,1.0,61.325781015960224,86.73767485458339,86.88484776233965,62.86250130404667
کدما,1398,معدنی  دماوند,0.9999996968485249,0.5912129493012985,0.9980902204780392,0.8571428571428571,0.4448865897333848,0.7938226928661093,0.9458917835671344,0.8368148501026254,73.76477336191606,80.84827050049968,80.40825915207247,75.1132949527387
کدما,1399,معدنی  دماوند,0.9999996998637704,1.0,0.7215256423316123,0.8333333333333334,0.4358600583090337,0.7270206582019945,0.9032634032634032,0.98200731882504,88.07589957018982,82.53762642660234,82.22719705672301,87.32224194265036
کدما,1400,معدنی  دماوند,0.999999732367365,0.9691284953671948,0.0488259584489705,0.8181818181818182,0.0600035984166947,0.7199432160672615,0.8283671036948749,1.0,77.37596827832223,68.05562403180224,67.18018800510765,73.50157981209249
کرازی,1392,کارخانجات تولیدی شیشه رازی,0.651185886718485,0.0868254272360079,0.9011032290977324,1.0,0.910274454609426,0.9252738376407008,0.957824639289678,0.6380495556761367,53.782146099835614,75.88171287835209,75.76984335062022,55.356624794401846
کرازی,1393,کارخانجات تولیدی شیشه رازی,0.707548045216801,0.4046052432191417,0.9906851242456028,1.0,0.9522237587545144,0.9252738376407008,0.9645320197044336,0.3494816122188299,64.85071123878825,78.6793705125003,78.25832320658847,66.56230475077017
کرازی,1394,کارخانجات تولیدی شیشه رازی,0.0,1.6439380567811723e-09,1.0,0.8181818181818182,0.8782521201667389,0.9252738376407008,0.9543610547667344,0.1644427147373745,35.14116028339304,59.2563943392163,58.907084356286475,38.38205623303215
کرازی,1395,کارخانجات تولیدی شیشه رازی,0.8745812366634849,0.4064046745807681,1.0,1.0,0.8965188364329985,1.0,0.926032660902978,1.0,73.98726148480486,88.79421760725286,88.88212628546944,75.08927493145785
کرازی,1396,کارخانجات تولیدی شیشه رازی,0.8826104529535382,0.1340920353324397,1.0,1.0,0.8329925017041601,1.0,0.9429347826086956,1.0,63.00273045146514,84.90787215748541,84.93359070022215,64.55496692395337
کرازی,1398,کارخانجات تولیدی شیشه رازی,0.9999997096022912,0.0189897794393701,0.9923630456599962,0.8571428571428571,0.5224830879426994,0.9683801565939821,0.9158316633266532,0.8421865083512505,53.57292288344241,76.46721010073875,75.93706601517998,55.618719347871604
کرازی,1399,کارخانجات تولیدی شیشه رازی,0.9999997969878724,0.1379787850793966,0.976690342775921,0.8333333333333334,0.5364431486880459,0.8072172225435126,0.951048951048951,0.7857310513067453,56.56035042161533,75.35553289704723,74.94728927190788,58.46319647912809
کرازی,1400,کارخانجات تولیدی شیشه رازی,0.9999997250888863,8.322794419858075e-09,0.9883112030808192,0.8181818181818182,0.227599856063335,0.7090437674999137,0.9499404052443384,0.692512331626928,46.21228640706326,67.31986393886041,66.64216807708185,48.75047839636166
کرازی,1401,کارخانجات تولیدی شیشه رازی,0.8826104529535383,1.4594486272574945e-06,0.9951903859428524,0.8518518518518519,0.7796610169491517,0.7867145396987795,0.9212765957446808,0.6434270330100985,50.82350673826724,73.25916669499476,73.0957752295406,53.0706809962256
کرماشا,1392,صنایع پتروشیمی کرمانشاه,0.651185886718485,0.0868254272360079,0.8607243065417549,1.0,0.910274454609426,0.9252738376407008,0.9922308546059934,0.7696287500959041,55.03143852584944,77.4517939681034,77.43734076788502,56.279883249959674
کرماشا,1393,صنایع پتروشیمی کرمانشاه,0.707548045216801,0.4046052432191417,0.4241961112992946,1.0,0.9522237587545144,0.9252738376407008,0.9793103448275862,0.7253979240924538,64.67369393696313,76.48194081313116,76.23483821797194,63.152355709958144
کرماشا,1394,صنایع پتروشیمی کرمانشاه,0.0,1.6439380567811723e-09,0.1637629401059611,1.0,0.9522237587545144,0.9252738376407008,0.9929006085192698,0.8631666823384372,38.7904282366854,61.21659786253526,61.437511991649,36.99626088575229
کرماشا,1395,صنایع پتروشیمی کرمانشاه,0.8745812366634849,0.4064046745807681,1.0,1.0,0.8965188364329985,1.0,0.989433237271854,1.0,74.24725592597014,89.58672481186382,89.61339196500165,75.33130175613832
کرماشا,1396,صنایع پتروشیمی کرمانشاه,0.8826104529535382,0.1340920353324397,1.0,1.0,0.8329925017041601,1.0,1.0,1.0,63.236744716876636,85.62118737487671,85.59178400639202,64.7728090029364
کرماشا,1398,صنایع پتروشیمی کرمانشاه,0.6354614784753171,0.0189897794393701,0.9749285512005148,0.7857142857142857,0.4975755699989719,0.9683801565939821,0.9819639278557114,0.8519959172578313,47.85702304375707,71.4376208316998,70.99053012454289,50.132523465646564
کرماشا,1399,صنایع پتروشیمی کرمانشاه,0.9999989840603936,0.1379787850793966,0.5491015043244489,0.75,0.504157218442935,0.8072172225435126,0.9673659673659674,0.5076333821718325,49.3797518102283,65.29316329985608,64.30696642234388,49.36560703635123
کرماشا,1400,صنایع پتروشیمی کرمانشاه,0.9999998879742122,8.322794419858075e-09,0.4457619527090418,0.7272727272727273,0.1738035264483709,0.7090437674999137,0.9213349225268176,0.3275547536894875,36.74780591910448,53.80964433054207,52.42705608702257,36.88030249410204
کرماشا,1401,صنایع پتروشیمی کرمانشاه,0.8826104529535383,1.4594486272574945e-06,0.8998707439142621,0.8518518518518519,0.7796610169491517,0.7867145396987795,0.8702127659574468,0.5817993933902335,49.23319341328691,70.65902780204864,70.43691259817986,51.05421996826195
کساپا,1392,سایپاشیشه,0.651185886718485,0.0868254272360079,0.8823756748339852,1.0,0.910274454609426,0.9252738376407008,0.9367369589345172,0.7576673774593716,54.838787417994816,76.87924521790617,76.91389447190858,56.224384370176764
کساپا,1393,سایپاشیشه,0.707548045216801,0.4323271987465389,0.844865712542406,1.0,0.9522237587545144,0.9252738376407008,0.9448275862068966,0.4462458815944174,65.77393303961412,78.16640025877844,77.8103890128587,66.61788110354485
کساپا,1394,سایپاشیشه,0.0,1.6439380567811723e-09,1.0,0.8181818181818182,0.8782521201667389,0.9252738376407008,0.936105476673428,0.1644427147373745,35.066297417842684,59.02819961304997,58.69652353043555,38.31236696754468
کساپا,1395,سایپاشیشه,0.8745812366634849,0.4064046745807681,1.0,1.0,0.8965188364329985,1.0,0.9183477425552352,1.0,73.95574700708785,88.69815612790607,88.79348802128372,75.0599383466481
کساپا,1396,سایپاشیشه,0.8826104529535382,0.1340920353324397,1.0,1.0,0.8329925017041601,1.0,0.9311594202898552,1.0,62.95444179352309,84.76068012849991,84.79777303386965,64.51001538384577
کساپا,1397,سایپاشیشه,0.9999999899092428,2.685766663480101e-09,1.0,1.0,1.0,0.999999791846162,0.9562157935887412,1.0,61.39632355425937,86.9526947253739,87.0832515861275,62.928168770492746
کساپا,1398,سایپاشیشه,0.9999994133004438,0.041617002983036,0.8779063171424699,0.7857142857142857,0.4975755699989719,0.9890446958853932,0.9298597194388778,0.9065848684383327,53.59479768488635,75.35377341127264,74.7412038274812,55.00068433433789
کساپا,1399,سایپاشیشه,0.9999999350838544,0.5380631154745167,0.8919027281372581,0.75,0.504157218442935,0.9112790571114948,0.9370629370629372,0.8711964973636033,71.74189461593524,80.0457686084575,79.44995892355354,72.54363887904671
کساپا,1400,سایپاشیشه,0.9999967703529418,0.3640170997598655,0.884208483923796,0.7272727272727273,0.1738035264483709,0.9463125518742568,0.9261025029797378,0.7596465740604368,60.12320239849398,72.26700295840166,71.16679589016233,61.48557875995652
کساپا,1401,سایپاشیشه,0.8826104529535383,0.4150307293307554,0.7750331385343746,0.8518518518518519,0.7796610169491517,0.7726455855392509,0.8638297872340426,0.7919861342717939,66.38491501187178,76.6581087083095,76.60988971441873,66.7680600354714
کسرام,1392,پارس  سرام,0.969788820257003,0.0868254272360079,0.9943674210726012,1.0,0.910274454609426,0.9252738376407008,0.9145394006659268,0.6957971533286966,59.38931828499974,81.21083143512952,81.06436808813635,61.15180585415675
کسرام,1393,پارس  سرام,0.707548045216801,2.2662798132426e-09,0.94402468190272,1.0,0.9522237587545144,0.9252738376407008,0.9379310344827586,0.3804450042618646,49.17545114079248,73.0930795565705,72.74894243347136,51.24341095284696
کسرام,1394,پارس  سرام,0.0,0.5746373157038103,0.5908345114309486,1.0,0.9522237587545144,0.9252738376407008,0.9290060851926978,0.0,54.562152718673175,62.14969385903339,61.59105510025853,54.82370568518249
کسرام,1395,پارس  سرام,0.8745812366634849,0.4064046745807681,1.0,1.0,0.8965188364329985,0.7861115788874633,0.9269932756964456,1.0,72.71006258717792,86.1326200282645,86.52984917544404,73.920187313488
کسرام,1396,پارس  سرام,0.8826104529535382,0.1340920353324397,1.0,1.0,0.8329925017041601,0.8026742229399796,0.9402173913043478,1.0,61.80965480775276,82.40733255293082,82.72189995520624,63.46265212465634
کسرام,1399,پارس  سرام,0.9999999977736072,0.1379787850793966,0.9861295744054562,0.5,0.5476190476190427,0.8072172225435126,0.9463869463869464,0.8099127033056965,54.283538381280124,71.69055346392072,71.15950844618271,56.36233603966427
کسرام,1400,پارس  سرام,0.0,0.096243438409324,0.8505601696937923,0.7272727272727273,0.1738035264483709,0.7090437674999137,0.9558998808104888,0.7813458543797976,34.51285954988526,53.67711705643018,53.48907139791995,37.010752767960966
کسرام,1401,پارس  سرام,0.8826104529535383,0.0,0.565956138916849,0.8888888888888888,0.794099183929693,0.7867145396987795,0.874468085106383,0.3659113717543794,44.87422784765045,64.48310826560639,63.91209616176406,45.12252613314285
کسعدی,1392,کاشی  سعدی,0.651185886718485,0.0868254272360079,0.9693466146808798,1.0,0.910274454609426,0.9252738376407008,0.9733629300776916,0.6757508479880654,54.76557610921996,77.4002499868907,77.34354447158654,56.65638743811492
کسعدی,1393,کاشی  سعدی,0.707548045216801,0.6266876030254133,0.8398088865040813,1.0,0.9522237587545144,0.9252738376407008,0.9832512315270936,0.4496015396048469,73.39750866602111,81.05493627841813,80.64633512903868,73.90642746304479
کسعدی,1394,کاشی  سعدی,0.0,1.6439380567811723e-09,1.0,0.8181818181818182,0.8782521201667389,0.9252738376407008,0.9716024340770792,0.1644427147373745,35.21186410085727,59.471911580595616,59.10594735847901,38.4478738726592
کسعدی,1395,کاشی  سعدی,0.8745812366634849,0.4064046745807681,1.0,1.0,0.8965188364329985,1.0,0.968299711815562,1.0,74.16059111224837,89.32255574366017,89.36963673849093,75.25062614791149
کسعدی,1396,کاشی  سعدی,0.8826104529535382,0.1340920353324397,1.0,1.0,0.8329925017041601,1.0,0.9809782608695652,1.0,63.158739961739464,85.3834156357463,85.37238623766874,64.70019497660873
کسعدی,1397,کاشی  سعدی,0.8643417310518311,2.685766663480101e-09,1.0,1.0,1.0,0.9999999610968408,0.9726348709929632,1.0,59.56422898521559,85.46220707284252,85.65323507401044,61.20105066493146
کسعدی,1398,کاشی  سعدی,0.9999996384861894,6.723338237101625e-06,0.9173100645240214,0.7857142857142857,0.4975755699989719,0.7867793031275464,0.9789579158316634,0.7913644022486933,50.04588419749957,71.97134879087011,71.49566615660655,51.901383340443864
کسعدی,1399,کاشی  سعدی,0.9999995341480632,5.708007919988415e-10,0.9193059439474692,0.75,0.504157218442935,0.677520372042731,0.9662004662004662,0.7484090584860373,48.67492112830477,69.56990742298129,69.20637758143589,50.6465918063036
کسعدی,1400,کاشی  سعدی,0.999999732367365,0.8025089920295996,0.9999996966073722,0.7272727272727273,0.1738035264483709,0.6975409251181262,0.9713945172824792,0.684974150281312,75.73938701176294,75.7186783425919,74.86081451482359,77.20690438533808
کطبس,1392,ذغال سنگ  نگین  ط بس,0.651185886718485,0.0868254272360079,0.7098931335987195,1.0,0.910274454609426,0.9252738376407008,0.9367369589345172,0.8529559486556533,54.5606066114028,75.91432059241887,75.98483156220352,54.978885797495124
کطبس,1393,ذغال سنگ  نگین  ط بس,0.707548045216801,0.7685704698675919,0.5082968944731217,1.0,0.9522237587545144,0.9252738376407008,0.9310344827586208,0.6695895050165752,78.49604530688306,80.78171242159907,80.52117384597813,76.91470451320028
کطبس,1394,ذغال سنگ  نگین  ط بس,0.0,1.6439380567811723e-09,1.0,0.8181818181818182,0.8782521201667389,0.9252738376407008,0.9401622718052738,0.1644427147373745,35.082933610187204,59.078909552198056,58.74331482506909,38.32785347098634
کطبس,1395,ذغال سنگ  نگین  ط بس,0.8745812366634849,0.4064046745807681,1.0,1.0,0.8965188364329985,1.0,0.9231508165225744,1.0,73.97544355566097,88.75819455249781,88.8488869363998,75.07827371215419
کطبس,1396,ذغال سنگ  نگین  ط بس,0.8826104529535382,0.1340920353324397,1.0,1.0,0.8329925017041601,1.0,0.9501811594202898,1.0,63.032446548660246,84.99845186763035,85.01717080259293,64.58262941017344
کطبس,1397,ذغال سنگ  نگین  ط بس,0.9999999323508024,2.685766663480101e-09,1.0,1.0,1.0,0.9999974991085302,0.9648162627052383,1.0,61.4315780033399,87.0601712106292,87.18242384177233,62.96098706943323
کطبس,1398,ذغال سنگ  نگین  ط بس,0.9999993695037692,0.4392573261046578,0.8935664321296423,0.7857142857142857,0.4975755699989719,0.7706444973685236,0.935871743486974,0.8977738030076567,67.61381293768055,77.755037841431,77.41492216902508,68.61243262819825
کطبس,1399,ذغال سنگ  نگین  ط بس,0.9999999004029246,0.7879168469221897,0.5885860319120819,0.75,0.504157218442935,0.220959133074536,0.9382284382284384,0.5333135545747895,71.2956880529505,66.53951404447369,66.41939970290856,70.78172838367223
کطبس,1400,ذغال سنگ  نگین  ط بس,0.999999936141929,9.996970316495944e-10,0.940525528256984,0.7272727272727273,0.1738035264483709,0.1844175336916448,0.9034564958283672,0.7233285783537143,41.51471465548432,58.16005408741793,58.20145648539684,44.14279865577585
کطبس,1401,ذغال سنگ  نگین  ط بس,0.8826104529535383,0.8359074277361132,0.9208384094804672,0.8518518518518519,0.7796610169491517,0.3706582067445644,0.8659574468085106,0.6977176865383518,80.24551289260786,77.56503123828186,78.01503487757277,81.02124143109812
کفرا,1392,فراورده  های  نسوزایران,0.651185886718485,0.0868254272360079,0.8126791907114512,1.0,0.910274454609426,0.9252738376407008,0.9400665926748056,0.5891993925414162,52.51764034143025,73.94380977665365,73.7581690826469,53.681568701087976
کفرا,1393,فراورده  های  نسوزایران,0.707548045216801,0.7392921011119434,0.3894643263620514,1.0,0.9522237587545144,0.9252738376407008,0.961576354679803,0.748445581152016,77.44645066092932,80.29780006147288,80.04982681604382,75.22364648237755
کفرا,1394,فراورده  های  نسوزایران,0.0,1.6439380567811723e-09,1.0,0.8181818181818182,0.8782521201667389,0.9252738376407008,0.9553752535496958,0.1644427147373745,35.14531933147917,59.26907182400332,58.91878217994486,38.38592785889257
کفرا,1395,فراورده  های  نسوزایران,0.8745812366634849,0.4064046745807681,1.0,1.0,0.8965188364329985,1.0,0.9721421709894332,1.0,74.17634835110687,89.37058648333355,89.41395587058378,75.26529444031637
کفرا,1396,فراورده  های  نسوزایران,0.8826104529535382,0.1340920353324397,1.0,1.0,0.8329925017041601,1.0,0.9782608695652174,1.0,63.1475964252913,85.34944824444194,85.3410436992797,64.6898215442762
کفرا,1397,فراورده  های  نسوزایران,0.999999998678703,2.685766663480101e-09,1.0,1.0,1.0,0.9999971002442004,0.9726348709929632,1.0,61.46363925922189,87.1578996575204,87.27260047749445,62.99083269341887
کفرا,1398,فراورده  های  نسوزایران,0.657012899796384,0.0292179017107587,0.884385603857067,0.7857142857142857,0.4975755699989719,0.4501593869660664,0.9759519038076152,0.7728396610546547,43.8900296009883,63.16071516132254,63.332388871805655,45.99528417559106
کفرا,1399,فراورده  های  نسوزایران,0.9999995341478952,5.453106741171297e-09,0.5812031652033764,0.75,0.504157218442935,0.3817309959642468,0.9755244755244756,0.5285118435884589,42.029334417052624,59.01409047905619,58.685892020190344,42.58642314582548
کفرا,1400,فراورده  های  نسوزایران,0.9999998996821968,0.960371244612884,0.9999993579938706,0.7272727272727273,0.1738035264483709,0.4120343445665597,0.9713945172824792,0.6849748202930538,80.09499966400364,74.12313047690178,73.66546529772542,81.46732743197519
کفرا,1401,فراورده  های  نسوزایران,0.8826104529535383,1.5203501292182696e-09,0.8314119002438268,0.8518518518518519,0.7796610169491517,0.5016406315323524,0.9234042553191488,0.7555351999743043,49.09274746956701,69.07644137930656,69.38274890126218,50.54749256122627
کفپارس,1392,فرآورده های  نسوز پارس,0.651185886718485,0.0868254272360079,0.915662129345183,1.0,0.910274454609426,0.9252738376407008,0.902330743618202,0.739278161554698,54.75137825337762,76.63538300903379,76.6963460499445,56.333403190580334
کفپارس,1393,فرآورده های  نسوز پارس,0.707548045216801,0.4046052432191417,0.819098492440274,1.0,0.9522237587545144,0.9252738376407008,0.838423645320197,0.4633447451675181,64.2615892572542,76.38147209698933,76.1392494637652,65.03095171060852
کفپارس,1394,فرآورده های  نسوز پارس,0.0,1.6439380567811723e-09,0.992025871696357,1.0,0.9522237587545144,0.9252738376407008,0.9168356997971604,0.1711055557351022,37.29651379564507,61.96830906584716,61.82814337263738,40.361737607427116
کفپارس,1395,فرآورده های  نسوز پارس,0.8745812366634849,0.4064046745807681,1.0,1.0,0.8965188364329985,1.0,0.9173871277617676,1.0,73.95180769737321,88.68614844298773,88.7824082382605,75.05627127354688
کفپارس,1396,فرآورده های  نسوز پارس,0.8826104529535382,0.1340920353324397,1.0,1.0,0.8329925017041601,1.0,0.8442028985507246,1.0,62.59784862718176,83.67372360676077,83.79481180542034,64.17806554920497
کفپارس,1400,فرآورده های  نسوز پارس,0.999999937728536,8.322794419858075e-09,0.9114394625334904,0.7272727272727273,0.1738035264483709,0.7090437674999137,0.935637663885578,0.7420857347808455,44.771021840267025,64.99103535590321,64.24942958106827,46.95881149053881
کفپارس,1401,فرآورده های  نسوز پارس,0.8826104529535383,1.4594486272574945e-06,0.7861374901954561,0.8888888888888888,0.794099183929693,0.7867145396987795,0.8574468085106383,0.5082666794205888,47.994282341207054,68.80206878807762,68.49708257244971,49.2651998871607
کلوند,1392,کاشی  الوند,0.651185886718485,0.0868254272360079,0.9449414994433144,1.0,0.910274454609426,0.9252738376407008,0.946725860155383,0.6622681584114075,54.327436597842514,76.59368905268406,76.5376182662534,56.1110955582781
کلوند,1393,کاشی  الوند,0.707548045216801,0.4046052432191417,0.8564694121824579,1.0,0.9522237587545144,0.9252738376407008,0.9724137931034482,0.4385457852587608,64.82673460247575,78.2134984421978,77.82943184006236,65.77112263382259
کلوند,1394,کاشی  الوند,0.0,1.6439380567811723e-09,1.0,0.8181818181818182,0.8782521201667389,0.9252738376407008,0.969574036511156,0.1644427147373745,35.203546004685,59.446556611021585,59.08255171116223,38.440130620938376
کلوند,1395,کاشی  الوند,0.8745812366634849,0.4064046745807681,1.0,1.0,0.8965188364329985,1.0,0.9615754082612872,1.0,74.133015944246,89.23850194923173,89.29207825732841,75.22495663620296
کلوند,1396,کاشی  الوند,0.8826104529535382,0.1340920353324397,1.0,1.0,0.8329925017041601,1.0,0.9728260869565216,1.0,63.125309352394964,85.28151346183324,85.27835862250161,64.66907467961114
کلوند,1398,کاشی  الوند,0.3611527972104726,0.0189897794393701,0.9441284839354068,0.7857142857142857,0.4975755699989719,0.9683801565939821,0.9779559118236472,0.8064536176455525,43.278437659554456,67.00438252952111,66.65192232167747,45.65544575741214
کلوند,1399,کاشی  الوند,0.9999995341479494,0.1379787850793966,0.4861291422675012,0.75,0.504157218442935,0.8072172225435126,0.9277389277389276,0.4666770579343268,48.30236357010314,63.49872360193187,62.479151108026656,48.00855542167288
کلوند,1400,کاشی  الوند,0.999999732367365,8.322794419858075e-09,0.999998703289864,0.7272727272727273,0.1738035264483709,0.7090437674999137,0.9249106078665076,0.6849735097061287,44.781944919432895,65.2500322846709,64.49121538270043,47.47616396617406
کماسه,1392,تامین  ماسه  ریخته گری,0.651185886718485,0.0868254272360079,0.9698670624587532,1.0,0.910274454609426,0.9252738376407008,0.9134295227524972,0.676038371147109,54.52681393917127,76.66118203203725,76.66290410909413,56.43705634012059
کماسه,1393,تامین  ماسه  ریخته گری,0.707548045216801,0.4046052432191417,0.542671855775093,1.0,0.9522237587545144,0.9252738376407008,0.9211822660098522,0.6467786324698549,64.48501713093286,76.25354548857447,76.02322711075203,63.65541306124213
کماسه,1394,تامین  ماسه  ریخته گری,0.0,1.6439380567811723e-09,1.0,0.8181818181818182,0.8782521201667389,0.9252738376407008,0.9148073022312372,0.1644427147373745,34.97895740803393,58.76197243252259,58.45086923360947,38.23106282447597
کماسه,1395,تامین  ماسه  ریخته گری,0.8745812366634849,0.4064046745807681,1.0,1.0,0.8965188364329985,1.0,0.9135446685878964,1.0,73.93605045851473,88.63811770331435,88.73808910616764,75.04160298114199
کماسه,1396,تامین  ماسه  ریخته گری,0.8826104529535382,0.1340920353324397,1.0,1.0,0.8329925017041601,1.0,0.9211956521739132,1.0,62.91358215987981,84.63613302705065,84.68285039310983,64.47197946529319
کماسه,1398,تامین  ماسه  ریخته گری,0.999999790524686,0.0189897794393701,0.7581281385612479,0.7857142857142857,0.4975755699989719,0.9683801565939821,0.9198396793587176,0.7018016904686145,49.45790520897074,70.63036363324844,69.7811975559445,50.46248875721295
کماسه,1399,تامین  ماسه  ریخته گری,0.9999995876811604,0.1379787850793966,0.706859875633649,0.75,0.504157218442935,0.8072172225435126,0.9184149184149184,0.610237172080132,51.47100966083201,67.9358097484463,67.17640140686596,52.199482649670024
کماسه,1400,تامین  ماسه  ریخته گری,0.9999996036070532,8.322794419858075e-09,0.8594658531778054,0.7272727272727273,0.1738035264483709,0.7090437674999137,0.9535160905840286,0.5943460361329912,42.865821881217045,62.71809516307106,61.772607114874866,44.90212434489917
کماسه,1401,تامین  ماسه  ریخته گری,0.8826104529535383,1.4594486272574945e-06,0.9117973778720292,0.8518518518518519,0.7796610169491517,0.7867145396987795,0.9319148936170212,0.589510399052706,49.65900572051763,71.67577489304632,71.40757809115505,51.51767737010208
کمنگنز,1392,معادن منگنزایران,0.651185886718485,0.0868254272360079,0.96315116800809,1.0,0.910274454609426,0.9252738376407008,0.9389567147613762,0.7130426793472492,54.97816540710531,77.35887710401668,77.37458775352601,56.81613895687312
کمنگنز,1393,معادن منگنزایران,0.707548045216801,0.4046052432191417,0.8524733346839427,1.0,0.9522237587545144,0.9252738376407008,0.9330049261083744,0.4411975413932534,64.66344967446862,77.7040835877091,77.35941154154352,65.59623019026162
کمنگنز,1394,معادن منگنزایران,0.0,1.6439380567811723e-09,1.0,0.8181818181818182,0.8782521201667389,0.9252738376407008,0.936105476673428,0.1644427147373745,35.066297417842684,59.02819961304997,58.69652353043555,38.31236696754468
کمنگنز,1395,معادن منگنزایران,0.8745812366634849,0.4064046745807681,1.0,1.0,0.8965188364329985,1.0,0.915465898174832,1.0,73.94392907794398,88.66213307315104,88.76024867221408,75.04893712734444
کمنگنز,1396,معادن منگنزایران,0.8826104529535382,0.1340920353324397,1.0,1.0,0.8329925017041601,1.0,0.9528985507246376,1.0,63.04359008510841,85.0324192589347,85.04851334098198,64.59300284250598
کمنگنز,1398,معادن منگنزایران,0.5668354628702326,0.0189897794393701,0.9629068916921332,0.7857142857142857,0.4975755699989719,0.9683801565939821,0.937875751503006,0.8170191709358035,46.24908404078873,69.44121335934732,69.03125971845071,48.55933125620156
کمنگنز,1399,معادن منگنزایران,0.9999997161442048,0.1379787850793966,0.7589601119921585,0.75,0.504157218442935,0.8072172225435126,0.9254079254079254,0.6441224211552756,52.25662563103055,69.09804250956762,68.3911613014563,53.22378741378482
کمنگنز,1400,معادن منگنزایران,0.9999998989439078,8.322794419858075e-09,0.931507261333532,0.7272727272727273,0.1738035264483709,0.7090437674999137,0.9070321811680572,0.6408044322204446,43.71760036651025,63.61829754012185,62.79923893532923,46.100188369432246
کمنگنز,1401,معادن منگنزایران,0.8826104529535383,1.4594486272574945e-06,0.867178988618076,0.8518518518518519,0.7796610169491517,0.7867145396987795,0.8638297872340426,0.5606629762672035,48.733407688574815,69.90638841276589,69.65338140614404,50.40512413730417
کنور,1392,توسعه معدنی و صنعتی صبانور,0.651185886718485,0.0868254272360079,0.6684798388275137,1.0,0.910274454609426,0.9252738376407008,0.9567147613762486,0.5095359662604445,50.64254921175522,71.35362715836034,71.00362823818904,51.124038935745354
کنور,1393,توسعه معدنی و صنعتی صبانور,0.707548045216801,0.0,0.8057567728460193,1.0,0.9522237587545144,0.9252738376407008,0.961576354679803,0.4721981737589031,49.21441816528694,72.80721178620927,72.48617500373724,50.48760935854617
کنور,1394,توسعه معدنی و صنعتی صبانور,0.0,1.6439380567811723e-09,1.0,0.8181818181818182,0.8782521201667389,0.9252738376407008,0.947261663286004,0.1644427147373745,35.11204694679012,59.16765194570718,58.82519959067778,38.354954852009236
کنور,1395,توسعه معدنی و صنعتی صبانور,0.8745812366634849,0.4064046745807681,1.0,1.0,0.8965188364329985,1.0,0.9433237271853988,1.0,74.05816905966812,89.01035593578312,89.08156237988732,75.15528224727979
کنور,1396,توسعه معدنی و صنعتی صبانور,0.8826104529535382,0.1340920353324397,1.0,1.0,0.8329925017041601,1.0,0.9692028985507246,1.0,63.11045130379741,85.23622360676077,85.23656857131623,64.65524343650112
کنور,1397,توسعه معدنی و صنعتی صبانور,0.999999801951452,2.685766663480101e-09,1.0,1.0,1.0,0.9999987494172684,0.9781078967943706,1.0,61.486090284268,87.22633063561072,87.33574252744287,63.011731995474584
کنور,1398,توسعه معدنی و صنعتی صبانور,0.9999992622864772,1.0,0.9651431664524168,0.8571428571428571,0.4448865897333848,0.3929982080164264,0.9649298597194388,0.8182773968971051,86.7016551212272,80.54221675310134,80.5948825550711,87.47219372124064
کنور,1399,توسعه معدنی و صنعتی صبانور,0.9999996385064227,0.8650308948578462,0.3522417863383128,0.8333333333333334,0.4358600583090337,0.3217880211360764,0.9603729603729604,0.3795986352482083,71.4421313477962,64.35281660127742,63.761470600906314,69.6746304201881
کنور,1401,توسعه معدنی و صنعتی صبانور,0.8826104529535383,1.4594486272574945e-06,0.5572607555570472,0.8518518518518519,0.7796610169491517,0.7867145396987795,0.9170212765957448,0.3602894879469086,44.4617054467838,64.19263551252061,63.53694366953986,44.68573728098335
کهمدا,1392,شیشه  همدان,0.7005126436374758,0.0868254272360079,0.8764585998659278,1.0,0.910274454609426,0.9252738376407008,0.9123196448390676,0.7609362858099183,55.41976484166638,77.15751117048156,77.18922161144206,56.73923494195683
کهمدا,1393,شیشه  همدان,0.707548045216801,0.4046052432191417,0.936294500822488,1.0,0.9522237587545144,0.9252738376407008,0.9330049261083744,0.3010260386618645,63.790755392471276,76.99970438029857,76.53258741073724,65.27078611775524
کهمدا,1394,شیشه  همدان,0.0,1.6439380567811723e-09,0.3313896235920424,1.0,0.9522237587545144,0.9252738376407008,0.922920892494929,0.7231049857472297,38.2642395849585,60.686413748416925,60.886977889013,37.469001850842346
کهمدا,1395,شیشه  همدان,0.8745812366634849,0.4064046745807681,1.0,1.0,0.8965188364329985,1.0,0.926032660902978,1.0,73.98726148480486,88.79421760725286,88.88212628546944,75.08927493145785
کهمدا,1396,شیشه  همدان,0.8826104529535382,0.1340920353324397,1.0,1.0,0.8329925017041601,1.0,0.9257246376811594,1.0,62.932154720626755,84.69274534589121,84.73508795709157,64.48926851918073
کهمدا,1399,شیشه  همدان,0.9999996105911564,0.1379787850793966,0.9290886059106848,0.8333333333333334,0.4358600583090337,0.8072172225435126,0.9102564102564102,0.7547715620063761,54.588577089526225,72.60631985037381,72.07979660063612,56.358681359199444
کهمدا,1400,شیشه  همدان,0.9999998070158472,8.322794419858075e-09,0.9947521609601304,0.8181818181818182,0.0600035984166947,0.7090437674999137,0.9117997616209772,0.6815900952520767,44.132818643065576,64.69213771587816,63.869216256157394,46.84994369132829
کهمدا,1401,شیشه  همدان,0.8826104529535383,1.4594486272574945e-06,0.7761563329898424,0.925925925925926,0.7657384987893442,0.7867145396987795,0.8361702127659575,0.5018134957307855,47.749992333242695,68.43913647878502,68.13305884817889,48.98497449437903
کویر,1398,تولیدی فولاد سپید فراب کویر,0.9999995009294612,0.0189897794393701,0.8756695928042693,0.7857142857142857,0.4975755699989719,0.9683801565939821,0.9118236472945892,0.7679356521285644,51.021986308038066,72.82610231129367,72.10688482514644,52.58028863107269
کویر,1399,تولیدی فولاد سپید فراب کویر,0.9999999454529592,3.7631144389383255e-10,0.7190023601235731,0.75,0.504157218442935,0.8072172225435126,0.9067599067599068,0.6181344704436345,46.29791743265784,66.3158890517854,65.593733376768,47.29543390737656
کویر,1400,تولیدی فولاد سپید فراب کویر,0.9999998881166224,0.2901400503860555,0.8228581036032668,0.7272727272727273,0.1738035264483709,0.7090437674999137,0.902264600715137,0.5707382614775061,53.2743371150121,64.951511568995,63.98849209594528,54.715043897777626
کویر,1401,تولیدی فولاد سپید فراب کویر,0.8826104529535383,2.184859846423117e-09,0.8757586627484859,0.8518518518518519,0.7796610169491517,0.5896460315396423,0.8382978723404255,0.7268633938304547,49.29759392500191,69.30861605498013,69.55559018124265,50.98399887537597
کپارس,1392,کاشی  پارس,0.651185886718485,0.0868254272360079,0.9124992451767108,1.0,0.910274454609426,0.9252738376407008,0.9167591564927858,0.6443453238258796,53.7673270198319,75.58954164624996,75.52905742280025,55.40700358398579
کپارس,1393,کاشی  پارس,0.707548045216801,0.5125475549482641,0.4236920470788142,1.0,0.9522237587545144,0.9252738376407008,0.934975369458128,0.7257324159508659,68.6392614501695,77.27491286310111,77.0612755798713,66.96360321747513
کپارس,1394,کاشی  پارس,0.0,1.6439380567811723e-09,1.0,0.8181818181818182,0.8782521201667389,0.9252738376407008,0.960446247464503,0.1644427147373745,35.16611457190982,59.33245924793842,58.97727129823678,38.405285988194635
کپارس,1395,کاشی  پارس,0.8745812366634849,0.4064046745807681,1.0,1.0,0.8965188364329985,1.0,0.9529298751200768,1.0,74.09756215681436,89.1304327849666,89.19236021011947,75.19195297829198
کپارس,1396,کاشی  پارس,0.8826104529535382,0.1340920353324397,1.0,1.0,0.8329925017041601,1.0,0.9510869565217392,1.0,63.03616106080964,85.00977433139848,85.02761831538929,64.58608722095094
کپارس,1397,کاشی  پارس,0.9999999718372234,2.685766663480101e-09,1.0,1.0,1.0,0.9999969020312658,0.9562157935887412,1.0,61.396305991953625,86.95265837678747,87.08321943942966,62.92815268714526
کپارس,1398,کاشی  پارس,0.999999134939714,0.0756736549178676,0.9152528514196822,0.7857142857142857,0.4975755699989719,0.9317960804788046,0.8687374749498998,0.8855720752758914,54.365980735082495,74.50401409618897,74.02232877239359,55.976212118692395
کپارس,1399,کاشی  پارس,0.999999832184136,0.6415075618255514,0.9676301172426278,0.8333333333333334,0.4358600583090337,0.1997742694984899,0.9102564102564102,0.7798384101148694,70.85775025965714,72.10249990955565,72.4564928444195,72.34862115591291
کپارس,1400,کاشی  پارس,0.999999732367365,7.868215569179061e-10,0.8992194696240108,0.7272727272727273,0.1738035264483709,0.3300024519985662,0.9117997616209772,0.6199825319490393,40.99960070879113,58.27600252584848,57.965604089864485,43.423613507703976
کچاد,1392,معدنی وصنعتی چادرملو,0.651185886718485,0.0868254272360079,0.9480527023208892,1.0,0.910274454609426,0.9252738376407008,0.946725860155383,0.6639869531067006,54.369366012154366,76.6540640223449,76.60119241685088,56.16764727267994
کچاد,1393,معدنی وصنعتی چادرملو,0.707548045216801,0.4046052432191417,0.4184969114241079,1.0,0.9522237587545144,0.9252738376407008,0.9448275862068966,0.7291798548073464,64.52989570466319,76.02694046586886,75.81503994645537,62.98584684668149
کچاد,1394,معدنی وصنعتی چادرملو,0.0,1.6439380567811723e-09,1.0,0.8181818181818182,0.8782521201667389,0.9252738376407008,0.9300202839756592,0.1644427147373745,35.041343129325895,58.952134704327875,58.62633658848524,38.289137212382194
کچاد,1395,معدنی وصنعتی چادرملو,0.8745812366634849,0.4064046745807681,1.0,1.0,0.8965188364329985,1.0,0.9289145052833814,1.0,73.99907941394872,88.83024066200791,88.91536563453909,75.10027615076152
کچاد,1396,معدنی وصنعتی چادرملو,0.8826104529535382,0.1340920353324397,1.0,1.0,0.8329925017041601,1.0,0.960144927536232,1.0,63.073306182303526,85.12299896907962,85.13209344335276,64.62066532872603
کچاد,1398,معدنی وصنعتی چادرملو,0.9999994907258924,0.0189897794393701,0.7783766406973771,0.7857142857142857,0.4975755699989719,0.9683801565939821,0.940881763527054,0.7131943831366286,49.819293756013295,71.28890087291953,70.44046139128136,50.91291028885474
کچاد,1399,معدنی وصنعتی چادرملو,0.9999997194389688,0.1379787850793966,0.8938876616590972,0.75,0.504157218442935,0.8072172225435126,0.9265734265734266,0.7318773709812623,54.22169702514594,71.89614255898249,71.3416623791694,55.811809906601184
کچاد,1400,معدنی وصنعتی چادرملو,0.9999999444237084,8.322794419858075e-09,0.6378295068172117,0.7272727272727273,0.1738035264483709,0.7090437674999137,0.9165673420738976,0.4514161652407056,39.5073596072926,57.69916235124162,56.53854057200749,40.52930855543358
کچاد,1401,معدنی وصنعتی چادرملو,0.8826104529535383,1.4594486272574945e-06,0.5562010613501527,0.8518518518518519,0.7796610169491517,0.7867145396987795,0.8851063829787233,0.3596043568312234,44.31547622176074,63.77188902577559,63.14582403671673,44.543654201401964
کگاز,1392,شیشه  و گاز,0.651185886718485,0.0868254272360079,0.7614362040918031,1.0,0.910274454609426,0.9252738376407008,0.90677025527192,0.5608900289162814,51.690500672826126,72.5332011810578,72.3270309197775,52.62302894250798
کگاز,1393,شیشه  و گاز,0.707548045216801,0.4046052432191417,0.6763781284941812,1.0,0.9522237587545144,0.9252738376407008,0.896551724137931,0.5580525181653354,64.44009636844174,76.50791569535758,76.2569642821781,64.37954076711712
کگاز,1394,شیشه  و گاز,0.0,1.6439380567811723e-09,1.0,0.8181818181818182,0.8782521201667389,0.9252738376407008,0.9056795131845842,0.1644427147373745,34.941525975258756,58.64787506943942,58.345588820684014,38.19621819173224
کگاز,1395,شیشه  و گاز,0.8745812366634849,0.4064046745807681,1.0,1.0,0.8965188364329985,1.0,0.94716618635927,1.0,74.0739262985266,89.05838667545652,89.12588151198018,75.16995053968468
کگاز,1396,شیشه  و گاز,0.8826104529535382,0.1340920353324397,1.0,1.0,0.8329925017041601,1.0,0.9465579710144928,1.0,63.01758850006269,84.95316201255788,84.97538075140754,64.5687981670634
کگاز,1398,شیشه  و گاز,0.9999996956428956,0.0189897794393701,0.7904846599773352,0.7857142857142857,0.4975755699989719,0.9683801565939821,0.9038076152304608,0.9557721152734344,52.36333147247376,74.0090484733842,73.47278801601267,53.33044189112677
کگاز,1399,شیشه  و گاز,0.9999995341475676,0.1379787850793966,0.7778534531632655,0.75,0.6084656084656058,0.8072172225435126,0.8694638694638694,0.9453725157359671,56.558599523846176,73.70438735748981,73.50369348526415,57.3129542577328
کگاز,1400,شیشه  و گاز,0.999999732367365,8.322794419858075e-09,0.999999873538283,0.7272727272727273,0.1738035264483709,0.7090437674999137,0.8581644815256257,0.6849744878263915,44.50825030738271,64.41573256001838,63.72139037767,47.22139032125506
کگل,1392,معدنی و صنعتی گل گهر,0.651185886718485,0.0868254272360079,0.789593927718346,1.0,0.910274454609426,0.9252738376407008,0.9289678135405104,0.5764458598618222,52.16100812112234,73.35709009156623,73.1584321533743,53.21958374251321
کگل,1393,معدنی و صنعتی گل گهر,0.707548045216801,0.4046052432191417,0.7864441251447738,1.0,0.9522237587545144,0.9252738376407008,0.922167487684729,0.4850138491390979,64.59131053533824,77.29095433499698,76.97868931535015,65.15082428405921
کگل,1394,معدنی و صنعتی گل گهر,0.0,1.6439380567811723e-09,1.0,0.8181818181818182,0.8782521201667389,0.9252738376407008,0.9178498985801216,0.1644427147373745,34.99143455229232,58.80000488688364,58.48596270458464,38.24267770205721
کگل,1395,معدنی و صنعتی گل گهر,0.8745812366634849,0.4064046745807681,1.0,1.0,0.8965188364329985,1.0,0.9183477425552352,1.0,73.95574700708785,88.69815612790607,88.79348802128372,75.0599383466481
کگل,1396,معدنی و صنعتی گل گهر,0.8826104529535382,0.1340920353324397,1.0,1.0,0.8329925017041601,1.0,0.9456521739130436,1.0,63.01387398791331,84.94183954878977,84.96493323861121,64.5653403562859
کگل,1398,معدنی و صنعتی گل گهر,0.999999625432884,0.0189897794393701,0.8453497565808462,0.7857142857142857,0.4975755699989719,0.9683801565939821,0.9188376753507014,0.7508763865337211,50.638815902459754,72.32154044555953,71.56402482257282,52.05288457138485
کگل,1399,معدنی و صنعتی گل گهر,0.9999998127001812,0.1379787850793966,0.780628967347581,0.75,0.504157218442935,0.8072172225435126,0.9277389277389276,0.6582155349722503,52.581001479320356,69.5742058603098,68.88972880718168,53.64759922332012
کگل,1400,معدنی و صنعتی گل گهر,0.5835243198979686,8.322794419858075e-09,0.5179307787721384,0.7272727272727273,0.1738035264483709,0.7090437674999137,0.9094159713945172,0.3740953196256538,31.911860886176147,49.938580240426056,48.88351774831019,32.718003707443025
کگل,1401,معدنی و صنعتی گل گهر,0.8826104529535383,1.4594486272574945e-06,0.6888292792516529,0.8888888888888888,0.7507846829880711,0.7867145396987795,0.8638297872340426,0.8477200864841162,50.45195891311184,71.36723971184647,71.35138234936936,50.973029796571204
کیمیاتک,1399,آریان کیمیا تک,0.9999999440702864,0.1379787850793966,0.6277995791891016,0.75,0.504157218442935,0.8072172225435126,0.9149184149184147,0.5588174852567604,50.30805039608799,66.26110811875509,65.41511852755178,50.67230457797586
کیمیاتک,1400,آریان کیمیا تک,0.999999772177009,0.0125941716936376,0.7368325992038203,0.7272727272727273,0.1738035264483709,0.7090437674999137,0.9117997616209772,0.5152617368047335,41.404242077288814,59.832600784014865,58.78751370836981,42.86618672084369
کیمیاتک,1401,آریان کیمیا تک,0.8826104529535383,1.1760876627709446e-09,0.5361455717792278,0.8518518518518519,0.7796610169491517,0.7867145396987795,0.9063829787234042,0.3466377482983652,44.11212488017943,63.62505201788008,62.955701416559776,44.24156796921333
